N,P,K,temperature,humidity,ph,rainfall,label,Soiltype
26.86565001,7.609685763,6.976126889,34.65834929,91.97685827,6.702178666,114.0191251,orange,Clay Soil
41.7316371,68.45823127,19.18194092,29.51633503,65.22209141,7.545074209,69.79447418,blackgram,Sandy Soil
34,68,51,27.34734861,94.17756725,6.687088098,40.35153141,papaya,Red Soil
118.2930079,27.16524665,33.52681171,23.35896004,59.54732106,6.440454613,121.4720381,coffee,Black Soil
67.18832883,47.75331386,45.94760647,26.67695182,81.64032058,7.852500116,279.2073233,rice,Sandy Soil
29.41864567,137.8174049,195.5962108,22.2419395,94.08134007,6.390587585,119.0174136,apple,Loamy Soil
24,45,19,26.85851927,48.8246387,5.952384957,34.7426459,mothbeans,Black Soil
75.05534939,39.91953624,31.73410808,24.93857497,78.97662036,6.850242209,166.8820958,jute,Loamy Soil
6.729545902,65.25198542,12.92337943,34.92443867,29.97159548,6.348804857,156.9687211,pigeonpeas,Black Soil
39,60,15,35.09357419,30.98685456,5.004074624,116.9106908,pigeonpeas,Peaty Soil
63.39035927,56.71510226,50.41690359,42.99589944,95.2485561,6.732128853,43.16709241,papaya,Laterite Soil
38.19143625,5,34.22710499,25.85639341,95.56423646,5.758122739,150.9193291,coconut,Clay Soil
22.88073338,43.2449329,25.40543558,25.37111271,52.71675972,4.535048174,45.39849446,mothbeans,Black Soil
33.53455597,67.2638508,18.70042964,32.77280239,60.50335171,7.58879852,74.33814696,blackgram,Laterite Soil
38.52002092,15.8140989,25.38123903,33.63885326,49.39986308,6.767381366,91.5775723,mango,Sandy Soil
100.0877402,16.94415876,45.20245942,29.57283204,94.57244197,6.178625393,24.67492579,muskmelon,Red Soil
19,51,25,26.80474415,48.23991436,3.5253661,43.87801983,mothbeans,Laterite Soil
41.02120732,144.0735454,201.3522508,37.04304099,79.98170358,5.77720067,74.47366956,grapes,Sandy Soil
25.32523354,130.4139995,196.5930065,22.41173341,90.23978167,5.767940658,97.76459321,apple,Sandy Soil
85.45739784,24.65224848,46.95296176,26.11777992,87.50304542,6.325779501,59.38825668,watermelon,Clay Soil
7.040328478,16.87601273,27.29147884,35.95273621,48.91331796,4.55944359,97.58213168,mango,Laterite Soil
44.43726138,63.92855699,55.85645685,29.84331146,91.28015622,6.758946331,231.5754463,papaya,Black Soil
41.70359767,79.07816958,24.46470258,27.99222995,63.24910057,6.802731475,67.99045105,blackgram,Loamy Soil
68.25513719,70.97080233,51.91285255,31.30688965,92.93334008,6.988485614,50.51960445,papaya,Clay Soil
67.73833018,69.99735201,53.39729186,25.53236164,92.36889477,6.811059583,53.55403176,papaya,Red Soil
88.42093391,55.76216692,49.59534457,25.61976916,84.25831481,6.130822504,235.1847651,rice,Clay Soil
112,49,25,25.68959532,77.90621048,6.470135478,66.19426787,cotton,Red Soil
15.6241232,14.08464101,6.997018906,9.959726005,90.09813601,6.192656913,118.2110472,orange,Allvial Soil
37.4076634,68.69129646,23.09892559,19.82235137,25.10110405,5.784194279,84.4953115,kidneybeans,Loamy Soil
63.27674735,57.81144197,46.4824268,26.92339626,90.79638165,6.828358844,141.8066089,papaya,Clay Soil
19,65,25,18.09551014,18.29318436,5.625096446,144.7902323,kidneybeans,Allvial Soil
94.85558577,14.74575214,48.2611013,26.94532618,89.38323594,6.74149516,23.56153805,muskmelon,Red Soil
19.73676061,140.2636728,194.7304997,10.8314748,80.42970372,6.228114933,68.5223381,grapes,Clay Soil
112.816412,35.15716719,34.91670938,26.06065307,62.15796386,6.545633887,152.1482827,coffee,Peaty Soil
41.77972253,60.71368357,20.02120504,26.11664687,60.50938565,7.440905114,68.63026146,blackgram,Laterite Soil
2.392592538,72.10670519,19.92653105,26.49474834,61.13116368,7.883903808,51.08841953,lentil,Laterite Soil
87.92251013,20.35438356,50.49722381,27.3748313,94.01079891,6.079546341,25.23015885,muskmelon,Red Soil
44,74,85,20.18649426,19.63719995,7.150681303,78.26039559,chickpea,Red Soil
26.831741,69.28764344,21.77520842,25.29180263,60.32185182,7.462555604,38.58740213,lentil,Red Soil
79.69468018,38.36728466,46.61504001,25.77892641,79.72019361,6.438846478,172.3142218,jute,Clay Soil
35.27852637,55.85964158,83.43407056,19.58621757,18.16320838,7.460731563,77.91394647,chickpea,Clay Soil
95,55,42,26.79533926,82.1480873,5.950660556,193.3473987,rice,Red Soil
16.81368223,63.34578731,18.93404005,36.77222339,58.15359247,6.102692523,125.3682392,pigeonpeas,Laterite Soil
9,139,199,23.25230817,94.54128292,5.867420996,105.3558408,apple,Allvial Soil
112.5427606,18.43194086,48.34989268,25.53141365,80.91919691,6.276874245,50.50231724,watermelon,Allvial Soil
63,44,41,24.17298839,83.7287574,5.583370042,257.0343554,rice,Peaty Soil
64.70948141,53.56806066,39.17054318,23.85070531,71.42040205,7.153059355,163.3886477,jute,Black Soil
72.04324321,44.05281168,33.8439966,25.47288301,83.29355528,5.750297463,193.6844663,rice,Allvial Soil
49,55,51,24.87212063,93.90560147,6.676578778,135.1694525,papaya,Black Soil
46.52256024,54.49379955,50.83730959,25.48577371,91.65832836,6.735869173,95.97944447,papaya,Allvial Soil
18.86901769,77.08496644,24.79185335,24.4416623,21.11336938,5.722514877,62.00646789,kidneybeans,Clay Soil
82.6733052,18.73827247,56.37093518,29.14832087,91.52759798,6.549396828,22.56620823,muskmelon,Black Soil
14.24686528,18.3880164,35.01027301,30.98287091,46.67932732,4.792539502,92.13747833,mango,Black Soil
104.4514042,29.71337373,52.10861834,25.26423778,82.45592408,6.363413197,56.45228782,watermelon,Laterite Soil
13.97564037,18.71327792,46.79906091,21.18119458,93.24527246,7.140243575,105.8688598,pomegranate,Loamy Soil
6.093860883,75.40999372,18.64328562,22.57108129,62.12986511,5.66883796,97.84261511,pigeonpeas,Loamy Soil
85.7383488,38.741559,38.27889836,25.65704187,87.54896019,6.202901044,173.4755456,jute,Red Soil
10.91679061,43.13798022,27.40392314,30.75673308,43.73340145,8.073123608,57.42972279,mothbeans,Red Soil
27.38012075,55.52771807,18.53698961,30.54792946,62.31496794,9.398904938,60.65936985,mothbeans,Red Soil
6.598735845,57.7721771,22.81529561,26.63178685,66.61946251,6.094454457,49.83991684,lentil,Peaty Soil
22,18,31,30.7645515,47.93791463,5.956027059,90.38503469,mango,Sandy Soil
31.71130711,40.83952839,20.4586215,29.46651795,86.97960931,6.348929808,53.21877777,mungbean,Peaty Soil
25.55743405,49.01369424,25.06731226,25.87209112,62.1384164,9.375995248,66.31966711,mothbeans,Sandy Soil
89,60,19,25.19192419,66.6902901,5.913664501,78.06639649,maize,Red Soil
95,12,51,25.76484262,84.1726996,6.681606702,44.22066914,watermelon,Red Soil
11.02216912,122.9113469,195.6227729,12.29183989,83.89057951,5.631131473,70.02613029,grapes,Peaty Soil
24.33950644,47.48005706,19.30180723,28.69856721,84.23479052,6.276607307,52.10108702,mungbean,Red Soil
19.10737249,122.8536218,203.2094574,23.45812997,90.50691485,5.811050359,112.9504499,apple,Loamy Soil
35.35741131,14.32174204,25.8979413,33.49952831,48.67665398,6.755704822,89.33186078,mango,Sandy Soil
17.87588001,129.2804529,202.0739063,29.17921359,82.08448516,5.643797618,71.45425714,grapes,Loamy Soil
98.21024761,26.6354515,49.7362205,25.65614748,82.47341292,6.229250521,47.38949469,watermelon,Loamy Soil
38,62,25,32.7477393,67.77954584,7.453975408,63.37784443,blackgram,Peaty Soil
110.2590191,41.19806943,17.36566405,23.64851037,78.46362266,6.071331889,81.1752264,cotton,Allvial Soil
82.22358326,58.13211165,21.79135374,19.80340976,58.54030412,6.362888575,68.66468732,maize,Laterite Soil
76.33304737,50.81784086,19.50313227,26.19703218,72.5000957,6.289178081,77.3690663,maize,Black Soil
18.11074275,66.73301529,18.04743261,31.47359257,56.89684478,5.587905146,129.9028461,pigeonpeas,Sandy Soil
32,14,37,22.73031253,88.48567856,6.825256236,104.6843243,pomegranate,Red Soil
21.7047519,56.34135054,22.39775058,28.77351694,57.77351992,8.659914619,63.14436722,mothbeans,Black Soil
132.4601098,46.23337981,23.68974636,24.47660058,79.22234516,7.24133779,89.83337993,cotton,Sandy Soil
85,53,38,24.90075709,73.84186449,6.588017308,153.8990984,jute,Sandy Soil
116.3507132,56.89799492,16.30171565,25.81194976,76.65992188,7.351093343,93.20702709,cotton,Peaty Soil
23,5,44,21.20725375,94.26304717,7.16300467,107.5660804,pomegranate,Black Soil
122.2039963,36.48187205,25.76190174,23.57586278,80.01753126,7.356258365,99.54963732,cotton,Black Soil
108.6355951,42.54330058,22.36260288,21.93538959,85.28595064,6.120039078,82.95326061,cotton,Clay Soil
93.4168756,90.91050256,47.93808239,27.73284247,82.68577378,6.114477204,117.2051431,banana,Laterite Soil
56.32568543,74.11089676,85.09089604,18.25177824,14.47090621,7.379009297,93.44312304,chickpea,Laterite Soil
27.11331074,62.14930482,16.90598293,21.00658512,20.91326599,5.570163046,134.0191786,kidneybeans,Laterite Soil
27.88526942,19.65912338,29.18935699,32.06710225,54.18759441,6.221187062,90.05575426,mango,Laterite Soil
75.07872411,36.86557666,23.29163798,24.49112762,57.78501284,6.630624796,89.01979923,maize,Peaty Soil
25.96279531,20.06246716,11.06854368,32.12930119,90.44073997,6.485658722,103.6343377,orange,Red Soil
89.46440608,51.35795458,43.09493784,25.09058182,72.51852357,7.323006271,149.4041078,jute,Clay Soil
116.9924836,41.24144594,25.78247707,25.69269663,80.54313759,6.734986412,93.67063116,cotton,Peaty Soil
32.2247195,52.78562436,52.65857135,29.39294357,92.68464806,6.566243812,62.33222493,papaya,Loamy Soil
83,94,47,27.39872329,81.10523402,6.469370954,112.1355384,banana,Black Soil
62.33530714,49.81730056,53.47559442,39.46089433,92.87932392,6.555639573,120.307146,papaya,Black Soil
63.30209512,47.24517415,18.74224877,21.61066575,60.19829379,6.721206436,95.24572034,maize,Red Soil
46.24862109,61.75286134,78.66507676,19.32992147,15.58967491,6.470521292,81.5663698,chickpea,Sandy Soil
31.13282966,140.1938466,203.4900218,21.26976896,92.4903759,5.845137754,105.9422357,apple,Loamy Soil
111.2744269,86.2189739,49.94679547,26.4241011,80.94049227,5.534522086,99.99910245,banana,Sandy Soil
25.85234238,21.69284525,29.85967768,28.99970872,91.95806331,5.979350368,148.0260066,coconut,Black Soil
52,58,16,30.64095781,61.14508627,7.167435834,71.36947525,blackgram,Sandy Soil
29.2753788,127.2863445,203.150271,22.44881141,92.12041434,6.143388599,101.4620292,apple,Loamy Soil
16.84748182,10.8058766,29.74833474,28.73946438,92.46693766,5.590993758,155.8194522,coconut,Clay Soil
54.96404872,66.49883908,18.40304554,30.84539457,68.80123525,7.706782635,63.46702952,blackgram,Allvial Soil
74.55909098,58.21787169,17.52024057,20.06270185,56.74561378,6.738513671,108.5371122,maize,Red Soil
97,22,26,23.60567546,59.68849145,6.074190142,185.1568059,coffee,Loamy Soil
17,30,27,29.03065024,90.79093862,5.894027065,205.5720367,coconut,Laterite Soil
77.44774751,52.40005339,43.96021037,23.41721111,84.21535214,7.138356711,168.2549202,jute,Red Soil
67.56970158,62.54738386,46.99061624,31.6095685,90.96483459,6.499492026,206.7161892,papaya,Allvial Soil
117.1948392,39.9929604,34.36015651,26.21513781,58.68422424,7.44198545,120.0831338,coffee,Clay Soil
35.38203483,80.94431119,19.49186164,33.64613365,48.6249207,7.06278441,102.0052484,pigeonpeas,Black Soil
82.59610179,8.199772849,50.7540073,26.72915744,86.4822799,6.364410378,52.1020656,watermelon,Red Soil
24.60685281,57.251242,17.89192258,24.21969479,57.63292185,5.23508285,61.15952237,mothbeans,Clay Soil
28,37,28,32.13409675,50.52559148,6.097869767,98.63333684,mango,Red Soil
61.44494828,53.51834456,40.24824512,26.47420768,80.9564465,6.364172216,222.9171105,rice,Clay Soil
37.18689134,72.98862625,14.98893614,24.78981095,18.5247348,5.598348332,65.83967762,kidneybeans,Red Soil
36.35103135,17.54037658,25.68417855,32.00691576,51.35258545,5.244005763,96.51018693,mango,Allvial Soil
58,75,25,25.25596239,61.36669662,7.261791753,68.64685069,blackgram,Loamy Soil
93.02875356,26.88931495,26.94837015,24.63112593,56.71882169,7.282050802,138.2331599,coffee,Peaty Soil
7.099175301,56.57976481,24.53692837,24.84115767,45.16736452,5.045385378,187.3267344,pigeonpeas,Laterite Soil
83.22612,43.56834139,19.77073707,18.79276935,58.03045588,5.707780094,79.14081581,maize,Red Soil
15.06913571,5,37.57386581,24.91427372,85.83094736,5.883534816,104.9548757,pomegranate,Laterite Soil
58.40791383,72.78159566,85.11699239,18.23703372,14.69900182,7.363704173,90.50899389,chickpea,Laterite Soil
22.20225299,22.8381518,40.60693296,19.70809351,91.5589915,6.896712089,105.9765977,pomegranate,Sandy Soil
26.26532722,80.24225887,21.66229275,28.23783676,61.4667792,7.781643511,47.47816218,lentil,Loamy Soil
26.32303499,71.27398057,20.69570754,19.69763685,32.19194302,4.616646592,176.1317924,pigeonpeas,Red Soil
115.3345166,10.04006331,46.95580617,24.63183591,90.78752283,6.636166921,38.13286811,watermelon,Sandy Soil
33.61046399,53.97449783,23.70374984,31.11070685,41.82959057,5.02388246,71.1082234,mothbeans,Loamy Soil
22.0842237,139.6755065,194.0670076,27.97518965,83.00561138,6.2471418,74.97706209,grapes,Peaty Soil
15,125,199,18.4269936,80.55625868,5.569230319,69.75734306,grapes,Black Soil
3.198555204,71.66327912,18.786361,26.35931366,61.73375979,7.814163597,51.23991774,lentil,Laterite Soil
34.48288023,14.69581173,43.31138797,23.25033823,92.76993407,5.800296993,107.6958316,pomegranate,Laterite Soil
40,49,17,31.02215872,45.89239456,6.68727523,53.56783314,mothbeans,Laterite Soil
13.10599834,42.1092373,24.73428508,30.96792754,41.44717827,8.039110828,57.73283241,mothbeans,Red Soil
50.81511713,47.50078411,46.19196273,24.71534585,91.35952396,6.692843569,217.2309602,papaya,Red Soil
16.40680241,61.83063206,18.3238493,31.00119874,31.51578108,7.127359105,180.2603928,pigeonpeas,Loamy Soil
93,47,37,21.53346343,82.14004101,6.500343222,295.9248796,rice,Black Soil
22.73414216,42.14670727,16.44757502,27.0832801,87.51422169,7.110348219,49.67305626,mungbean,Loamy Soil
13,126,204,23.1094265,92.79630809,6.383180271,108.183792,apple,Black Soil
89.82058397,24.52799381,25.68338873,24.69006779,66.67428285,7.508186165,179.3045295,coffee,Loamy Soil
74,55,19,18.05033737,62.89366992,6.28886807,84.23613484,maize,Peaty Soil
8.979110103,135.5960085,199.8391889,41.76640024,82.72729167,5.594304262,74.6156049,grapes,Red Soil
17.46248539,10.33116412,41.3039217,24.81412558,86.84040502,6.748720025,103.906026,pomegranate,Peaty Soil
98,53,38,20.26707606,81.63895217,5.01450727,270.4417274,rice,Allvial Soil
11.05011282,49.43440547,14.34481335,30.83772923,42.01474768,7.627197173,54.61894748,mothbeans,Red Soil
16.90688732,79.20637826,20.09635315,20.10024913,22.19261822,5.889975265,139.6314568,kidneybeans,Loamy Soil
20.86097375,35.85668847,24.84546428,25.40241251,57.61195354,6.132182328,59.15518985,mothbeans,Sandy Soil
93,85,49,27.96799119,79.28625709,5.694243847,119.4765557,banana,Sandy Soil
84,7,51,26.81530456,87.65694462,6.399669044,55.74073582,watermelon,Red Soil
6.813167221,138.8936177,199.8225036,25.77027884,81.60206829,6.252200918,70.79681054,grapes,Laterite Soil
2.248350906,23.53363167,26.70682155,29.47594566,95.95994119,6.065147486,216.8127458,coconut,Red Soil
85.91357077,50.72686463,40.2575975,24.11167881,87.85555283,6.856511217,153.3798015,jute,Black Soil
37.10955087,38.99686942,29.56199447,31.89956439,45.33930872,5.432276767,89.37603339,mango,Sandy Soil
49.08050822,46.6036577,46.88414099,24.79100893,90.72311475,6.720949755,217.0576472,papaya,Red Soil
60.13425821,36.99022947,17.59875362,18.39851807,63.71051246,6.475764847,77.15314895,maize,Allvial Soil
88.3725639,58.26789767,24.24671092,18.90390824,71.6599362,6.145956134,79.73773523,maize,Red Soil
15.55553666,58.55227428,25.1518832,31.0119042,43.05962506,6.423807768,31.19723038,mothbeans,Peaty Soil
92,35,40,22.17931888,80.33127223,6.357389366,200.0882787,rice,Peaty Soil
23.27050002,40.89593092,20.69364895,27.77160264,81.54780371,6.233928919,46.96620325,mungbean,Peaty Soil
37.24796565,50.98667493,24.49132113,29.64621301,88.73061794,6.51273402,52.59770169,mungbean,Peaty Soil
84,51,35,22.30157427,80.64416466,6.043304899,197.9791215,rice,Loamy Soil
21.63393904,61.40553446,17.31397676,24.96622211,69.04655108,6.57862954,44.13848817,lentil,Clay Soil
6.461156043,5.298169578,5,21.42720045,92.39909045,7.816980623,111.7962385,orange,Laterite Soil
25,76,17,31.74105409,68.63525428,7.241148507,62.3061735,blackgram,Peaty Soil
66,58,35,23.5643831,79.46283115,7.321619041,185.25947,jute,Red Soil
93,41,17,25.6217169,66.50415474,6.047906679,105.4654703,maize,Clay Soil
90.36590855,23.62011251,57.22098917,28.5035802,90.28513139,6.14181136,27.36458575,muskmelon,Peaty Soil
25.73913255,70.1453834,15.17578657,19.27425995,19.26001073,5.78981834,108.2582664,kidneybeans,Loamy Soil
84.81066183,6.705482211,55.28351259,27.13477949,87.28324645,6.406980451,56.39042247,watermelon,Red Soil
39.32786256,57.18378581,85.56978185,17.89636291,14.96701472,5.967030226,69.87023913,chickpea,Clay Soil
40,30,35,20.89273273,91.07776977,6.269663963,104.4407083,pomegranate,Allvial Soil
38.03375969,26.04034663,30.36301828,33.54995875,54.61784818,4.78083325,100.6483205,mango,Loamy Soil
23.54541111,46.33706688,19.21703946,26.91305088,49.06682168,5.970990528,34.88786085,mothbeans,Black Soil
37.85334662,50.01018111,26.12254916,30.17560331,85.64507484,6.448189994,43.37675583,mungbean,Clay Soil
7,63,24,22.95458237,24.03553105,5.858617867,107.7315386,kidneybeans,Black Soil
2,61,20,22.13974653,23.02251117,5.95561668,76.64128258,kidneybeans,Black Soil
54.25041915,68.23290758,51.6889513,35.89933096,94.38401983,6.578647439,140.8947203,papaya,Allvial Soil
81.49596408,39.009293,47.58408486,26.21035798,81.32997139,6.67180342,180.5046282,jute,Loamy Soil
69.7072097,48.39571645,16.46314477,24.89433551,70.32415012,6.567882019,102.7780037,maize,Sandy Soil
56.07805423,57.63028528,18.50402691,28.61913416,65.20495058,7.365334302,64.78225192,blackgram,Peaty Soil
91.63058766,6.593461046,52.63288495,25.03316149,81.34874241,6.360025243,60.56227856,watermelon,Laterite Soil
68.47229905,59.69754038,37.9228252,23.48671616,81.12080336,6.313803033,222.2526887,rice,Allvial Soil
1.195775957,74.47208071,17.71749965,28.03988793,53.06596268,6.025023581,148.8370541,pigeonpeas,Red Soil
59.18951207,58.82924798,14.58484243,28.61035202,66.48493182,7.34653429,62.55735348,blackgram,Peaty Soil
25.5748812,63.98556217,20.91764695,33.11096603,32.26873075,4.799296942,103.6254277,pigeonpeas,Red Soil
23.15251234,13.33128339,34.70711779,29.35128245,92.36930497,6.392542708,218.7414387,coconut,Sandy Soil
31,53,16,28.7420098,85.81675947,6.452006451,48.54598575,mungbean,Loamy Soil
11.22135341,70.37305299,17.99261952,19.61046889,65.81557993,6.143415421,171.9317909,pigeonpeas,Clay Soil
14.62668524,56.7619859,25.4822679,28.00194351,86.45825096,6.827830529,49.31044019,mungbean,Clay Soil
55,66,22,30.91219459,68.79427388,7.747775263,66.63830637,blackgram,Allvial Soil
1.825331643,77.43379591,20.64714219,23.97587205,47.28504019,6.669757968,178.7854101,pigeonpeas,Loamy Soil
9.596397151,21.33164661,35.08972258,32.29709266,53.28929473,5.87439355,97.64377099,mango,Red Soil
23.28275479,22.83621151,48.4334932,20.37080625,90.27891785,6.147399996,106.6459816,pomegranate,Clay Soil
89.68003095,85.05136059,49.77945448,25.76441398,81.650275,5.815542303,119.3656346,banana,Peaty Soil
28.64135809,67.55097223,22.752988,21.53405791,25.72276532,5.979327529,118.5238655,kidneybeans,Laterite Soil
91.86579295,55.29709823,15.12986306,17.99714545,73.10614486,6.364370973,80.64460156,maize,Peaty Soil
22,133,201,23.81995682,80.12211649,6.00299607,67.2739864,grapes,Loamy Soil
6.221509882,62.23919174,20.35118794,20.27850147,18.62757309,5.797961114,123.9146474,kidneybeans,Allvial Soil
34,9,36,22.8122645,86.34233767,6.276038961,110.4432293,pomegranate,Clay Soil
114.1072641,48.21782394,14.76454085,25.39069295,83.98931117,7.185103977,87.69214586,cotton,Peaty Soil
7.861577719,23.32863783,37.78014228,19.79225577,88.46167292,7.000313971,101.6905052,pomegranate,Sandy Soil
26.02443746,57.57170856,18.89118527,17.11753029,19.57076562,5.588178084,88.71497589,kidneybeans,Peaty Soil
20,79,77,18.54988627,16.02542689,7.64867466,76.32565249,chickpea,Red Soil
12.65434819,5,7.701220345,23.80940852,89.26734223,7.472074448,102.7733454,orange,Clay Soil
81.84036854,24.14137082,34.25694655,26.35791552,66.91298901,6.833694862,120.497928,coffee,Loamy Soil
13,75,20,30.55992394,35.29006485,6.979540061,178.8998611,pigeonpeas,Peaty Soil
50.11187352,54.2777402,16.23055558,28.81415785,65.08838727,7.585809151,64.42461125,blackgram,Allvial Soil
7,45,22,25.50634557,44.8302551,9.926212291,74.32635105,mothbeans,Laterite Soil
33.88102028,29.80785445,35.41242562,31.25155816,50.31788565,5.445963241,90.14533532,mango,Black Soil
25,57,19,17.15432954,19.87070659,5.566522896,87.99669731,kidneybeans,Peaty Soil
30.88940268,77.93678552,12.90237902,24.10530203,20.88765603,5.720465499,82.19255096,kidneybeans,Sandy Soil
24.00072898,26.39962754,33.90897631,29.09785474,94.51948583,6.234636157,140.7321773,coconut,Loamy Soil
11.67555227,58.97388917,22.01010153,28.78747885,87.84138999,7.142726809,36.63584062,mungbean,Clay Soil
50.03058066,56.72869397,19.2902348,27.99663023,63.83213831,6.743926795,70.58518674,blackgram,Clay Soil
30.19889239,28.65254099,29.91445296,26.53857474,90.45661216,5.601840445,176.6931483,coconut,Black Soil
74.35767945,45.79449271,43.98804549,25.92791489,88.89871922,5.996913889,187.9859446,jute,Red Soil
95.81348554,23.68395351,46.73175968,27.73944908,91.32793805,6.257490289,21.92635687,muskmelon,Red Soil
24.47023177,143.5820916,197.3580382,22.68727363,92.02952373,6.035515962,108.5542779,apple,Peaty Soil
36.30274917,55.18634742,20.88936953,25.55227655,49.42198059,7.470619386,32.52850637,mothbeans,Loamy Soil
17.50234793,57.75478448,78.39964761,18.07372335,15.81235392,6.398501431,91.23508083,chickpea,Laterite Soil
3.68154788,35.72382395,22.3458538,27.50356,86.10561505,7.027103409,45.86364267,mungbean,Allvial Soil
78.78397839,42.23368332,38.94809932,21.74742859,79.93907319,7.047804155,209.804237,rice,Black Soil
4.487979876,45.59983241,17.03656473,26.17934633,65.06513146,4.183321023,74.03030376,mothbeans,Clay Soil
39,139,201,41.18664903,81.01783402,5.539980812,68.68895899,grapes,Peaty Soil
92.10405522,76.96589568,56.71321084,27.29084827,75.36897029,6.256417801,111.3452694,banana,Laterite Soil
33.65566464,28.90907843,7.051110224,32.01935566,91.84963629,6.441443017,103.4314158,orange,Clay Soil
28.53025666,69.82454761,80.12832791,20.27939976,20.5610179,7.312226269,70.7206124,chickpea,Allvial Soil
37.51686402,9.20529629,41.80115608,24.30799324,85.87213962,5.768114468,107.680136,pomegranate,Black Soil
111.6441969,27.98256698,49.12599966,27.85575506,93.05818016,6.563819642,26.05223955,muskmelon,Allvial Soil
1.372909954,76.46861928,20.69418347,24.22926134,45.96712361,6.64877326,175.0899748,pigeonpeas,Loamy Soil
4,19,43,18.07132963,93.14554876,5.779427402,106.3602023,pomegranate,Laterite Soil
18,58,16,21.47607807,38.80023714,4.962661422,180.382234,pigeonpeas,Black Soil
24.88386834,129.3545706,195.1223352,18.08134431,81.49496897,5.785619365,72.20543737,grapes,Sandy Soil
35.8934826,68.0333291,75.13880465,18.35476892,18.956454,7.116060701,78.16829516,chickpea,Sandy Soil
23.02140805,43.30771519,26.3216835,25.34091285,52.51570619,4.534875331,47.93444675,mothbeans,Black Soil
10.20930823,48.24297901,22.90324528,27.78157473,87.01162502,6.430182529,48.78639411,mungbean,Peaty Soil
37,30,34,27.53907547,53.63549533,6.797779227,99.35408185,mango,Black Soil
25.85794174,30.94828186,10.3388542,32.30166536,94.4908611,6.579158959,113.39171,orange,Red Soil
101.3557434,58.57417616,39.44441056,23.22571634,87.03302948,6.639009899,157.2202008,jute,Loamy Soil
78.32090837,58.35462811,18.71589826,22.67202634,58.08674177,5.767044344,103.2044775,maize,Loamy Soil
82.7683151,25.30271539,54.44620152,26.63229877,80.55462762,6.062706663,58.46604186,watermelon,Laterite Soil
116.1397326,28.45493803,49.02049021,25.01137676,87.51272487,6.755571529,44.78022372,watermelon,Red Soil
68,57,43,26.08867875,80.37979919,5.706943251,182.9043504,rice,Black Soil
95.84030647,15.91018412,55.75496551,25.1733315,87.76347238,6.622234621,43.21323975,watermelon,Red Soil
104,23,47,26.98212846,86.70068316,6.770434148,42.91292205,watermelon,Loamy Soil
1,124,199,23.71059131,93.27392415,5.658473817,112.6676589,apple,Loamy Soil
37.23823224,17.91189436,29.00874786,27.47456082,99.75342703,6.381935245,157.5537449,coconut,Loamy Soil
87.78766348,76.43515774,52.32732039,29.03003882,81.04717061,5.951840629,89.83155266,banana,Red Soil
40.43032876,5.168348351,29.28372526,28.46857462,98.60548618,5.780006534,160.282439,coconut,Allvial Soil
53.77542888,77.779163,85.06801524,16.96938822,18.29993366,7.824891751,81.98996532,chickpea,Sandy Soil
76.92512611,33.63869833,42.64125975,26.34673032,84.20660128,7.064608685,181.6257494,rice,Clay Soil
81,45,35,26.52872817,80.12267476,6.158376967,218.9163567,rice,Sandy Soil
25.97943939,59.7891278,18.44597963,26.71793834,62.9274178,7.058366666,67.26781571,blackgram,Allvial Soil
90.40538214,8.427974404,49.04488381,29.54933786,90.54558629,6.671209984,28.93704127,muskmelon,Clay Soil
31.67423834,23.36863505,43.2245829,20.13751068,86.81620731,7.109193316,112.011337,pomegranate,Red Soil
29.26784363,143.5224783,195.5543345,23.66167356,89.97566862,5.784322294,103.6270069,apple,Red Soil
5.286644532,19.47675342,40.98578314,24.239063,93.35773274,6.55800153,104.0020481,pomegranate,Allvial Soil
65.55507931,58.86806608,19.46161361,25.64753605,73.01983746,6.615055233,103.6144286,maize,Clay Soil
87.23350073,50.51532961,38.6155932,23.92232594,89.0563412,6.86784048,155.3348997,jute,Black Soil
31.47455342,130.0094106,197.6008044,21.86498853,93.09648958,5.53932744,119.6040902,apple,Clay Soil
37.04496909,72.91698701,21.40602435,34.03836868,63.92583415,7.768387321,71.13492187,blackgram,Clay Soil
0.333619595,121.565708,203.4604883,22.31545805,90.35031247,5.749013792,126.3656504,apple,Black Soil
19.02951707,121.362409,194.3094289,18.94712668,80.17239755,5.940607796,73.12591905,grapes,Allvial Soil
116.2681653,30.78179996,34.46617105,27.76513,63.47296751,6.127079495,180.8481002,coffee,Peaty Soil
7,17,26,34.89226666,48.75613373,6.414526606,91.63074547,mango,Red Soil
14.34668841,9.240437079,10.97925797,11.59692147,93.73941519,7.924753673,106.8256407,orange,Allvial Soil
32.16362064,134.5320628,204.356814,21.25872217,94.74999961,6.101048493,115.4045977,apple,Loamy Soil
37.71390503,19.80353463,31.36627035,34.71082018,48.65532335,5.860668075,90.13080155,mango,Laterite Soil
60.31409367,37.40065256,20.08165849,18.33487245,62.56775557,5.985521378,67.81657454,maize,Black Soil
6,124,200,22.98208095,93.84505029,5.971332179,109.5852253,apple,Clay Soil
69.01855175,54.97599642,41.14401809,22.64031162,84.01458208,5.688444697,273.0658557,rice,Laterite Soil
7.33470746,79.16179273,21.85022539,19.69689702,20.15995652,5.871685932,95.1570737,kidneybeans,Red Soil
104.7396119,29.03469776,49.43937897,25.49208435,81.41572956,6.383007496,53.87968935,watermelon,Laterite Soil
73.89967947,34.15604275,23.50815374,22.15256499,60.80378522,5.805653382,67.07769513,maize,Black Soil
29,70,15,30.33499674,63.54718862,6.872594461,74.16699119,blackgram,Clay Soil
4.11493221,16.02396997,31.37622932,35.76750984,48.12416837,4.526250887,97.15208763,mango,Laterite Soil
28.72638008,121.0970714,201.4432691,37.99600927,83.38957759,6.241575325,65.96234295,grapes,Sandy Soil
14,140,197,23.35225078,90.90054697,6.071255131,113.0381382,apple,Allvial Soil
110.1992837,5,52.75979427,30.13303394,93.91210443,6.136409263,20.97095211,muskmelon,Allvial Soil
9.029989721,9.380129899,27.47533563,29.17236258,94.77134121,6.290740033,149.7371758,coconut,Black Soil
27.06117859,79.58289369,27.47294301,28.56976166,61.33211027,7.822395223,47.76368593,lentil,Loamy Soil
81,53,42,23.67575393,81.03569343,5.17782304,233.7034975,rice,Black Soil
23.60366012,52.97054761,17.60526335,29.22001748,89.40346345,6.433821824,56.79607433,mungbean,Red Soil
43.96782141,57.5015253,51.71317742,42.36127821,90.48237655,6.899241214,73.43201332,papaya,Clay Soil
41.96549954,8.068480233,41.07778093,24.19858765,84.84286965,5.774160576,106.8000374,pomegranate,Black Soil
24.43030387,119.8905442,200.4886685,30.67155888,82.79293427,5.586509774,71.24830473,grapes,Peaty Soil
13.73977046,73.75550729,14.64313692,27.75544875,66.18258882,6.519111961,50.06202916,lentil,Clay Soil
41.04942507,142.1551498,202.9541258,36.5541707,80.14865447,5.771740712,69.61741617,grapes,Sandy Soil
30.82667312,6.020957505,14.82047159,33.19506965,91.11905409,7.819621216,114.5422651,orange,Allvial Soil
17.43171874,17.89318729,41.6930253,24.66770768,91.2635391,5.849440667,104.4266503,pomegranate,Clay Soil
119.3819392,47.99696539,14.14231807,23.51458524,80.10214257,7.742158719,73.55428736,cotton,Sandy Soil
68.15125901,71.66859713,55.25541801,31.34901717,92.77324724,6.956488646,57.8912692,papaya,Clay Soil
9.638010859,78.11198904,24.46072068,16.06519836,19.63741793,5.979875035,88.66630965,kidneybeans,Clay Soil
97,29,27,27.74576987,54.36976075,7.205078785,139.8619431,coffee,Red Soil
101.5923362,73.76786126,49.71927233,28.55320748,78.71034404,5.683192382,103.6340162,banana,Allvial Soil
108.3637664,9.942532345,52.40594293,26.64142549,88.44251238,6.523314096,44.84549623,watermelon,Clay Soil
82.69749598,39.97728159,45.25764246,26.05812696,81.51368912,6.618466347,176.0922025,jute,Loamy Soil
3.172658215,77.56112644,23.0908803,21.35477337,66.46790352,7.313109941,43.04054781,lentil,Black Soil
89,25,50,27.04863538,91.34685096,6.375923383,25.08146686,muskmelon,Laterite Soil
33.04651483,58.99182651,23.65731156,35.24255714,69.49972068,5.285069632,109.6937813,pigeonpeas,Clay Soil
90.33165783,59.87610558,17.70992743,24.96889268,67.7306235,5.895107003,79.51314812,maize,Red Soil
113,6,52,27.76317235,90.35567642,6.740983646,25.21609113,muskmelon,Black Soil
17.23157842,80.03419494,20.75178608,31.08557837,56.14290874,7.316668093,122.9698218,pigeonpeas,Loamy Soil
113.8648974,36.68846544,18.92390556,24.94099376,78.40970295,7.388488923,97.08749983,cotton,Loamy Soil
76,44,17,20.41683147,62.5542482,5.855442401,65.27798457,maize,Sandy Soil
99.51685389,6.082996742,46.80508417,23.91392045,84.90223943,6.676822126,48.41313457,watermelon,Loamy Soil
3.854091408,42.35886375,19.67839554,28.11800523,82.89040627,6.620432509,40.62919942,mungbean,Red Soil
82.8870006,40.3899526,43.041833,24.88959512,90.1421656,7.189912565,169.2110141,jute,Loamy Soil
117,82,45,25.29391516,79.29122198,5.614471478,105.4220251,banana,Clay Soil
23.98326127,27.59864456,27.26821401,27.83960747,44.85229362,4.971524521,90.65586585,mango,Black Soil
89.02942416,53.45382763,39.33931579,24.66130833,83.93966021,6.680928574,231.5721519,rice,Black Soil
39.80100231,61.53539082,15.73837342,35.12229222,32.37229889,4.98578208,116.0326793,pigeonpeas,Peaty Soil
53.25257682,59.9551714,78.92446756,19.42272402,17.41288319,8.390477114,75.3417187,chickpea,Laterite Soil
37.61019235,17.71074125,31.16828703,34.71850925,50.12046839,5.854352938,90.52258311,mango,Laterite Soil
31,37,21,27.23924995,86.404241,6.713410626,37.31236904,mungbean,Peaty Soil
57.74932898,65.86494237,76.32598779,21.20159344,19.49136111,8.713468873,93.80158633,chickpea,Clay Soil
104.2269744,18.37918378,45.38120295,25.57508764,80.48144171,6.126486002,44.53628442,watermelon,Clay Soil
7.719536172,122.372304,200.0756284,29.82327017,82.11438626,5.567947512,68.43164783,grapes,Sandy Soil
79.94893456,79.57882274,45.56277581,28.70888022,81.22073088,5.866739409,98.67561346,banana,Allvial Soil
19.69753929,39.42155184,13.93016029,29.85417737,88.50730174,7.238517363,45.13779721,mungbean,Loamy Soil
5.945857601,126.8752174,197.7959967,12.78712796,81.73948606,6.397152607,67.09557699,grapes,Red Soil
33.8002054,136.7706747,194.9035686,22.33370098,94.49472879,6.386443652,121.3250624,apple,Loamy Soil
17.305333,64.49837419,17.20232238,36.84539822,57.14591317,6.085771818,126.6413634,pigeonpeas,Laterite Soil
26.55176785,78.86381299,20.57807185,29.59689944,69.90554339,6.772779293,63.45871374,blackgram,Sandy Soil
52.30645302,58.50272407,15.77093809,30.47925402,60.74509972,7.157416859,67.80775043,blackgram,Sandy Soil
69.82977714,55.91119854,35.10443885,22.88889523,83.07332512,5.678510244,271.4157304,rice,Laterite Soil
67.84802312,35.14327869,22.32678426,23.45638018,62.72048745,6.394635421,112.239666,maize,Sandy Soil
99.4580923,14.89795218,26.59168427,27.51087857,55.82990029,6.091767285,125.1219122,coffee,Sandy Soil
84.26614046,18.56099561,52.68467776,29.87100479,90.40982895,6.088766399,22.50512949,muskmelon,Clay Soil
60.18239484,54.81893374,45.3528416,21.44088523,83.6576589,5.932380778,287.5859873,rice,Allvial Soil
29,11,5,23.13338811,91.94670335,7.639788459,104.4224145,orange,Clay Soil
24.42986941,66.54063545,20.92034704,20.22460357,21.62646261,5.591224645,101.5010079,kidneybeans,Allvial Soil
22,17,5,24.12188673,90.72351622,6.945562889,102.835632,orange,Allvial Soil
82,40,45,26.21312799,81.70476368,6.667633355,180.1237765,jute,Loamy Soil
70.75637724,37.09254535,33.42002482,24.47971316,79.45597229,7.037659252,165.5569527,jute,Peaty Soil
103.3924864,16.75926058,35.59719492,23.44457339,67.71593898,6.740540874,168.8638848,coffee,Clay Soil
43.70088201,68.42191105,20.08138912,29.55686425,66.45853064,7.491585009,67.61989582,blackgram,Sandy Soil
5.274318421,63.9548105,17.08998706,34.72862262,30.65278072,6.33539875,156.8489342,pigeonpeas,Black Soil
26.85563153,66.71992473,23.43120921,24.31857883,18.56258197,5.847290949,117.0901424,kidneybeans,Black Soil
0.458982132,16.42847866,14.71171993,30.07106836,91.85459628,7.205850939,114.2585241,orange,Peaty Soil
54.64376802,78.08080191,21.83943845,31.06883561,63.38258374,7.724284313,65.08511471,blackgram,Sandy Soil
104.1275367,74.07441918,46.31648505,25.05770498,81.97317042,6.130058842,120.6402396,banana,Black Soil
55.06541361,50.38328546,52.67495108,32.93685605,92.55229907,6.772703824,89.10671376,papaya,Loamy Soil
37.308488,36.60988634,19.21654835,27.86571362,84.73945485,6.577283785,35.07362272,mungbean,Black Soil
27.91634232,32.31893115,35.10911878,25.02251683,95.8606456,6.031131629,162.9768856,coconut,Red Soil
5,23,15,25.66901098,92.04670813,7.408939392,112.5424199,orange,Laterite Soil
17.7029944,79.33960991,19.73810309,20.06267193,68.39655651,6.696355737,41.42127814,lentil,Loamy Soil
9.057608882,28.50177772,31.69787275,29.12472259,45.48215112,5.744473651,101.1459498,mango,Red Soil
17.22209651,75.85394177,19.77304044,18.66326049,24.05802887,5.666358658,89.14052789,kidneybeans,Allvial Soil
77.28890388,43.02323888,37.80034685,21.51145304,79.18577807,7.101961974,209.468039,rice,Black Soil
70.54632012,48.13833428,41.64537224,20.45637563,82.51258587,7.212721226,191.3833459,rice,Clay Soil
24.90770745,69.58539485,15.11173585,19.27377664,17.82263373,5.818760271,108.0645816,kidneybeans,Loamy Soil
14,67,22,23.82576704,24.75485098,5.624690248,84.64143632,kidneybeans,Sandy Soil
68,70,54,31.29986342,92.76039164,6.986228647,54.77830202,papaya,Clay Soil
21.46808579,59.34404248,23.7380252,27.05963236,50.97745516,4.384635862,40.27245849,mothbeans,Loamy Soil
24.40199257,55.88570991,20.69766251,18.82854432,21.20930156,5.532537753,94.70834322,kidneybeans,Peaty Soil
90.62730083,47.89597504,20.818861,25.07684659,67.89924232,6.458588448,74.98507222,maize,Peaty Soil
9.018279813,57.85677451,24.62166612,30.50928838,60.9090164,7.687851144,35.09908941,mothbeans,Sandy Soil
29.40063939,19.97089215,38.88283567,22.39779599,92.27228932,7.009269996,110.3412278,pomegranate,Peaty Soil
106.0997634,92.6652233,47.99694614,27.30768561,84.44372544,6.39014626,89.41337534,banana,Peaty Soil
105.5562955,85.80775132,52.02578016,27.2145487,79.1972194,5.936756956,99.64359862,banana,Loamy Soil
8.454694153,26.65949209,35.71865568,18.63372057,88.36199384,6.787031917,103.3240563,pomegranate,Laterite Soil
100.6546036,44.60222282,17.63912578,24.30529254,76.7187444,6.440818093,66.83152381,cotton,Loamy Soil
79.5359744,46.60230982,43.3501927,25.86910519,80.08404336,7.196579978,188.0196375,jute,Sandy Soil
32.04635467,128.2791476,203.0488892,16.22021305,82.71252076,6.496608367,70.09580734,grapes,Red Soil
75.13442228,56.02232594,43.90731188,25.28070005,76.49409887,6.662070718,194.4741027,jute,Red Soil
67.27491673,68.88027436,47.99932556,23.68117028,93.01725995,6.900262136,87.51482534,papaya,Black Soil
72.19973874,45.89821345,34.34929467,25.33392317,83.32131679,5.739023533,194.3420666,rice,Allvial Soil
114.0741811,38.25400379,19.54803682,25.17928655,79.39491089,7.351475394,98.88385762,cotton,Loamy Soil
76,56,39,24.39459498,89.89106506,6.551130445,197.1220049,jute,Allvial Soil
80.46382698,18.85142526,50.50270634,28.02459803,92.2308387,6.672765637,21.46121002,muskmelon,Clay Soil
19.59177479,29.12834442,29.32067057,26.77099629,93.2679145,6.398893235,223.4817162,coconut,Black Soil
10.98711198,129.2447251,205,22.28288333,90.37323433,6.121857469,120.2494064,apple,Clay Soil
36,25,33,27.98392787,53.33018851,5.548584852,99.61465679,mango,Allvial Soil
87.83018753,24.64094484,50.34116398,27.24793605,90.48011969,6.380802991,26.83125384,muskmelon,Laterite Soil
38.11058928,40.99228785,22.94313705,29.33010296,61.30852445,8.059843727,39.67131087,mothbeans,Laterite Soil
120.579097,43.12048359,15.31752317,22.10261043,83.0599501,7.071550143,59.7269418,cotton,Sandy Soil
10.51569239,66.40641138,22.21643477,25.49013601,63.05029337,6.561347635,46.07591014,lentil,Allvial Soil
58,73,16,33.36984395,65.67718163,6.874142175,64.89517488,blackgram,Red Soil
29,138,197,22.19055385,92.43764169,5.830892252,121.6622761,apple,Peaty Soil
118.7563557,5,56.2939288,29.89988894,94.01652967,6.164884167,24.70082401,muskmelon,Black Soil
25.5444391,9.411680274,32.76252259,25.83465647,94.87710811,6.452278468,141.6736034,coconut,Peaty Soil
31.89589448,68.24458086,20.63008899,24.20539443,20.29007659,5.475774903,149.0331236,kidneybeans,Allvial Soil
28.2072635,76.70330242,21.53231718,24.45348801,51.45298758,5.989342523,113.9552274,pigeonpeas,Peaty Soil
8,139,199,29.36947679,81.53996362,6.336426667,66.13442813,grapes,Loamy Soil
31.7850031,80.47217105,75.86061828,17.67347092,15.15117067,8.488908288,92.88405141,chickpea,Laterite Soil
115.5493894,27.66342786,33.3833907,23.40147345,59.97432891,6.393136742,123.5553639,coffee,Black Soil
90.96231552,11.54191542,46.77679816,24.74775727,85.56628049,6.337053771,47.04797908,watermelon,Peaty Soil
38.79126193,126.8019181,202.931204,15.00409078,82.50179099,6.480860243,70.95260673,grapes,Black Soil
34.73978739,135.0052211,205,9.63882863,83.28454246,5.855832683,64.18905972,grapes,Red Soil
103.8920621,18.02639101,30.0563458,23.72761912,60.68167349,6.774388494,142.0062109,coffee,Peaty Soil
21.4146389,79.33847457,20.20324288,23.36120055,19.88050841,5.679400367,100.8671266,kidneybeans,Loamy Soil
108,33,31,23.69287069,66.76090123,7.393825704,144.6576424,coffee,Sandy Soil
0.183141011,26.30633154,37.59379186,23.71831958,93.64519282,5.611661855,102.7571875,pomegranate,Black Soil
16.56441465,59.94733975,16.23115196,18.48212833,24.07849066,5.719314768,133.8293863,kidneybeans,Sandy Soil
69.04648624,58.30656954,43.10759765,21.82593198,81.23319146,5.972337996,214.0328527,rice,Laterite Soil
95.83909906,28.86489735,51.28180986,29.26388384,92.19323651,6.634096444,26.6695477,muskmelon,Loamy Soil
75,41,35,24.97042599,78.62697699,6.856833064,166.6415254,jute,Loamy Soil
14,139,197,21.72484506,92.83975602,6.056529526,121.6961761,apple,Clay Soil
94,50,37,25.66585205,80.66385045,6.94801983,209.5869708,rice,Laterite Soil
110.4863932,85.76076501,49.1955701,26.43887701,82.19422469,5.591654033,99.25514244,banana,Sandy Soil
116.3659716,56.10386896,17.48971774,26.12470141,78.73727355,7.378181701,89.86825291,cotton,Peaty Soil
68.92049138,58.88428639,36.75685505,23.51989053,81.35001154,6.311888875,220.0106834,rice,Allvial Soil
89.48000795,30.31268574,49.8911161,24.6367125,87.93521481,6.117626559,51.70711106,watermelon,Allvial Soil
19.04005576,57.51402762,24.56788968,18.98808396,18.78393269,5.641262667,104.0237288,kidneybeans,Peaty Soil
104,73,46,29.1400919,80.1190228,6.28236237,90.45142867,banana,Sandy Soil
18.34514603,11.51377285,30.53534384,28.7658965,94.9500285,5.606868081,161.0347999,coconut,Clay Soil
16.30304768,70.79761255,25.64314948,18.00128679,38.4682617,4.937268546,138.6332006,pigeonpeas,Black Soil
11.35824402,61.11920005,21.81840187,18.80126129,22.7960545,5.54806112,135.7817679,kidneybeans,Sandy Soil
9,77,17,20.12373284,24.45202552,5.783425416,106.158201,kidneybeans,Loamy Soil
32.94799932,24.09668098,9.041861615,11.67883366,93.46514317,7.579641019,102.6183053,orange,Red Soil
28.37479702,8.630711262,27.40242851,27.16326314,90.77183631,6.116848373,212.5932521,coconut,Peaty Soil
91.34332273,6.931227448,47.56000853,26.31359809,87.60402993,6.987575911,52.1046711,watermelon,Clay Soil
14.58851776,125.7444269,204.8080902,22.92130122,94.15533255,6.230486118,116.5834537,apple,Laterite Soil
113.4234109,27.66070618,52.38334434,24.83846026,84.64771417,6.741351453,53.72008413,watermelon,Black Soil
31.48734097,140.4346613,202.0781208,21.47502342,93.32210307,5.83764002,112.6149617,apple,Loamy Soil
22,64,82,19.48974337,17.17260319,6.4740245,87.51312796,chickpea,Peaty Soil
75.01587474,60.37744754,36.44200055,20.30446946,81.12268242,6.754689466,207.6866836,rice,Red Soil
6.802424382,141.0185134,200.1975746,27.25135936,81.95415577,6.223790268,71.11211327,grapes,Allvial Soil
6.618326185,26.20349413,37.94364315,23.9001826,86.28851279,6.065802996,108.1781906,pomegranate,Peaty Soil
114.1753171,39.73128997,16.4952035,24.49310698,79.73218687,6.282463942,69.3116082,cotton,Black Soil
90,15,52,27.04927452,91.3821731,6.448061578,23.65747461,muskmelon,Clay Soil
32.47945594,30.24567981,34.37289726,31.45698337,50.27277088,5.400489488,90.56444999,mango,Black Soil
13.48614118,140.9669109,195.8904839,13.2874964,83.55726478,5.755665776,69.29600172,grapes,Black Soil
13.25154186,30.14716843,23.2383278,35.82342911,51.1876904,5.382572379,99.37926577,mango,Sandy Soil
106.0871322,45.91743524,16.05977014,24.0274286,77.84074324,7.634622329,92.46875949,cotton,Laterite Soil
7.284365377,56.46546879,17.02347788,18.35548433,24.47121756,5.69487309,75.73142225,kidneybeans,Clay Soil
3,49,18,27.91095209,64.70930606,3.692863601,32.67891866,mothbeans,Sandy Soil
119.4615634,59.90442723,15.87950712,22.23809972,83.62156223,7.296389151,64.91386766,cotton,Peaty Soil
37.94837933,57.14139583,18.55665949,31.00855252,44.53725279,7.362577554,70.57916741,mothbeans,Peaty Soil
101.6372087,19.37861964,45.24725934,24.86028625,83.14835845,6.195857387,58.7288239,watermelon,Allvial Soil
37.96331223,13.54451724,27.10979086,33.75062629,48.34948025,6.788311731,92.30066444,mango,Sandy Soil
37,65,16,22.8352024,18.97267518,5.683548308,63.59276673,kidneybeans,Peaty Soil
36.28370156,35.82615328,24.84162981,27.45134521,49.14695945,5.88974884,91.28168026,mango,Black Soil
102.0884413,32.56439406,28.06363428,25.0826945,57.94156178,6.039371271,124.1063714,coffee,Peaty Soil
43.25795429,66.5104247,78.79698823,18.97904631,15.37299406,7.102428691,76.54075129,chickpea,Red Soil
70.68203454,54.1463775,15.59276367,22.79432021,63.89358628,5.740263432,88.78887231,maize,Sandy Soil
94.43605832,50.77591163,35.57052119,25.5109093,80.64812775,6.957036147,209.2975991,rice,Laterite Soil
112,73,48,29.2440638,77.32017166,5.707488987,90.66727868,banana,Clay Soil
90.48109842,84.62383879,54.36931368,28.10867228,84.17517877,5.644559029,94.69103411,banana,Clay Soil
36.17834639,55.24703605,18.47126309,33.54237243,35.62378117,4.541593917,137.8599036,pigeonpeas,Sandy Soil
2.657002337,122.2748934,198.9860325,39.5097769,81.63304582,6.286189411,68.57103067,grapes,Loamy Soil
8.110621596,34.39229015,29.37593618,30.1140978,49.14245832,6.432686341,91.16724107,mango,Peaty Soil
37,24,13,19.14381903,90.71037456,7.8546243,108.0230792,orange,Red Soil
14,37,15,27.96235681,83.97586797,6.581351374,48.9366954,mungbean,Allvial Soil
30.51140897,40.05508517,22.01830319,29.58194138,87.09846573,6.354084011,53.69349657,mungbean,Peaty Soil
6.821003938,22.42542468,47.93826549,18.55390532,89.41500178,7.124593915,107.9461598,pomegranate,Black Soil
41.07353738,71.62284103,82.88351513,20.27605324,14.77638669,8.165594464,84.85568457,chickpea,Allvial Soil
53,67,17,31.77681682,69.01852894,7.296972161,61.46892873,blackgram,Loamy Soil
89.45793687,25.56663997,50.89804497,27.17293513,91.35400087,6.384523313,23.78272506,muskmelon,Laterite Soil
25,35,20,28.90245417,43.35365671,8.923095695,71.90018566,mothbeans,Black Soil
84.97182738,5.377735635,56.27924857,25.84275344,84.7660573,6.935373703,39.30621299,watermelon,Laterite Soil
38.98714761,10.18453495,32.93760751,29.21547231,95.68342571,6.170883257,222.6631631,coconut,Red Soil
76.59068228,46.18985579,34.7447555,25.92867899,85.07183338,7.353372311,158.240561,jute,Clay Soil
32,145,203,23.83053666,90.84422164,6.406818518,109.5966791,apple,Laterite Soil
61,44,17,26.10018422,71.57476937,6.931756558,102.2662445,maize,Loamy Soil
55.88944758,69.43352215,79.36664837,17.26331867,16.9731226,8.085782371,71.48865636,chickpea,Red Soil
77.0860368,51.66675184,34.98083837,26.47252293,84.17178977,6.988480426,255.7233495,rice,Clay Soil
40,64,16,16.43340342,24.24045875,5.926676985,140.3717815,kidneybeans,Peaty Soil
67,47,44,26.73072391,81.78596776,7.868474653,280.4044392,rice,Sandy Soil
29.26318426,139.5078237,205,23.755022,93.08852354,6.162695599,119.1041364,apple,Peaty Soil
22.82869669,70.17762241,17.31184626,18.42713674,21.05299147,5.513902562,69.46310628,kidneybeans,Clay Soil
6,123,203,12.7567962,81.62497448,6.130310493,66.77844567,grapes,Black Soil
36.57613854,49.62014569,24.46849307,29.8481725,85.81787072,6.405320074,40.19580022,mungbean,Clay Soil
30.8695274,36.40559919,26.64986264,33.99016247,52.84218505,6.501800568,95.76010594,mango,Peaty Soil
128.6387821,59.87515103,22.48188448,24.4605943,78.88268006,5.939490466,72.67533348,cotton,Loamy Soil
20.39542301,63.31819769,22.77397486,25.21746737,67.98001726,6.867973396,75.62507907,blackgram,Allvial Soil
44,47,45,38.73218907,94.73613484,6.579441304,218.142147,papaya,Peaty Soil
110.7554388,5.051283146,51.76339785,27.36093682,91.51709822,6.357960128,24.91764418,muskmelon,Loamy Soil
39,57,19,29.32379604,45.93248374,6.421748487,165.4113371,pigeonpeas,Red Soil
99,16,30,23.52652084,65.44340921,6.392791654,186.1728203,coffee,Loamy Soil
0,65,15,23.46168338,23.22197648,5.645435626,95.84253438,kidneybeans,Clay Soil
29.13398069,25.12584005,12.39526074,18.37701625,90.0723926,7.027026043,108.7492705,orange,Sandy Soil
28.20051431,70.00590893,24.1617796,31.62377952,48.57118653,7.022243597,167.9407872,pigeonpeas,Black Soil
102,11,45,29.03167341,93.12603235,6.35544263,24.15591199,muskmelon,Black Soil
38.31852994,37.93864843,31.46272263,32.05890894,45.576298,5.404632271,89.9180719,mango,Sandy Soil
35.01870172,80.35099162,18.48333637,31.51062031,63.6891906,6.548416215,69.31217164,blackgram,Allvial Soil
73.38689465,43.12045173,35.66467771,26.51521144,86.14676192,6.024393121,152.3019847,jute,Laterite Soil
82.64757996,80.44303902,55.95491337,25.16341999,83.07365937,5.538748999,95.67866891,banana,Peaty Soil
21.85111112,22.47485757,41.23992574,19.47170291,89.31382508,6.890426466,101.0369582,pomegranate,Sandy Soil
72.57200358,55.88943385,38.9663155,21.41912973,82.9636832,5.768574776,272.5348082,rice,Laterite Soil
74,35,40,26.49109635,80.15836264,6.980400905,242.8640342,rice,Red Soil
19.76662451,9.230131251,10.92367523,25.46467323,95.39678311,7.296164042,118.9520848,orange,Clay Soil
92.21037719,52.67444686,38.62882696,26.42877357,82.03103999,5.405805073,263.0906474,rice,Clay Soil
38,77,22,28.234829,69.3159965,6.313284268,35.36831423,lentil,Black Soil
39.20796711,22.64575279,5,24.59225615,92.2088494,6.519815225,115.0927725,orange,Loamy Soil
8.670898732,79.50065755,23.12529687,19.7115054,18.32727934,5.836868799,94.28447891,kidneybeans,Red Soil
33,60,15,28.95172351,81.67085323,6.510840928,56.51103293,mungbean,Black Soil
60,61,78,20.71219282,19.83643308,6.317153205,94.03659867,chickpea,Clay Soil
82,35,44,26.96656378,78.21047693,6.239011,169.8391177,jute,Clay Soil
30,37,25,29.89129144,80.14487166,7.120032489,54.7960127,mungbean,Sandy Soil
24.54904368,47.00254548,21.50311985,28.42740507,83.85980572,6.244058031,51.85071057,mungbean,Red Soil
3.914285912,76.20823935,18.89313228,20.12712356,67.99127372,6.915398655,49.28571186,lentil,Red Soil
25.59053099,12.44507211,6.610664479,17.26459783,94.42229231,6.871054345,109.1747814,orange,Laterite Soil
33,12,15,30.25578031,92.03272799,6.052318465,116.7173125,orange,Peaty Soil
104.2790586,15.6433075,49.37045796,24.01569709,81.42329021,6.907238634,54.31921643,watermelon,Black Soil
76.50265526,54.84001749,42.86795462,25.52004335,75.23429264,6.686888356,195.010545,jute,Red Soil
95.38737929,11.43797187,47.08287947,26.29824953,81.19980515,6.29512612,56.12240857,watermelon,Black Soil
69.71667076,52.9666951,45.83593006,39.72613038,91.28253305,6.921182757,123.1099043,papaya,Allvial Soil
53.81580566,67.18825605,77.17466432,17.48050449,16.76099188,6.894262966,87.24209452,chickpea,Allvial Soil
10.78903062,6.464566958,43.32221335,20.40102504,91.27494637,6.877040369,110.7433574,pomegranate,Sandy Soil
90.75810975,90.03868254,57.04955602,25.4238098,80.25171494,6.254817057,95.23388085,banana,Sandy Soil
16.35342603,73.96055575,17.97754133,26.04681709,68.82605408,7.416749453,39.88348311,lentil,Allvial Soil
35.05523074,52.24545277,21.49215613,27.04278543,90.08674105,6.761729411,34.54979293,mungbean,Allvial Soil
18,17,31,31.74592134,45.16127859,5.667507706,93.75441586,mango,Red Soil
1,66,23,19.54317155,56.92831399,4.803564468,173.1686574,pigeonpeas,Clay Soil
89.25798267,28.43418903,29.86094302,25.64344786,67.82166995,6.560479716,166.5688515,coffee,Laterite Soil
113.6273719,36.8574609,17.89050015,25.17187132,79.48443481,7.38826201,100.0744748,cotton,Loamy Soil
98,44,21,25.77175115,74.089114,6.524478032,107.4931917,maize,Peaty Soil
48,57,54,29.02328049,90.20396783,6.617703178,126.8069869,papaya,Allvial Soil
110.3893717,25.39765878,53.56372739,28.96980875,90.67470543,6.393094722,24.64674959,muskmelon,Peaty Soil
91.89611381,34.96175071,38.24173158,23.94971349,79.76023165,7.014846671,205.8516873,rice,Allvial Soil
19.47936446,16.1141525,34.72882016,26.20482606,99.98187601,5.645479424,217.0391276,coconut,Laterite Soil
19.15818306,70.05093968,21.71886335,25.64045059,63.41528913,7.745739539,62.18231131,blackgram,Clay Soil
1.375605712,37.67167351,32.67748373,32.26596822,53.87828239,4.717025936,90.75857538,mango,Sandy Soil
67.48599808,42.06942969,36.52474537,25.45894031,70.37232497,7.278688698,196.6708772,jute,Laterite Soil
59.89201322,54.6830553,19.90138634,18.95135812,61.44888034,6.403472845,66.97599726,maize,Loamy Soil
37.04893891,61.56543383,19.83178477,23.95312633,61.77729186,7.375031899,51.94723956,lentil,Black Soil
4.00601521,79.35434759,17.72838052,21.50005788,66.65856202,7.486754806,37.80422389,lentil,Laterite Soil
13.78429915,74.02175359,15.24432736,28.14143086,65.68986849,6.516401553,50.14960657,lentil,Clay Soil
38.14355867,38.60529047,14.15934072,28.6384525,85.48973573,6.882961589,60.34373398,mungbean,Black Soil
108.4017691,19.56208778,53.55886707,25.10812377,90.7550987,6.801328956,58.04809548,watermelon,Loamy Soil
8,45,15,28.09568993,60.9835384,4.61136408,33.84110759,mothbeans,Sandy Soil
89.67412796,56.51357499,42.98515821,26.93484436,71.84124351,7.017260293,178.6786082,jute,Clay Soil
24.2357478,64.25337488,22.58952001,25.94253037,40.24607622,5.172050194,108.7406501,pigeonpeas,Allvial Soil
91.72975666,6.666091114,51.80723077,24.95754385,82.66743879,6.382362973,55.71543453,watermelon,Laterite Soil
35.1936159,57.87691414,81.91558708,19.55148129,17.498603,7.467600396,79.10714916,chickpea,Clay Soil
84.3403264,41.14710523,45.39936815,26.20663255,71.38775742,6.445261264,194.4035049,jute,Clay Soil
17,77,23,24.51324787,20.81527638,5.670062975,64.19497947,kidneybeans,Clay Soil
95.88029306,12.53935311,46.54759203,25.44222623,90.66093115,6.727924811,57.72415428,watermelon,Red Soil
11.97897639,78.67837638,22.38603272,16.29288776,19.53709943,5.988608975,88.42042889,kidneybeans,Clay Soil
7.75937149,37.61746763,26.28591012,34.34514864,50.86098301,5.49483224,100.6239682,mango,Loamy Soil
31,137,196,22.14464104,93.82567435,6.400321212,120.6310784,apple,Loamy Soil
99.12092759,37.06447357,21.43927161,22.88729818,70.96972584,6.341783128,69.22176118,maize,Red Soil
118.8918978,8.132771262,48.23148501,29.44693248,91.18790038,6.719419735,30.95793784,muskmelon,Loamy Soil
74.07096306,48.95499186,17.39150612,21.53112975,59.77576734,6.454721542,72.93035724,maize,Laterite Soil
22.73508179,56.43875762,16.44336509,23.59294215,68.01829044,6.544713879,50.38645152,lentil,Sandy Soil
35,38,19,25.32688786,63.18180319,9.112771682,32.71129281,mothbeans,Laterite Soil
35,48,15,27.10818093,87.4512669,6.981758362,55.03723979,mungbean,Peaty Soil
39.123124,60.62722813,52.79357743,31.14150728,95.5997846,6.609966934,44.54573234,papaya,Sandy Soil
95.03555358,39.58431246,18.04443241,24.19521067,57.24417866,5.89450295,101.2130666,maize,Laterite Soil
57.26111745,72.4591915,17.03275147,33.2858418,64.17409523,6.890111926,66.0780937,blackgram,Red Soil
24.14333882,17.83448607,26.39184721,27.61870581,92.4889577,5.787874906,141.1979575,coconut,Laterite Soil
12.63559379,131.315562,198.5728118,33.31465361,82.43253247,5.565456126,67.7730066,grapes,Laterite Soil
15.97555395,58.79722369,20.01517381,27.48376766,63.67912772,6.177639172,49.38412087,lentil,Loamy Soil
93.14092892,6.176154086,46.11498392,26.69838572,80.2281216,6.935801387,51.48203153,watermelon,Black Soil
112.5761961,84.39810124,45.27967963,27.7972722,78.4420851,6.09879699,109.5953364,banana,Sandy Soil
128.1234574,59.5465695,22.31398591,24.39072563,79.48377568,5.964866731,74.18629468,cotton,Loamy Soil
91.53538328,85.15885494,46.8559237,29.10127415,77.94796254,6.419488397,117.1042492,banana,Peaty Soil
42,59,55,40.10207731,94.35110201,6.979102243,149.1199989,papaya,Red Soil
74.3137458,42.8724354,21.9101236,25.92874193,61.40997519,6.3299548,99.42206152,maize,Sandy Soil
102.733411,15.67784025,51.23167733,24.24716165,82.15289519,6.928423198,52.81740212,watermelon,Black Soil
72.87502448,44.68780002,32.34341333,25.31567355,83.50393147,5.793404594,196.7557554,rice,Allvial Soil
42.43418151,60.11240103,47.20696954,33.54455304,92.1804289,6.849746634,139.3512554,papaya,Allvial Soil
117.3000617,20.60096661,48.54095935,24.65647708,86.11399964,6.655875945,47.68904908,watermelon,Sandy Soil
88.5468405,34.09448531,26.76164313,21.51093156,63.29151549,6.171684728,65.66751132,maize,Clay Soil
30.63701871,68.99246277,79.43344893,21.02441996,14.25803981,6.467571513,90.64318814,chickpea,Red Soil
81.40585633,21.04761888,45.05307337,26.11867195,85.78988766,6.524461673,54.32537439,watermelon,Sandy Soil
97.62125928,52.54351574,37.87211245,20.33214619,82.19645329,5.037224564,272.0554388,rice,Allvial Soil
10.35825402,78.93161777,18.26023833,18.19450034,61.78053929,6.334935323,44.24884648,lentil,Allvial Soil
6.173453805,119.5168772,194.9107168,24.12216293,81.54567013,6.076474324,70.4610367,grapes,Peaty Soil
77.95667359,36.5147982,38.66804862,26.94661669,80.77303966,6.167209042,196.978101,rice,Laterite Soil
32.08298324,25.64167002,6.400921679,10.46446316,93.68026192,7.828348416,99.22426861,orange,Black Soil
38.80197125,29.19643202,42.21475557,24.79194253,89.46432674,7.118391317,106.0688431,pomegranate,Peaty Soil
32.09145667,12.55668809,7.8847734,25.32204746,89.46743809,6.822884145,116.4124284,orange,Red Soil
67,46,44,26.82489244,78.20392774,7.093328631,153.9199807,jute,Red Soil
36.63610886,68.29921228,20.28600183,17.19345306,22.8121162,5.850897757,84.26287397,kidneybeans,Clay Soil
49.59978531,61.71756919,14.9561013,25.2008662,66.6975665,7.565713456,62.12198114,blackgram,Peaty Soil
82,29,35,26.67377159,52.24226285,6.246872394,156.1543898,coffee,Loamy Soil
69,51,23,22.21738222,72.85462807,6.80163854,106.6213157,maize,Black Soil
75.7284194,35.18452053,36.34147268,27.18320475,81.76710366,6.112034837,195.6644186,rice,Laterite Soil
102.9141761,59.45340981,23.30451905,23.61494753,77.03285776,6.149686873,84.87834594,cotton,Loamy Soil
91.27487017,6.296865534,51.37617724,24.84988945,83.63023587,6.388698819,58.34618891,watermelon,Laterite Soil
22.29749644,61.57472838,24.9158415,27.34851651,69.62528838,6.751487707,59.07402453,blackgram,Sandy Soil
13.57147395,145,195.6426583,22.98178937,95.1370107,6.270415094,106.2901645,apple,Laterite Soil
33.44002381,30.1574088,7.270212724,31.93166688,90.3903847,6.438807127,104.5092948,orange,Clay Soil
38.87235953,132.8583393,203.3336629,23.51215028,93.05220748,5.985920249,101.8318843,apple,Peaty Soil
37.5763764,9.024108732,36.70746638,24.20915984,86.96511895,6.700093778,104.4318156,pomegranate,Black Soil
21.23222771,22.7488738,31.03013113,27.6226217,52.86111459,5.396003364,101.1892596,mango,Sandy Soil
32.58554188,57.78486526,22.58771692,31.3874201,35.97082017,5.65806668,176.3951098,pigeonpeas,Sandy Soil
97.14406566,6.205103854,52.33808822,25.94602877,85.56838667,6.249160067,49.95292071,watermelon,Laterite Soil
38.35762844,140.964435,197.3136287,13.0763085,79.63936697,5.733097608,71.18000211,grapes,Clay Soil
7.361652877,6.043386948,30.44140351,28.46607354,94.09958912,6.091671836,174.1505062,coconut,Allvial Soil
79.50590696,53.20068677,37.59402343,26.24554181,77.07603826,7.204400659,203.3604461,jute,Allvial Soil
110,28,46,24.29105004,88.04541346,6.49889585,51.26046418,watermelon,Red Soil
9.682902171,70.94047762,16.99159742,19.58842263,65.98786469,6.152501655,173.9163025,pigeonpeas,Clay Soil
21.87291683,54.39398674,25.38053842,28.50147264,55.53713987,8.664252372,65.64213955,mothbeans,Black Soil
13.98796818,21.44457651,34.95010877,29.72295738,91.8556909,6.068988057,193.7279071,coconut,Peaty Soil
75.10941301,44.37045507,24.0504831,26.22142004,62.10640192,6.339977533,100.5201761,maize,Sandy Soil
44,56,49,39.23342464,91.25589286,6.519779583,64.4478499,papaya,Clay Soil
40,49,47,42.93368602,91.1756748,6.501521192,246.3613268,papaya,Laterite Soil
38.2788266,20.41585303,28.68866359,27.64352565,99.98187601,5.749659536,172.7162652,coconut,Allvial Soil
22.63541353,34.94814858,20.86791282,27.63532352,86.43624218,6.592170908,39.39676435,mungbean,Sandy Soil
96.48757121,23.47148721,50.02030816,25.90583388,81.50596193,6.144262424,49.25428181,watermelon,Laterite Soil
12.85622156,72.76063577,19.9073202,30.61311983,35.73955592,5.385609511,161.5981411,pigeonpeas,Black Soil
140,37.59681332,15.22264522,24.16329351,75.91330251,5.996116991,71.23085088,cotton,Black Soil
26.48287094,25.30057132,27.19340643,30.38988941,49.43066288,5.64657074,96.95579588,mango,Loamy Soil
90,42,43,20.87974371,82.00274423,6.502985292,202.9355362,rice,Black Soil
6,13,29,27.31155708,99.96906006,5.832608028,201.8258633,coconut,Black Soil
37,57,20,31.1006247,44.82069159,7.354286985,70.79934452,mothbeans,Peaty Soil
9,80,19,21.80619564,18.57086554,5.945465949,125.0972687,kidneybeans,Loamy Soil
91.80068787,90.62913867,52.56072554,29.21004298,76.28106034,5.589422258,107.5051544,banana,Clay Soil
79.56099124,47.99642703,35.75516989,25.87586615,81.51338637,6.372462373,194.2425627,jute,Sandy Soil
69.92101603,37.46736881,33.50118869,24.22926984,79.57057722,7.034290911,165.5940264,jute,Peaty Soil
27.37205104,48.8633048,18.91578402,27.62596176,52.11028623,6.011511429,31.84340149,mothbeans,Sandy Soil
6,63,23,26.01630259,49.94704718,5.906596905,160.3337447,pigeonpeas,Allvial Soil
98.69557426,15.78646372,49.54269486,29.8463335,95.34053877,6.364154854,24.51568618,muskmelon,Laterite Soil
116.6197672,10.6444566,45.5080601,24.04006242,88.6848828,6.601744285,41.69120837,watermelon,Sandy Soil
11.43445832,18.33538267,40.94423498,21.50546855,95.33403107,5.926982666,102.5742134,pomegranate,Loamy Soil
89.95278266,37.6056395,35.17890049,24.68247507,83.06505202,6.857608961,189.9470208,jute,Allvial Soil
116.6720128,56.01905375,13.67408332,25.86737105,77.93575879,7.393187452,89.68215487,cotton,Peaty Soil
96.57270934,75.0624182,49.23502619,27.83261794,75.48773315,5.627066115,119.0042998,banana,Sandy Soil
63,43,19,18.51816776,55.53128131,6.641906353,90.988051,maize,Red Soil
103.9707283,17.54811905,48.4678406,25.68852657,81.08907064,6.221170959,45.33471528,watermelon,Clay Soil
90,14,52,24.84740848,89.20454622,6.391858432,59.67927244,watermelon,Sandy Soil
23.52228961,43.96532303,25.84660474,28.60446173,86.453851,6.965322176,56.76555253,mungbean,Clay Soil
78.74506125,46.75141267,20.92561728,23.04384948,62.53596974,5.636603303,69.19581259,maize,Black Soil
104.113731,20.30747448,25.95940589,27.41287288,53.22108027,7.514176379,175.2273424,coffee,Loamy Soil
13.99535524,27.80045355,25.9670943,28.95435174,46.43744916,5.307529033,96.36793708,mango,Laterite Soil
84,21,55,28.47090661,94.79453182,6.494251024,21.08484101,muskmelon,Loamy Soil
61.52176357,52.58257144,49.62856535,42.18874632,91.23496585,6.716676296,195.9320007,papaya,Laterite Soil
25,40,21,27.73329078,81.13903037,6.248900919,44.17580911,mungbean,Peaty Soil
31.11043846,129.4260408,199.1387667,40.54170897,80.98948317,6.392850977,74.18546264,grapes,Laterite Soil
36.18466254,9.77556224,14.23373207,17.47125922,92.93413546,7.197044964,115.5144341,orange,Red Soil
40,55,18,30.38257873,40.5926071,7.115994051,47.95406479,mothbeans,Black Soil
120.7417661,16.84492637,50.39163109,27.98508086,92.85107384,6.549063387,24.30952789,muskmelon,Sandy Soil
20.51837518,65.09200344,22.76359578,22.86377218,23.20187327,5.801108391,108.2972551,kidneybeans,Peaty Soil
92.07807598,44.62891996,19.03092843,18.74645847,66.69095373,6.109560071,99.54351595,maize,Allvial Soil
4.653393444,57.06540911,17.90133774,26.2577334,67.47390899,7.608131399,41.71777806,lentil,Allvial Soil
64.94290691,50.961715,24.77619728,23.62040365,61.00202304,5.566450277,63.80354807,maize,Clay Soil
104,35,28,27.51006055,50.66687215,6.983732393,143.9955548,coffee,Black Soil
113,15,29,27.09617155,63.55324262,6.779230041,190.2440566,coffee,Allvial Soil
21.26971762,62.13368329,84.17089184,18.96262473,19.667918,8.507768671,79.96966631,chickpea,Loamy Soil
41.81237368,136.803303,201.0445021,23.19403449,94.32739946,5.936973527,121.8340297,apple,Allvial Soil
99.08928111,19.10014845,50.13504457,26.23220281,80.30983438,6.864096703,55.28689096,watermelon,Sandy Soil
12.63432224,44.40900002,21.97899701,24.27526648,61.5032236,7.272480162,46.78188641,mothbeans,Clay Soil
37.5332202,127.9104989,202.5574115,15.37008982,81.36663743,6.521316468,70.19573396,grapes,Black Soil
53.22776885,65.46910049,75.35561135,20.31996173,16.37630811,8.729632008,76.66230235,chickpea,Black Soil
18.76666258,20.61605728,11.66382963,12.1595768,93.80548993,6.993240954,106.9637174,orange,Black Soil
50,59,47,40.76998685,92.09278584,6.747975732,209.8678411,papaya,Sandy Soil
29,75,75,19.62416326,18.71483156,7.064790365,88.4585692,chickpea,Allvial Soil
30.92913461,32.19864489,29.12709278,26.5230895,90.93574331,5.555912202,178.3993416,coconut,Black Soil
11.71367554,54.95612058,13.03759132,27.47193544,56.14122587,8.051382564,70.66362898,mothbeans,Clay Soil
32.09348009,69.97486733,77.66545458,21.0755601,14.88815803,6.462391894,91.78981857,chickpea,Red Soil
41,62,15,29.38400259,64.14928485,7.358974541,65.24194361,blackgram,Allvial Soil
109.1459423,41.25788393,17.21172195,23.27515778,78.59520459,6.116273506,82.2624846,cotton,Allvial Soil
19.57603471,55.62660616,19.77005485,27.38266166,87.7258088,7.152666335,54.04026819,mungbean,Black Soil
39.63164254,15.99881704,15.64006134,21.28287021,91.04212577,7.892293268,107.1828393,orange,Clay Soil
28.16168186,20.98328672,29.94633747,35.58233582,52.042865,5.093284304,89.81449824,mango,Clay Soil
27.77862936,80.89694567,14.79496066,25.01553674,60.0863705,6.065444629,50.73110032,lentil,Laterite Soil
22,79,17,21.42451099,20.39659714,5.912289889,116.5206923,kidneybeans,Sandy Soil
90.51688806,11.95555527,45.24990684,29.62220182,94.42848534,6.335951877,29.4123369,muskmelon,Red Soil
18,19,29,27.59376845,92.48519606,6.206077742,162.8432736,coconut,Red Soil
34.6113011,8.160936314,36.65344209,22.8298675,86.70747908,6.26613681,110.446312,pomegranate,Clay Soil
21.12313564,143.9676928,193.7248663,21.89438645,91.6598389,6.449127174,117.1673457,apple,Sandy Soil
38.69650378,78.71773746,14.57122466,21.34339873,63.00814657,5.906256079,40.70241356,lentil,Laterite Soil
118,88,51,25.44926208,79.49221962,6.201911642,100.6619171,banana,Laterite Soil
60.62346302,68.51700904,49.51340989,35.27128899,91.59377142,6.791138398,241.570419,papaya,Sandy Soil
94.76235448,52.95955785,36.00959985,26.8132575,80.66514125,7.049819221,289.8258536,rice,Clay Soil
105,88,54,25.78749808,84.51194224,6.020445317,114.2005455,banana,Peaty Soil
73,58,21,19.97215954,57.68272924,6.596060648,60.65171481,maize,Peaty Soil
20.51287313,37.23178819,21.12457083,27.4521214,87.5664271,6.612294845,39.57847612,mungbean,Sandy Soil
82,18,48,29.09588297,94.16748386,6.159050816,26.70581328,muskmelon,Clay Soil
34,29,8,31.87859192,91.15248149,6.450640306,105.3437825,orange,Clay Soil
54.89771144,68.76338529,17.13171737,34.41978814,70.03069455,6.61084179,69.45770776,blackgram,Red Soil
5,19,25,27.3511056,54.43945147,6.441328044,96.27792547,mango,Loamy Soil
50.57054152,70.8532296,22.26731422,28.45509795,62.07274131,7.096272485,62.7230604,blackgram,Laterite Soil
29,145,205,22.81227579,92.12992101,6.212302608,109.3383552,apple,Black Soil
94,89,48,28.55980972,84.51602322,5.653437902,111.0843029,banana,Peaty Soil
15.05092074,5.51980197,34.61438916,24.93150344,84.68468338,5.839963017,104.8217777,pomegranate,Laterite Soil
18.43666731,44.47943292,23.49085266,29.9486232,44.86748448,5.496942788,39.63068768,mothbeans,Red Soil
96.15513389,56.1759555,42.11627333,26.81497166,83.49485888,5.976950453,196.1211037,rice,Red Soil
3.639139835,48.23792566,20.93021879,25.76294953,66.23964781,4.228199115,67.8985935,mothbeans,Clay Soil
34.90598211,58.71815473,18.78057779,23.27915186,22.44273108,5.754227541,90.39095536,kidneybeans,Loamy Soil
103.1019558,11.83207984,51.58879307,25.61470554,82.55115808,6.75430984,42.6909394,watermelon,Laterite Soil
51.86361302,62.81011256,17.18809592,29.66290257,69.17266228,6.926932238,67.21792903,blackgram,Black Soil
12,8,10,16.14820285,91.4448027,7.995848977,107.4287664,orange,Sandy Soil
61.90867414,58.12421126,45.46675448,26.80001902,92.07619529,6.905291186,143.5466943,papaya,Clay Soil
102.8646199,12.55647448,54.11785791,26.64557263,91.26108074,6.500902885,61.01714391,watermelon,Sandy Soil
75.53954146,36.22323045,40.29292412,23.19793754,73.76158242,6.603006218,154.3187019,jute,Peaty Soil
24,30,11,32.39523995,94.51768464,6.601395755,113.25373,orange,Red Soil
89,54,38,24.51588066,83.5352163,6.685346424,230.4462359,rice,Black Soil
33.14747707,48.21654569,18.60451213,26.64260557,57.03050497,5.992774073,65.36277495,mothbeans,Black Soil
121.3860178,19.10603454,34.37006078,23.49173558,50.07736451,6.877209911,129.8507575,coffee,Allvial Soil
7.046938059,25.59901386,33.4411858,19.94246188,88.74464674,7.028303216,102.6417359,pomegranate,Sandy Soil
32.47660051,78.85218783,18.16636823,31.36277399,61.51658934,6.485568206,71.465471,blackgram,Allvial Soil
118.391432,90.8690751,48.45020873,28.65916268,78.22510778,6.031596366,118.8760033,banana,Allvial Soil
23,37,24,28.77833449,44.2252605,7.991902443,33.95825723,mothbeans,Peaty Soil
18.76242902,20.92517183,36.03577336,23.16639323,94.60960315,6.387401491,112.0166813,pomegranate,Sandy Soil
2,21,35,25.02887163,91.53720922,6.293662363,179.8248944,coconut,Red Soil
83.80609285,58.72467656,42.36280396,21.84285261,80.56942088,7.026428497,225.7279372,rice,Allvial Soil
110.2779976,52.79269429,18.09819648,23.93555625,78.99387303,6.436377441,86.64752635,cotton,Clay Soil
10,140,197,22.16939473,90.27185592,6.229498836,124.4683112,apple,Peaty Soil
26.30495521,70.91322642,78.74838999,18.99097679,15.40933657,7.390958179,82.88448358,chickpea,Black Soil
24.52858577,69.45783358,20.36359708,29.57108375,63.10667706,7.084380037,70.1799775,blackgram,Black Soil
11.41860117,17.08154917,41.44393185,21.34020052,94.76593538,5.931610468,102.8138181,pomegranate,Loamy Soil
32.63021587,120.5202375,200.8352448,22.3295521,94.26654079,5.622703833,114.174388,apple,Laterite Soil
37.51928247,77.46263627,20.68541493,27.20869354,68.75012307,7.13416629,66.20600666,blackgram,Black Soil
13.71034086,131.6269485,199.7413638,33.54214166,85.2104561,5.596109137,67.20760507,grapes,Laterite Soil
24,33,35,29.26382931,54.82257868,5.342866119,100.7586226,mango,Red Soil
7.069260715,77.28547482,16.93926945,19.97605556,25.29098026,5.805814724,106.8981611,kidneybeans,Loamy Soil
59.83098953,62.16974482,83.74556034,18.34260309,19.56993148,8.105124287,73.54170631,chickpea,Black Soil
63.47897461,58.66839011,43.95814242,26.68691463,90.90706167,6.829571105,142.136767,papaya,Clay Soil
105.9353549,21.66027724,51.3301635,28.73651444,95.72431027,6.273962293,23.23896756,muskmelon,Allvial Soil
33.28937923,22.16991707,44.1572034,18.81243062,89.0877831,6.631050141,110.3349266,pomegranate,Red Soil
37.62689763,76.47795798,22.88808232,28.18804877,68.8302767,6.293023275,36.42572344,lentil,Black Soil
22.76560876,79.0493068,20.99843191,22.86605901,19.93012778,5.661865516,99.20243444,kidneybeans,Loamy Soil
14.19483126,9.712489766,9.6374848,25.4463074,91.97032231,7.118296771,116.3202786,orange,Black Soil
7,31,27,31.32863689,47.59319575,6.524114355,94.67344737,mango,Laterite Soil
21.50062301,80.43743999,23.36490398,28.13024456,68.39483002,7.370685116,64.24891309,blackgram,Sandy Soil
34.58676579,65.42690349,50.00668926,23.54882213,93.88555899,6.83893687,191.9160715,papaya,Red Soil
1,27,36,23.98598756,93.34236582,5.684995235,104.991282,pomegranate,Black Soil
24.26337939,68.73186613,18.05439484,29.56945292,65.31720545,7.114194156,68.59432991,blackgram,Black Soil
99,57,35,26.75754171,81.17734011,5.960370061,272.2999056,rice,Sandy Soil
11.38308633,27.26940931,25.89925378,29.31362864,45.08256746,5.336485895,94.2419195,mango,Laterite Soil
37.97536598,35.71556831,23.39070563,29.23034127,59.56637681,9.118486554,31.50088057,mothbeans,Allvial Soil
90.9199322,85.45720761,51.06401606,25.97398554,81.59336045,5.768300504,119.769075,banana,Peaty Soil
20.40143142,19.83374678,32.65157235,25.62794523,99.3874493,5.868996672,165.1884565,coconut,Red Soil
27.86277615,72.22662034,24.77238973,23.45728506,38.03193301,6.94408619,164.8904978,pigeonpeas,Allvial Soil
38.34061312,17.55343354,29.21005673,35.67701304,53.57430295,4.931043308,89.73169253,mango,Allvial Soil
91.58716227,52.98163215,44.30315509,24.84507728,70.46929525,7.324890224,150.7669473,jute,Clay Soil
77.03514072,38.35426171,37.40971732,21.85802773,80.39487967,5.959680748,224.3387781,rice,Clay Soil
85.85122382,21.40812426,50.24715861,27.36671665,92.65061073,6.031991931,25.786737,muskmelon,Red Soil
7,40,17,31.2123945,40.92604945,8.532078733,53.78769958,mothbeans,Allvial Soil
6.532924928,29.37179641,43.38919103,21.00646366,92.43494281,5.618766513,101.349166,pomegranate,Loamy Soil
38.42400929,134.4884517,204.1215715,23.87064687,92.6624775,5.934414384,101.1002687,apple,Peaty Soil
109.9299151,14.18023631,47.31056588,28.63649672,93.6194014,6.245681971,27.00682237,muskmelon,Sandy Soil
117.6273089,27.20294242,49.50832298,26.59055091,82.47094832,6.847167988,54.68885553,watermelon,Allvial Soil
11.7002234,27.4085531,26.14738635,29.13938253,46.58813602,5.257885903,96.40710586,mango,Laterite Soil
21.38562879,6.112713481,8.493350472,29.44143427,91.28612316,7.138472176,111.1775902,orange,Sandy Soil
8.707840803,25.93472468,26.56211206,25.47076897,91.19271863,5.654908916,213.3253274,coconut,Sandy Soil
3.699856777,24.28881898,43.29069801,22.24554769,87.59837636,7.238972064,111.7005451,pomegranate,Laterite Soil
8,6,33,28.27804288,93.64761266,6.095261013,171.9457959,coconut,Allvial Soil
16.94239763,65.31479753,22.38869209,25.82881306,67.43870695,6.389903599,47.54619429,lentil,Allvial Soil
109.6047234,23.91948165,46.62715359,26.14160057,86.47411664,6.126946363,54.74447139,watermelon,Peaty Soil
20.98345601,38.99635989,17.12619528,29.31643098,81.98636011,6.891220617,43.65347211,mungbean,Peaty Soil
118,15,45,24.21495706,84.20576992,6.538006356,48.01138482,watermelon,Clay Soil
16.34614421,13.5409406,39.99000302,19.64571889,88.74750513,6.92841716,108.474167,pomegranate,Red Soil
33.18007041,58.54472549,16.80839215,23.45799221,21.79634491,5.766640324,89.37306214,kidneybeans,Loamy Soil
72.08523959,50.87650298,40.93836787,23.04535564,73.34272852,7.421636157,196.3323824,jute,Allvial Soil
51.55765298,71.57802754,17.52289285,29.28323958,65.05377278,7.509010647,75.02201733,blackgram,Loamy Soil
20,40,15,29.57329479,88.07505524,7.199495368,45.04467075,mungbean,Loamy Soil
74,39,38,23.24113501,84.59201843,7.782051313,233.0453455,rice,Peaty Soil
44.61342911,57.79070483,17.95244948,28.05584102,64.29914859,6.775481168,70.45914352,blackgram,Black Soil
130,59,19,25.07278712,82.50257909,6.520403794,93.51042684,cotton,Loamy Soil
112,39,29,26.12492233,63.37479229,6.726528895,147.8035305,coffee,Black Soil
55.99489515,73.12579274,14.63870043,33.3448928,66.09146385,6.861815014,63.83984269,blackgram,Red Soil
96.82143518,24.67180472,50.15190243,26.06813835,80.80609844,6.09360711,48.01739178,watermelon,Laterite Soil
115.855558,31.77443448,33.49874086,26.29811023,52.57582546,6.710460897,126.9939322,coffee,Laterite Soil
99.42211951,34.40583995,45.71321832,22.13490936,82.1077317,6.933283856,279.3242599,rice,Red Soil
42.55667455,48.90853623,47.46911125,28.51803232,92.96813868,6.599823919,176.6851561,papaya,Sandy Soil
101,13,54,25.42900869,82.91481799,6.828982708,56.34144589,watermelon,Black Soil
30.93341749,43.69724552,21.32084329,28.16425751,82.43494605,6.330140984,36.95204673,mungbean,Allvial Soil
90.46306752,14.89233441,49.4681945,27.12568502,90.58568999,6.473305451,26.53324574,muskmelon,Clay Soil
38.65929123,60.16154997,20.95251697,29.9883119,60.50162138,7.490026082,44.38164117,lentil,Clay Soil
39.65940286,57.33171832,85.66728851,17.82410736,15.50917806,5.982549084,66.03234675,chickpea,Clay Soil
34.79089527,55.277233,18.25200568,33.29225448,34.94704316,4.536804022,139.9220631,pigeonpeas,Sandy Soil
6.733414575,123.5159167,202.210837,12.88782486,82.15020801,6.119200902,64.3096789,grapes,Black Soil
31,36,29,33.93679864,52.72170281,6.460542749,97.4611918,mango,Peaty Soil
71.33411079,44.97997927,40.56145969,20.35368766,81.83834633,7.224908019,192.9634059,rice,Clay Soil
15.30614023,20.1892577,37.31348916,29.47930046,92.03492963,6.114128332,195.2762792,coconut,Peaty Soil
19.42655895,124.4776042,203.2424056,22.16568433,92.8480717,6.190435993,105.9667914,apple,Red Soil
1.170901905,140.4173636,196.2231188,22.08228371,90.40934867,6.120004393,114.9186405,apple,Allvial Soil
9.019409879,16.31465247,26.66590585,34.5560459,49.07887177,6.438294402,92.33896348,mango,Red Soil
21,9,40,24.51147697,90.64498715,5.956401828,105.6209954,pomegranate,Loamy Soil
17.68926312,65.21867205,24.8422713,18.24076125,18.3247839,5.604475579,146.3221433,kidneybeans,Allvial Soil
28,68,19,34.63880966,61.38597868,7.69950698,72.43169115,blackgram,Laterite Soil
0.859435856,24.00238081,40.15304121,24.50503841,91.73412016,5.922427976,111.6927338,pomegranate,Sandy Soil
7.432674474,66.06477904,21.46108116,30.11140982,33.84092606,5.705153502,156.4818522,pigeonpeas,Red Soil
52.28262867,74.6067874,74.968509,19.44721276,18.45938727,7.3107232,72.68206168,chickpea,Red Soil
27.9367718,64.4464399,17.08205181,20.33360105,23.58287396,5.597121265,75.55446594,kidneybeans,Red Soil
36.68936592,7.529316654,38.78928679,19.92247335,86.66620182,5.761035639,108.3963761,pomegranate,Black Soil
85.18838157,29.45921573,29.67528968,25.65031577,67.67146304,6.484652356,169.7296303,coffee,Laterite Soil
3,136,205,17.5862944,80.84806564,6.334771461,71.4065452,grapes,Allvial Soil
20.42540696,15.46276797,28.60838871,29.21831882,90.7774838,5.99434058,191.0064096,coconut,Loamy Soil
104.2733957,46.47061324,19.48811921,23.81010374,76.86808165,7.661804081,89.8160282,cotton,Laterite Soil
62.23653634,44.45420561,37.74001788,24.11050347,82.74368268,5.571029209,254.8086996,rice,Peaty Soil
67.28745104,47.89196326,36.98624452,24.71599787,73.74916791,6.577700387,175.1942432,jute,Black Soil
33.20076029,55.70241982,50.49207899,29.50650111,93.12823043,6.593272402,63.19322275,papaya,Loamy Soil
88.62919389,41.31335614,44.17521123,20.93363016,82.32814575,6.485149783,201.4209429,rice,Black Soil
95.91619887,51.46313113,37.59366518,25.92749919,84.18694573,5.552006708,288.1775277,rice,Laterite Soil
17.28641034,38.6544216,25.83398875,31.54788964,48.713541,4.527126473,95.73409467,mango,Red Soil
86.7339288,56.43757275,44.02975353,27.10969274,74.08787583,6.987789356,176.0718537,jute,Clay Soil
27.36183109,76.08581743,15.70272806,28.54127571,64.20173996,7.00408667,69.14149118,blackgram,Laterite Soil
109.4991737,5.221920647,48.95311503,29.88509747,93.75880709,6.169601797,23.69293983,muskmelon,Allvial Soil
33.63396171,23.07272907,42.94549182,19.94732177,85.63747094,7.11395597,112.3377346,pomegranate,Red Soil
115.3656389,79.36302392,50.83378599,26.12661003,82.03372346,6.284550387,114.5338482,banana,Black Soil
20.40926227,62.98011878,17.36902721,25.10440829,69.7516175,6.567733542,38.67221331,lentil,Clay Soil
36,140,198,23.34386401,91.47684705,6.28188384,104.4267991,apple,Sandy Soil
34.88751918,48.01811585,47.49861973,40.93015442,90.91926536,6.808296188,180.142553,papaya,Black Soil
11.74246483,79.86455876,20.13255614,21.81076375,64.92156398,5.944456992,36.92779381,lentil,Allvial Soil
82.10061696,53.22472341,41.04652824,23.84902622,80.58576768,5.15368316,234.6766145,rice,Black Soil
34.00317036,61.70705203,21.2284257,17.81795423,17.31247584,5.621904252,100.3079134,kidneybeans,Black Soil
108.3027088,21.35412521,45.43377712,26.14874877,88.15147584,6.121713465,52.79501136,watermelon,Peaty Soil
15,54,15,29.97604322,57.03184356,8.35495812,44.86052932,mothbeans,Clay Soil
33.09013866,59.6108597,15.11725097,23.42825439,62.52940785,7.644195862,48.18518472,lentil,Allvial Soil
30.4368823,65.66773537,52.63358578,32.78292807,92.37454731,6.80833654,250.2877345,papaya,Laterite Soil
98.01764088,60.090167,44.59072238,26.23297604,84.60177194,6.265828526,275.5655313,rice,Clay Soil
13,74,25,24.12192608,61.09533545,6.461618577,44.23629285,lentil,Clay Soil
33,59,22,22.64236876,21.59396123,5.946999529,122.3886015,kidneybeans,Peaty Soil
6.168803174,127.9865822,200.0363974,25.67564525,81.89350452,5.861672307,69.30887009,grapes,Loamy Soil
103.3837602,25.7742876,28.62499648,24.38916691,61.87349977,6.404635382,145.6914016,coffee,Red Soil
20.17600186,6.804738204,7.528080003,29.66878781,92.11814506,7.091672197,112.2013875,orange,Sandy Soil
81.83968205,57.30019121,34.01633748,23.40671404,72.4350251,7.08895814,174.8210824,jute,Loamy Soil
22.62176662,6.244361716,34.37913911,26.07709171,90.89810491,5.882802651,136.8633317,coconut,Allvial Soil
83.94103475,56.3393719,25.98755398,22.55488395,68.5799811,6.480860474,64.95268121,maize,Sandy Soil
19.94676154,8.326443071,37.58042598,19.5282771,88.22001135,5.634082476,106.3270498,pomegranate,Peaty Soil
115.921278,20.36380806,50.70464524,24.65605213,86.26469089,6.68759697,47.37872565,watermelon,Sandy Soil
30.91394282,11.15042933,32.40379214,25.22297062,93.8535506,6.202743796,135.0137978,coconut,Peaty Soil
83,41,43,21.0525355,82.67839517,6.254028451,233.1075816,rice,Peaty Soil
93,22,48,29.12533739,91.52291141,6.776987974,21.90440445,muskmelon,Loamy Soil
7,17,10,10.16431299,91.22320999,6.465913274,106.362551,orange,Sandy Soil
21.35782117,37.80112424,19.58136586,27.84286852,81.06429286,7.021573492,48.96042716,mungbean,Allvial Soil
13.78079473,131.059379,205,23.5995852,81.48176703,6.446690132,71.09723222,grapes,Clay Soil
114.0333707,21.79444042,25.76404597,25.54686632,63.26280649,7.311970262,192.6796341,coffee,Clay Soil
11,78,22,23.89756791,22.74378977,5.940546818,112.6616435,kidneybeans,Loamy Soil
18.22891339,5,12.20099919,20.82445534,90.85528744,6.235212205,102.0359563,orange,Sandy Soil
8.90024324,78.78673362,17.92536902,21.6113491,19.47744341,5.925483512,127.5021276,kidneybeans,Loamy Soil
18.01681732,53.74411359,24.70895471,27.89810296,80.41654745,6.835877383,43.24940003,mungbean,Black Soil
13,5,8,23.85340379,90.10522549,7.474710503,103.923226,orange,Clay Soil
60,59,22,31.86847286,66.74217464,7.191522601,74.22238583,blackgram,Loamy Soil
30.53470863,5.624609982,12.87939633,17.87737831,90.48762286,6.557913119,109.1991171,orange,Laterite Soil
19.34798291,7.463931679,42.55309131,18.93879696,88.5048793,6.048273555,113.4534343,pomegranate,Clay Soil
6.479913034,26.0831749,34.78252312,19.68323271,96.48269593,6.846301405,105.1467012,pomegranate,Laterite Soil
39.26805632,75.00216372,20.12294421,28.89324067,61.02564629,6.620361884,70.79030213,blackgram,Laterite Soil
76.63595526,48.6756981,34.92099483,25.96521009,82.57393624,7.401506523,152.7233748,jute,Clay Soil
93.5410401,19.96842261,50.03551171,25.61221589,81.79572808,6.3660773,53.37022594,watermelon,Red Soil
4.745539951,59.22615616,20.42776116,29.16145884,48.77613795,8.898241071,41.69101948,mothbeans,Red Soil
21.48477656,62.66183954,85.35735147,18.98670228,19.9200697,8.492714842,80.60151181,chickpea,Loamy Soil
24.2571521,58.75112584,18.88199659,29.08884653,83.88886579,6.638638488,42.41413901,mungbean,Sandy Soil
119.7025446,85.36978475,53.23153512,28.05358366,76.84134028,5.922116797,120.1247083,banana,Loamy Soil
7,28,35,30.02086169,46.78393776,4.66910839,96.63721027,mango,Peaty Soil
37.55133791,135.7916507,202.4939546,41.18103138,83.56320995,6.490894992,67.73249005,grapes,Peaty Soil
20.13025612,62.08624301,17.43892196,15.50385667,19.44640379,5.977170883,104.6990164,kidneybeans,Laterite Soil
6.118665761,22.86076423,14.67051371,26.06537884,91.50131136,7.398368463,113.8052981,orange,Laterite Soil
32.51812698,19.91527599,26.98054198,25.523625,98.29480728,6.475688058,202.1022358,coconut,Black Soil
31.16386696,80.61239135,27.67868672,23.17359411,21.52167017,5.911950959,62.47908738,kidneybeans,Sandy Soil
133.0458139,52.81913035,25.45395834,26.15470242,81.14495288,7.536163137,102.7924379,cotton,Peaty Soil
37.39522919,57.75070841,20.94168128,25.55212598,49.38884129,7.432165587,33.75217242,mothbeans,Loamy Soil
14.13059064,120.6748563,203.129227,9.609279973,84.76094841,6.168581608,73.29361196,grapes,Red Soil
76.95597482,58.81102329,13.71413618,24.98751701,66.5978532,6.506294869,59.48473681,maize,Sandy Soil
3.02638223,41.48047845,18.99876601,28.6726064,81.04615081,6.741410544,43.86419162,mungbean,Laterite Soil
53.48895541,52.01421447,52.55060363,38.30812888,92.57509713,6.975461801,210.3088214,papaya,Allvial Soil
1,29,29,27.32961444,49.30347234,6.052026047,93.53197359,mango,Sandy Soil
98.48214153,78.64831787,51.61274764,27.52349262,77.35715056,6.070146174,110.3920923,banana,Red Soil
23.82745394,70.98646245,79.98082629,19.04237069,16.61197406,6.939228648,81.82299317,chickpea,Allvial Soil
59.79096201,45.07626958,20.69147548,24.85634973,66.25379258,6.635131113,88.76298269,maize,Laterite Soil
110.6856201,86.86428667,48.61101335,26.65390307,81.33319971,5.57087404,98.99722829,banana,Sandy Soil
32.24817008,144.7259685,203.0592076,11.10242183,79.99929121,5.849678963,68.86086845,grapes,Black Soil
26.92672405,50.52523398,23.26883925,29.10476131,51.83550297,7.825563485,58.17526804,mothbeans,Loamy Soil
12.94112813,6.594041585,45.23636156,18.00511377,91.33357202,7.024910174,108.6028046,pomegranate,Allvial Soil
94.65998341,54.45112617,15.28180545,23.7289344,61.35030397,5.898383043,104.3250847,maize,Clay Soil
82.01942247,39.76790335,43.72979101,26.17596215,80.69193124,6.644010982,176.6475349,jute,Loamy Soil
111.1019243,24.64908726,53.59380627,25.05978409,86.16010488,6.918826474,55.75162788,watermelon,Loamy Soil
95.95718266,47.34218755,37.47735955,23.41511864,81.80405435,7.372297729,225.1875688,rice,Black Soil
41,74,18,28.75751783,61.02701476,6.599147298,73.37686831,blackgram,Laterite Soil
21,23,42,19.54128063,90.29751796,6.902751061,104.3739878,pomegranate,Sandy Soil
71.91958302,34.57107356,35.36687063,24.70875196,80.43390033,5.023153442,185.5661605,rice,Loamy Soil
42.49753851,58.59091011,56.23473721,34.25256603,91.23204761,6.809596275,96.06609652,papaya,Peaty Soil
25.51685906,72.14327444,79.388326,19.50545341,14.48127269,7.356511662,80.74206411,chickpea,Black Soil
128.5180648,45.40759632,17.5072209,25.4039384,77.66793168,6.710205654,78.38078683,cotton,Allvial Soil
26,18,30,32.06097197,51.08494181,6.336234624,96.59816497,mango,Sandy Soil
73.89827642,40.44758256,40.84460116,25.33510891,83.39823065,6.382974753,168.9718592,jute,Allvial Soil
34.53633343,58.40915627,86.61170804,19.00977523,18.84381615,7.391803075,69.89566216,chickpea,Allvial Soil
3.14817289,60.94200848,21.06280589,24.90910085,59.89446131,6.738516878,48.35922806,lentil,Peaty Soil
79.07738701,34.5195822,43.07315752,26.8472476,84.26506703,7.09462107,183.4103569,rice,Clay Soil
34.20093578,39.93669088,13.42516327,28.79655382,82.48022321,6.695477876,60.90382666,mungbean,Laterite Soil
45,47,55,38.4191628,91.14220381,6.751452932,119.2653877,papaya,Laterite Soil
89.13821227,41.30194503,44.00503105,24.60335626,82.73911134,6.752459344,192.1801172,jute,Clay Soil
74.84064883,47.00841735,44.08341709,25.91246151,88.15945914,6.020910907,190.1345695,jute,Red Soil
8.365945704,48.91889709,24.10222461,27.8857839,85.76725024,6.405847002,49.47897479,mungbean,Peaty Soil
30,75,81,19.41789736,16.80472243,6.408437886,68.4951189,chickpea,Laterite Soil
39,24,14,30.55472573,90.90343769,7.189259647,106.0711985,orange,Black Soil
85.89366741,48.54291933,24.03634446,18.44393215,61.30279017,6.67957342,95.08061337,maize,Allvial Soil
30.84185517,121.3319396,200.2192575,39.20012054,82.14831588,6.123540401,74.98727801,grapes,Loamy Soil
7.764565546,41.47152944,16.8925437,31.01629743,40.97451477,8.536430795,53.23262,mothbeans,Allvial Soil
30.68896311,75.609439,13.49171072,28.13239525,63.58636076,7.601978503,43.39108697,lentil,Black Soil
36.81353022,56.50442278,25.58533898,25.52721059,46.39254618,7.901339442,67.45866422,mothbeans,Peaty Soil
112.160522,18.11860866,48.11998521,27.59698161,94.24752389,6.432248224,25.99201769,muskmelon,Clay Soil
21,20,31,25.60033702,99.7240104,5.855457599,165.8248732,coconut,Red Soil
30.68900494,11.79337821,30.20311499,25.27084158,97.06794485,5.594808933,216.2864946,coconut,Loamy Soil
88.67586068,58.47623232,34.50699994,23.90521492,81.959817,6.156209655,168.0416468,jute,Black Soil
28,57,17,30.47757686,61.58245338,9.416003106,61.86633917,mothbeans,Red Soil
42,67,77,18.99424448,15.9362937,7.114405288,78.69707199,chickpea,Red Soil
1.865327127,142.3368544,196.991395,22.57290688,90.41247516,5.662054486,109.8575498,apple,Clay Soil
39.70417591,138.4352272,204.2234682,41.13429482,81.66422102,5.501739775,66.87516688,grapes,Peaty Soil
16.78067427,74.52366191,16.25041304,26.18496357,69.12008737,7.3773939,40.30034828,lentil,Allvial Soil
96,54,22,25.70196694,61.33450447,6.960358276,83.20711308,maize,Allvial Soil
41,69,82,20.02381489,16.63294455,6.715587232,68.97806542,chickpea,Red Soil
2.008749,27.03129852,33.05391592,27.87277969,98.34719882,5.843040327,171.3609776,coconut,Allvial Soil
22.37749415,30.93973675,45.63018438,20.93415615,84.95957365,6.142045942,100.1872961,pomegranate,Allvial Soil
14.13936595,121.3279774,203.2077248,9.749906257,84.73174171,6.137083421,74.98463628,grapes,Red Soil
82.17043993,23.35207717,55.58025541,27.07015594,84.41964054,6.467045744,46.27571985,watermelon,Laterite Soil
6,77,25,20.61162204,24.36314135,5.792744849,69.63833855,kidneybeans,Red Soil
20.27944823,9.508290968,40.77881395,24.73648749,87.82404479,5.714324011,115.8647637,pomegranate,Black Soil
38.91031256,75.08640988,23.06356963,28.39244431,68.77793146,6.315819034,36.51681466,lentil,Black Soil
20.42406398,19.24289216,10.75414563,11.92567165,92.50626216,6.970872589,107.1879064,orange,Black Soil
35,64,78,17.92845928,14.27327988,7.496645259,85.37378769,chickpea,Loamy Soil
24,55,78,17.30287885,15.15405941,6.64919573,75.57790384,chickpea,Sandy Soil
23,23,27,34.72413192,51.4271781,5.161148592,97.31258083,mango,Peaty Soil
5.080765777,75.92935499,16.16349645,30.94547371,66.27177753,6.269891034,178.7892927,pigeonpeas,Peaty Soil
56,57,48,31.56213762,93.0484859,6.506120752,63.62250788,papaya,Allvial Soil
60,36,43,23.43121862,83.06310136,5.286203711,219.9048349,rice,Clay Soil
29,25,35,28.3575072,91.64509299,5.542873799,160.7306991,coconut,Red Soil
74.68432256,53.09118699,17.83728592,20.70659137,60.02682904,6.819816134,103.4443251,maize,Loamy Soil
19.24987897,6.903635124,45.33085901,18.88749947,89.74418049,6.030917178,111.9297729,pomegranate,Clay Soil
41.66014112,73.01796134,19.20042498,21.60089673,20.57951729,5.796407104,59.36505224,kidneybeans,Sandy Soil
61.6661395,40.76400176,43.36203421,25.33167414,88.24030705,7.130439668,193.4534089,jute,Clay Soil
14,59,22,23.82723528,67.89815262,6.76660668,46.90725077,lentil,Black Soil
21,134,202,10.72302459,80.02130636,6.425419926,65.2982112,grapes,Laterite Soil
23.04985033,68.31665114,15.29433073,34.62895372,63.14195834,7.401762386,58.94219602,blackgram,Sandy Soil
65.82916855,43.44022394,21.61685609,19.23271605,68.53511092,6.785391946,79.98787077,maize,Laterite Soil
6.020889873,47.33196593,19.49212714,29.41003604,79.96230785,6.730088962,42.84730264,mungbean,Clay Soil
37.75895153,66.95161783,55.5882302,29.57025246,90.89450458,6.742782,201.9367947,papaya,Sandy Soil
90,39,43,24.44743944,82.286484,6.7693455,190.9684885,jute,Clay Soil
34.34224904,59.90027868,19.62657259,29.07879437,64.87047934,5.773478071,87.68909442,pigeonpeas,Black Soil
57,60,84,19.1034283,17.26184541,6.586777189,75.49101167,chickpea,Black Soil
31.2030874,67.44794156,52.69545275,32.80017632,93.28514895,6.812029656,248.0920344,papaya,Laterite Soil
80,16,46,25.50405534,81.40297428,6.940236218,48.47833278,watermelon,Red Soil
46.68792384,60.50035832,21.05006126,30.25037955,61.63008317,6.623703773,63.95619259,blackgram,Loamy Soil
84,36,28,26.7350622,55.55164819,6.119892347,140.6305213,coffee,Laterite Soil
3,141,197,21.98141856,91.12719303,6.142803397,115.4789148,apple,Allvial Soil
32,68,52,32.68067385,92.61715632,6.800321319,248.8592986,papaya,Laterite Soil
39.3054787,76.00929646,18.11929247,19.13797732,21.07365781,5.693586489,78.76020785,kidneybeans,Peaty Soil
19.22909862,49.85328706,23.77601065,26.81736151,48.05809701,3.512290948,45.35849919,mothbeans,Laterite Soil
42.60386665,58.7325748,56.04052251,40.10337972,94.24389773,6.985755479,149.109717,papaya,Red Soil
52.64405947,62.46909323,79.48991688,17.51037716,17.16691884,7.508551067,78.60087173,chickpea,Black Soil
89.90716488,45.0332255,39.79047399,23.70804175,82.01847559,7.492472523,252.3642536,rice,Red Soil
10.20609053,57.00174405,15.48107424,28.26846849,81.32511247,6.81272106,35.46561853,mungbean,Red Soil
49.80366476,72.47201992,18.88098316,27.26534654,62.10628197,6.575741761,73.29469419,blackgram,Loamy Soil
78.51475282,90.6739328,48.42000513,26.34086256,79.84068495,6.213775362,109.3843516,banana,Black Soil
83.75939259,93.9279384,48.58775233,28.19148559,78.66751895,6.443794163,110.6121226,banana,Laterite Soil
19.1330428,54.84651615,23.26642283,27.36116708,87.32007317,7.156858626,52.22778728,mungbean,Black Soil
28,59,22,30.90607799,52.79913039,7.05181629,170.9919828,pigeonpeas,Peaty Soil
5.988576308,125.9770145,202.6766387,27.84149347,82.64099891,5.734570878,67.03194641,grapes,Sandy Soil
28.90860996,14.73051456,29.57850988,29.2724249,95.58571309,5.953361906,210.7817089,coconut,Black Soil
15.09958893,7.422186219,42.32080469,21.96461076,93.27210143,7.030024586,111.5307712,pomegranate,Allvial Soil
66,69,47,23.69212243,93.61055571,6.912299695,87.53393983,papaya,Black Soil
118.1334468,55.92742966,12.75163325,25.84653638,76.44684296,7.36804415,88.09298846,cotton,Peaty Soil
91.95023464,49.05013842,20.22463881,24.6843504,68.71287304,6.499130333,73.58081953,maize,Peaty Soil
23.90836606,132.7784062,196.1477739,22.43929165,89.91479828,5.748400786,99.55643802,apple,Sandy Soil
4,6,7,23.01014302,91.11764246,6.708889665,112.6738296,orange,Peaty Soil
10.93715405,36.19249748,21.98729468,28.85167191,89.33868249,7.071544481,61.11951013,mungbean,Peaty Soil
24,44,17,29.8596912,80.03499648,6.666380512,50.66487502,mungbean,Red Soil
30.69175773,13.60625793,34.29206754,27.69919792,95.17917898,5.845693381,206.4250672,coconut,Peaty Soil
92.78796023,40.59132063,17.22136689,18.9331811,65.52260238,6.10143733,96.36963221,maize,Allvial Soil
20,77,23,34.87248659,38.83786012,5.180271502,148.2502786,pigeonpeas,Loamy Soil
56.77297236,57.82572166,50.35645756,39.06650131,91.5951745,6.980114915,105.5257402,papaya,Peaty Soil
36.49271279,137.0080522,198.1869331,22.65582572,90.2500721,5.731095656,108.4583221,apple,Loamy Soil
8.161556136,139.0543856,199.406842,29.28218072,81.62562158,6.361555298,65.78880568,grapes,Loamy Soil
96.63049089,70.90895193,50.19871458,25.30125225,85.4270775,6.210272179,92.03507352,banana,Laterite Soil
10,55,23,21.18853178,19.63438599,5.728233081,137.1948633,kidneybeans,Laterite Soil
34,34,35,27.27433181,47.16808054,6.422710539,95.257992,mango,Allvial Soil
24.87419414,50.02868279,26.56735909,28.79355315,52.59285706,7.785467748,53.88018685,mothbeans,Loamy Soil
95,14,50,26.6333118,84.31756844,6.560443519,56.31866159,watermelon,Allvial Soil
105.0867592,96.99977743,50.01550564,27.23518673,83.84914256,5.861080511,97.19747108,banana,Allvial Soil
7,144,197,23.8494014,94.34814995,6.133220586,114.0512495,apple,Loamy Soil
21.72742902,60.00146456,21.79478213,29.74851596,43.0750427,6.855846864,187.0360249,pigeonpeas,Allvial Soil
27,69,22,17.91652287,24.90814655,5.932323085,69.14681022,kidneybeans,Black Soil
33,58,24,35.45790488,68.75810535,5.269504214,108.6333046,pigeonpeas,Clay Soil
31,25,12,18.05142392,90.03969587,7.016482298,111.7793889,orange,Sandy Soil
23.16470862,41.84564452,17.60128905,29.14511997,89.17620287,7.10535711,49.89486365,mungbean,Laterite Soil
4,23,5,22.67594476,93.36348717,7.477935216,110.3332655,orange,Peaty Soil
107.0305868,89.20755618,53.84375523,29.25640842,79.36902928,5.93678193,111.6539558,banana,Clay Soil
11.21596648,53.85928173,27.60474191,28.38190637,55.72280881,7.414234059,59.64677148,mothbeans,Loamy Soil
26.47866383,63.38258117,15.77281315,20.13902173,25.73109427,5.535674733,136.7908544,kidneybeans,Loamy Soil
21.73763121,14.91210562,25.92369926,28.95988101,90.37865007,6.057614463,190.151677,coconut,Loamy Soil
36.29199645,128.1680088,204.9410226,20.9954576,94.24936012,6.049029244,108.4533177,apple,Black Soil
46.21023288,47.87584302,54.18994663,38.73739711,91.55661732,6.738629707,120.6963841,papaya,Laterite Soil
18.5050688,50.72331045,25.44251053,27.09013332,47.68857853,3.57375205,45.03943073,mothbeans,Laterite Soil
84.34595967,18.34604142,44.5197802,27.1490796,92.94416913,6.76261264,28.48989057,muskmelon,Clay Soil
105.0589393,17.23902399,52.05871696,28.97041548,92.47502149,6.600054062,23.4951223,muskmelon,Red Soil
20,20,10,11.86631922,93.68394562,6.976997772,106.060149,orange,Black Soil
22.31549237,22.22313015,27.90539877,34.84445486,51.62522595,5.170165551,97.11836795,mango,Peaty Soil
61.6916106,51.47526721,34.00468783,22.50483784,81.69596894,6.002673911,252.9654833,rice,Laterite Soil
57,57,75,17.09104223,18.25142068,7.785039076,87.27444866,chickpea,Clay Soil
117.5895386,20.13174391,32.0222344,27.82499057,50.75570909,6.333501575,123.4928619,coffee,Sandy Soil
38.42057284,55.01512308,16.22441762,33.08090133,38.50127902,5.888815596,197.1703186,pigeonpeas,Peaty Soil
81.00904205,46.94303688,35.45520302,25.84647829,81.40135815,6.332159761,196.9830161,jute,Sandy Soil
89,25,34,23.07895447,63.65861483,7.184801627,129.8765443,coffee,Red Soil
74.60324112,57.97169016,19.5469,19.96956202,56.32127376,6.709341208,108.6993207,maize,Red Soil
27.51989908,74.64269803,77.04678679,17.38976068,14.5742452,7.782072345,71.85995929,chickpea,Loamy Soil
92.99645427,26.56836285,26.91912728,24.51074501,56.92201707,7.281756675,136.9011578,coffee,Peaty Soil
3.448560155,66.80073528,26.03947219,23.65175211,24.40338134,5.962372501,120.6579052,kidneybeans,Allvial Soil
30.98150595,33.60261935,24.34705102,30.28625943,47.02415808,7.714247245,67.1840742,mothbeans,Sandy Soil
58.70295474,62.50111807,80.00373171,19.87802277,15.1551315,6.516480973,76.84959436,chickpea,Sandy Soil
80.38102133,25.22498019,46.70101397,30.13902847,93.77075028,6.076444409,26.05740435,muskmelon,Loamy Soil
7.895909252,28.02664524,32.25882685,25.7381382,94.98388677,6.017923235,136.5497595,coconut,Black Soil
115.6493339,5.357186359,54.96668547,25.24709671,81.04402983,6.636293069,54.93677348,watermelon,Peaty Soil
88.19437453,24.36964681,47.63403345,27.53916476,89.63223719,6.39216625,20.78916363,muskmelon,Sandy Soil
64.93641279,40.977993,41.7702613,23.40963811,70.47910164,6.765000001,180.7270324,jute,Clay Soil
29.22548333,145,204.7637303,22.57556418,92.29055967,6.247499172,111.7787835,apple,Black Soil
113.6358774,8.391264771,49.26320972,29.33880276,94.95032469,6.410818087,27.17402942,muskmelon,Sandy Soil
114,21,55,25.4438391,87.9392312,6.472756256,57.51549686,watermelon,Peaty Soil
77.37879303,40.52281337,35.86555965,26.26431119,84.26483607,7.520401051,250.0569086,rice,Loamy Soil
33.67573174,13.05407546,16.28076574,30.25730623,92.62257449,6.053627111,115.0539869,orange,Peaty Soil
1.032073081,72.98380075,22.23917284,23.81922458,60.84867895,6.640787135,53.56565352,lentil,Red Soil
14.48839753,35.66562499,27.4808134,28.0286506,53.98713958,5.655736401,90.62282087,mango,Loamy Soil
132,41,22,24.29144926,81.02453404,7.810865753,90.41694635,cotton,Loamy Soil
101.4304403,48.84602873,20.37929846,24.63343411,84.65727479,6.208126743,91.72360819,cotton,Allvial Soil
46.38063446,80.55678728,78.1274548,17.49845045,14.37484972,6.596447116,64.47258297,chickpea,Allvial Soil
11.42674513,60.97426078,24.31902948,27.02434705,88.7509417,7.052858343,52.16930347,mungbean,Black Soil
82,26,47,28.50416396,93.46806467,6.565312653,24.20007242,muskmelon,Black Soil
129,47,20,24.41212325,80.80343786,6.281913858,98.60457373,cotton,Loamy Soil
15.55436021,9.432726234,11.11995668,11.45815325,94.64302377,7.94394049,109.9604144,orange,Allvial Soil
106.7251832,21.03464087,51.81110373,28.64620672,95.13889407,6.271990037,23.80361736,muskmelon,Allvial Soil
84.2431075,96.45093443,50.26098922,26.47820349,77.87074159,5.510429002,111.0103024,banana,Black Soil
21.09646581,55.22486746,84.08859892,18.15888349,18.18706486,6.542889504,79.04681802,chickpea,Sandy Soil
31.87171177,79.32839464,73.70395093,18.8864048,15.01392532,8.220761296,90.97150355,chickpea,Clay Soil
32.58079233,132.6471267,205,9.891249445,81.72888757,5.818009207,62.69526079,grapes,Red Soil
24,38,22,24.47876451,58.51663927,8.202706015,34.96933295,mothbeans,Allvial Soil
26.9278322,6.754258323,31.94768007,26.59106229,98.44104584,5.998363881,224.5765574,coconut,Laterite Soil
81.67163847,57.32905284,21.83774865,19.79918006,60.11992347,6.368692117,63.2164189,maize,Laterite Soil
18,26,31,32.6112614,47.74916499,5.418475257,91.10190759,mango,Peaty Soil
81.82842748,18.13217666,50.61200311,26.60185441,80.17493173,6.502059255,46.90097578,watermelon,Allvial Soil
89.24985613,45.76199565,37.66335485,20.94083208,80.61515107,6.430142112,187.2695429,rice,Sandy Soil
40,27,45,21.6602498,94.79397419,5.885638185,112.4349689,pomegranate,Allvial Soil
34.91066491,68.73058329,19.86203184,17.18086151,23.50673006,5.863055852,83.09547686,kidneybeans,Clay Soil
19.3787599,20.40399839,9.908156365,11.83620896,93.94409442,6.976384191,105.6634745,orange,Black Soil
89,91,55,25.08347445,80.261731,6.275572298,94.32961456,banana,Sandy Soil
38.0306657,35.39043792,18.53027079,27.77966703,85.33986908,6.540794185,38.14898876,mungbean,Black Soil
32.23290025,27.84613215,9.471338683,11.63556782,93.93967787,7.575642007,104.2577328,orange,Red Soil
18,12,8,12.59093977,91.81668769,6.206053072,119.3916718,orange,Peaty Soil
9,59,24,20.43517772,39.37252634,4.747352458,137.2279662,pigeonpeas,Clay Soil
38.57743757,38.14121625,24.58881467,33.59036725,44.97215555,6.922383495,99.37565984,mango,Sandy Soil
26.05922136,60.24987301,17.82774771,29.0367287,82.50720482,6.678126976,42.70063534,mungbean,Sandy Soil
5.494396745,67.67033899,28.3091046,23.90479319,24.3659906,5.937682291,120.4090866,kidneybeans,Allvial Soil
20.43772108,69.78452946,18.78354562,18.04674327,21.36824088,5.500633545,69.38529386,kidneybeans,Clay Soil
73.51123537,48.07177206,16.72972756,21.78865541,60.22185194,6.461586973,68.07908194,maize,Laterite Soil
9.142433227,49.90932159,22.97206473,28.84429996,90.06283566,6.214887049,51.71906728,mungbean,Sandy Soil
109.8223797,13.88341275,51.37285888,26.85492778,92.38798682,6.07355864,21.64851739,muskmelon,Allvial Soil
106,40,30,23.42611644,64.10651528,6.779984384,122.6847408,coffee,Clay Soil
12.74877755,43.44698344,16.52460514,26.39294868,56.50436894,8.024521785,33.8110622,mothbeans,Black Soil
20.65654078,81.5746806,21.87240327,22.95502954,19.04515361,5.677257474,99.07686129,kidneybeans,Loamy Soil
112.1201823,32.74216632,32.18329456,26.35921615,61.01652647,6.522325289,153.6919537,coffee,Peaty Soil
140,35.88880971,13.11814209,25.32990641,82.21489783,5.913029044,87.89769476,cotton,Black Soil
88.7200658,59.90398115,19.61924975,25.12513384,66.43699766,5.92406678,78.39067763,maize,Red Soil
27.45993057,79.80015638,14.79912053,19.05451882,21.72105885,5.785420611,87.46603797,kidneybeans,Loamy Soil
115.6534791,37.86482874,34.00025282,22.9007006,67.96785792,6.774134034,163.5089259,coffee,Allvial Soil
83.41510701,8.364844915,50.3324757,26.74875369,87.68921294,6.428788986,54.96421143,watermelon,Red Soil
113,19,46,25.41864024,81.12122989,6.286387658,49.52320689,watermelon,Allvial Soil
92.43094128,19.57774584,49.0381097,29.87138942,92.89459208,6.474374909,24.94363497,muskmelon,Laterite Soil
64.00200564,43.96363522,20.61426879,18.33780641,56.48823875,6.64404392,90.12347758,maize,Red Soil
79.87823113,58.02335481,18.4331499,20.34886437,64.80171399,6.664356091,107.5473469,maize,Laterite Soil
136,36,20,23.09595631,84.86275707,6.925412377,71.29581071,cotton,Loamy Soil
30.26712787,13.65148499,36.68036117,29.95791524,94.82537816,6.320833421,146.7666099,coconut,Clay Soil
12.48073111,72.69237941,21.89613355,18.36823798,36.15360699,6.624760392,95.39174225,pigeonpeas,Laterite Soil
38.7245439,9.275222218,17.15995098,25.42119485,92.17281028,8.026858731,118.6353657,orange,Loamy Soil
58,55,47,26.05375792,93.69111672,6.742490027,240.6863901,papaya,Allvial Soil
89.06544705,19.90887601,50.61856382,24.69295941,86.74031282,6.228573807,54.49966234,watermelon,Black Soil
32.78911517,59.05278974,21.18982873,22.66412129,22.55837725,5.911709365,122.1253344,kidneybeans,Peaty Soil
5.172995114,13.70683394,6.773919575,15.62916815,94.17782396,7.54012926,102.5763384,orange,Sandy Soil
85.92655031,35.26038006,34.60387743,27.8091347,58.46716161,6.81613986,116.9321653,coffee,Peaty Soil
60,46,53,24.48620746,92.98254537,6.761953186,183.49095,papaya,Loamy Soil
114,94,53,26.33544853,76.8532006,6.190757459,118.6858263,banana,Sandy Soil
50,55,16,28.81460716,65.33538112,7.581442888,62.26242533,blackgram,Allvial Soil
35.90283013,58.505645,17.40286606,23.51189258,22.21367319,5.7150845,86.93264714,kidneybeans,Loamy Soil
22.31429343,24.35823754,27.45358528,34.58421622,50.7444996,5.172774373,99.4486241,mango,Peaty Soil
11.68441498,72.41489007,20.31943985,29.11321219,45.36676274,6.873257648,173.7703865,pigeonpeas,Black Soil
35.21844047,71.46005954,22.7506542,16.65388213,26.32388089,5.537514578,75.73851721,kidneybeans,Black Soil
25,27,41,19.20090378,94.27659596,6.923509371,108.0423555,pomegranate,Sandy Soil
17.67733639,28.9399424,27.14157192,26.02751816,93.37742642,6.083735346,193.2675376,coconut,Red Soil
0,15.75409101,5,10.86272389,91.32888507,6.825170941,118.3080771,orange,Peaty Soil
7.330707091,140.9709736,202.0674166,27.20738986,82.75272972,6.237871466,72.21606425,grapes,Allvial Soil
35,52,15,28.69841277,61.14754363,9.93509073,65.67591794,mothbeans,Clay Soil
19.19514541,136.335356,199.0477841,23.59950379,95.03585071,5.763169656,103.7667486,apple,Laterite Soil
6,66,15,34.93174223,30.40046769,6.345806011,159.2649827,pigeonpeas,Black Soil
0,15.53346813,10.90040641,29.80164329,91.87557911,7.198888104,113.6869585,orange,Peaty Soil
113.6632208,37.20270649,16.20274864,25.0208164,78.88178557,7.373480197,95.70075244,cotton,Loamy Soil
24.26605348,56.88533372,24.18597721,27.18527236,42.89576042,6.076954929,143.8751941,pigeonpeas,Red Soil
91,53,40,26.52723513,81.41753846,5.386167788,264.6148697,rice,Clay Soil
0.613548619,123.1058432,198.3025482,39.64093569,81.99212435,6.228925266,71.72545057,grapes,Loamy Soil
116.8781542,24.756873,53.65900816,29.14935957,91.36459314,6.423041436,25.12312159,muskmelon,Allvial Soil
16.8607851,25.15524601,30.61234262,27.06335554,97.45085104,5.714336166,168.1323744,coconut,Red Soil
35.77691618,45.74210305,18.73000345,27.07364927,86.09785945,6.506874547,53.20319099,mungbean,Sandy Soil
78,40,38,26.46428311,83.85642678,7.549873681,248.2256491,rice,Loamy Soil
25.42068443,32.07345582,9.315799607,32.30474846,93.82573545,6.582856004,112.3777542,orange,Red Soil
7.512285583,142.7561211,198.0766153,23.96915079,93.24708203,5.537892136,119.0032127,apple,Laterite Soil
31.01628257,56.0165073,23.94366908,31.31161239,35.89137305,5.660564513,177.6627852,pigeonpeas,Sandy Soil
69.76141078,69.7251585,53.5124372,42.48639992,94.87393548,6.69846178,78.96092717,papaya,Laterite Soil
36.88992409,49.66011915,51.46811922,32.58174526,91.51805955,6.918079751,77.97031519,papaya,Loamy Soil
101.6680731,26.27573535,26.86944851,24.51097343,62.21146361,6.359564855,148.6446486,coffee,Red Soil
39,76,76,19.96837462,15.57324389,8.135900726,69.15759062,chickpea,Sandy Soil
38.18650042,23.59445791,13.19550023,31.47597016,90.57871893,6.390686552,112.9744442,orange,Sandy Soil
79.77895349,76.12855009,50.68952135,26.24096332,79.82778124,5.515554352,111.1088628,banana,Sandy Soil
38.09740518,64.27466729,51.54912089,28.90273418,93.26386192,6.640047424,64.59498823,papaya,Loamy Soil
38.47002011,69.29130108,16.10929175,20.65695171,63.15279498,6.357066866,50.20131549,lentil,Laterite Soil
33.36391373,80.27779164,20.4442813,28.57445553,66.14231036,6.633483337,71.96324258,blackgram,Peaty Soil
89.4165046,22.40952726,54.09025785,24.92077844,85.65424876,6.187772685,54.28297848,watermelon,Black Soil
40,64,47,32.50037548,93.47888842,6.893509446,71.73759526,papaya,Loamy Soil
119.8744049,29.62769202,30.42129542,26.31798919,64.9463179,6.514767443,161.3888422,coffee,Loamy Soil
40,5,32,26.07010807,96.7036223,5.981169595,143.533473,coconut,Loamy Soil
121,53,19,23.51308653,76.72621429,7.976889498,80.11272117,cotton,Loamy Soil
78.30833187,49.78655275,20.44694679,22.90442035,64.43275381,5.601015017,71.11037856,maize,Black Soil
0,37.36294632,26.54775532,34.02894721,50.85312129,5.085514767,94.67643125,mango,Black Soil
38.4995882,57.37605187,27.09420772,25.6495639,43.97096257,7.858926148,66.7626277,mothbeans,Peaty Soil
36.27092447,139.031394,198.1210321,23.70446182,91.20167653,6.29557917,105.0443889,apple,Sandy Soil
21.25021964,17.95076063,30.69536916,30.57966738,49.38582267,5.972546939,90.17866206,mango,Sandy Soil
27.11239051,71.99199676,21.47159683,25.56356674,59.93447926,7.405626282,38.65749065,lentil,Red Soil
105,18,35,23.52648086,68.44030686,6.743417121,171.8839938,coffee,Clay Soil
11.42327912,19.31760598,34.79329862,27.30952576,52.28926127,5.614840809,90.10075879,mango,Clay Soil
22.02398571,39.10443748,22.04233024,27.09518445,53.76605629,7.378319362,58.27948046,mothbeans,Laterite Soil
34.55187905,56.18323841,19.11754556,31.20122693,43.93537687,7.366040425,68.06647345,mothbeans,Peaty Soil
42.60506974,49.90284764,18.38106326,28.86868648,86.74214045,6.86338513,48.93301446,mungbean,Loamy Soil
30.76650187,66.82804126,42.78655597,42.87606832,90.2886463,6.934790027,196.9258112,papaya,Black Soil
9.662970397,139.7236764,198.3287901,22.20720065,90.98310185,6.200501239,122.8605471,apple,Peaty Soil
57.79631343,73.97691281,16.61814554,30.20069335,60.07633996,7.172483385,66.57114632,blackgram,Clay Soil
57.47931891,60.30159196,47.32644542,43.17076169,93.70210878,6.929733587,116.1248419,papaya,Allvial Soil
3.797466919,29.19773432,31.59516601,30.28781391,47.75475423,5.777971078,92.71403949,mango,Red Soil
2.946206104,63.77710595,17.21377328,24.44373558,61.33734987,6.87894322,54.13423107,lentil,Peaty Soil
37.42548044,66.90537777,77.99000993,18.40046253,19.39523525,7.162039763,82.10218502,chickpea,Sandy Soil
35.44477785,26.86997548,25.03425012,26.50152956,95.54942541,6.271526942,174.3283737,coconut,Allvial Soil
4.181515671,67.31479196,13.50445077,18.38883811,35.08073594,4.946172248,107.9115211,pigeonpeas,Allvial Soil
21.53139067,28.73457719,12.1060774,22.32993834,92.61134487,6.452985424,114.5937206,orange,Clay Soil
16,130,201,29.12033769,82.79092939,5.682395429,68.8503047,grapes,Loamy Soil
80.1862913,29.62652391,24.04494266,26.17706236,64.99936551,7.47929773,148.8393246,coffee,Loamy Soil
3.7528746,61.62716883,15.46680856,24.46164302,62.14350984,6.90638958,54.92891534,lentil,Peaty Soil
78.38903545,39.92431148,43.53520119,25.60470654,79.63865284,6.461467875,172.0158206,jute,Clay Soil
11.89167761,64.86334078,21.36605372,27.30402636,63.59567722,7.328544588,42.33884814,lentil,Laterite Soil
34.09849789,55.87411025,18.32937152,33.24881228,36.89792679,4.530957325,140.741696,pigeonpeas,Sandy Soil
9.270301585,138.3377194,199.7363971,21.28220937,91.05921414,5.623824367,102.8739199,apple,Black Soil
38.63201301,16.57155693,26.12488324,35.57274269,52.89277771,4.940404575,93.42615965,mango,Allvial Soil
84.73878989,44.01156855,21.54486668,22.15805149,61.36070524,5.783506206,107.0275412,maize,Sandy Soil
14.7981553,61.18310732,21.32556019,19.39039447,63.71761447,7.765613215,46.63853368,lentil,Allvial Soil
35.20394646,62.95340373,78.71052779,18.04124368,14.25803981,7.437344422,84.52927484,chickpea,Loamy Soil
118.1988689,20.95605682,50.80945574,24.52541195,85.47974872,6.648005654,49.61900854,watermelon,Sandy Soil
39.21515554,37.29132487,18.71590764,26.43204116,61.23364444,6.308206193,37.49813178,mothbeans,Laterite Soil
56,79,15,29.48439992,63.19915325,7.454532137,71.89090748,blackgram,Sandy Soil
121.8069486,50.05810842,16.98704506,22.87823084,76.42613104,6.484486698,73.02616568,cotton,Black Soil
77.55474337,42.13525941,36.23047428,24.74619019,82.86837715,6.567322004,296.7281769,rice,Black Soil
112.9022664,22.39581121,50.69752979,27.42491093,95.04487928,6.467318086,26.65525305,muskmelon,Clay Soil
97.10808649,60.17159831,41.03305391,26.36976935,84.265494,6.276815722,270.3935877,rice,Clay Soil
117.2032107,29.56163823,36.10605404,27.45222049,62.91414597,6.082171677,183.7790397,coffee,Peaty Soil
3.985599055,74.9610418,21.41649947,24.2719961,45.74570053,6.649819663,181.3664407,pigeonpeas,Loamy Soil
36.11343531,8.344965989,36.41669352,19.86392676,85.91822437,5.778285239,105.3494284,pomegranate,Black Soil
1.210030648,47.90319326,23.20355365,29.1832215,84.83746913,6.240583252,56.83355642,mungbean,Allvial Soil
27.8515085,71.83492754,16.55734592,30.41340551,63.21565669,6.88369397,74.51741078,blackgram,Clay Soil
40.21111144,51.88644734,52.38015469,32.47953519,93.72240624,6.726995396,50.59906415,papaya,Black Soil
33.73146915,56.01627258,20.99075452,33.38849142,35.32429181,4.553399321,137.8024332,pigeonpeas,Sandy Soil
54.51364135,63.91649519,15.50717216,29.44434107,68.04581039,6.972757941,66.97151023,blackgram,Black Soil
18.00828386,27.32705744,43.70956176,22.20400337,92.51551144,7.156448071,106.3910032,pomegranate,Sandy Soil
18.57146685,73.17973921,18.76656726,19.53552016,34.62849326,5.637891769,196.0081786,pigeonpeas,Red Soil
82.60631355,9.34803184,45.38206668,25.82830441,90.34867742,6.042088989,46.10316374,watermelon,Loamy Soil
10.18889008,28.68313533,37.0993618,23.36136769,93.879471,6.865715964,106.0486285,pomegranate,Loamy Soil
36.00817901,19.09034855,34.24499162,27.195106,50.11078364,4.979386555,91.44683959,mango,Clay Soil
24.44077586,56.01010287,84.68860664,18.37063003,16.97117882,6.558632991,81.58573497,chickpea,Sandy Soil
81,18,50,26.80750629,88.22874955,6.429788073,58.79889057,watermelon,Laterite Soil
35.14809798,56.05711283,21.26249749,33.51889935,35.26475832,4.538177678,137.4943989,pigeonpeas,Sandy Soil
4.510942636,45.82222619,18.55695495,29.31179941,81.36636514,6.691466368,38.42453815,mungbean,Clay Soil
19.18235708,11.38645584,31.91681519,28.71166266,93.52155349,5.619758883,157.9978274,coconut,Clay Soil
23,21,26,26.45488737,93.45042636,5.901495544,149.2220255,coconut,Allvial Soil
106.523556,35.46592976,21.7911081,25.24829017,74.75059411,6.231085283,64.25744982,cotton,Allvial Soil
10,56,16,28.17432665,81.04554836,6.828187499,36.35720652,mungbean,Red Soil
105.3113042,84.45694587,55.00419098,27.41093765,77.77534553,5.876790666,100.3994786,banana,Loamy Soil
0.986808494,31.59940471,9.275603436,11.96662112,91.49873832,7.306612105,104.1319599,orange,Black Soil
14,67,15,19.56376468,24.67385131,5.690065688,139.2921004,kidneybeans,Allvial Soil
23.97110777,35.79661647,16.96695372,26.6807952,47.13310198,5.395758308,35.72896752,mothbeans,Sandy Soil
30.84538019,24.0662843,31.31938614,26.24602379,97.90303463,5.829227675,209.8995529,coconut,Laterite Soil
77.43475715,49.67462024,40.84691891,24.97351584,84.41214501,5.2486645,199.4327564,rice,Laterite Soil
113.6302115,27.18541125,28.76027235,24.77167671,57.66840948,7.166815606,193.1222331,coffee,Clay Soil
88,46,42,22.68319059,83.46358271,6.604993475,194.2651719,rice,Peaty Soil
12,29,13,22.45616931,91.52781832,7.57125447,118.0069295,orange,Laterite Soil
3.643364319,133.7680873,199.1571784,20.26191617,82.17143042,5.783902462,71.43380851,grapes,Sandy Soil
12.48436835,59.55213527,13.39509118,21.13245638,22.66548354,5.733054368,148.2561551,kidneybeans,Peaty Soil
99,29,55,29.19378695,91.46241065,6.660954816,26.48240255,muskmelon,Black Soil
9.607497184,24.45660456,27.05685156,27.40739173,94.7935208,5.724887357,145.9360578,coconut,Black Soil
28.39963467,43.65907384,21.28874736,29.9283882,63.40285949,8.643351647,33.49874025,mothbeans,Allvial Soil
40,120,197,23.80593812,92.48879468,5.889480679,119.6335548,apple,Red Soil
5.105905807,79.49577343,22.52743012,19.38050388,18.90510194,5.838958228,98.10603963,kidneybeans,Red Soil
23.4872246,63.44739646,21.10094239,16.47232592,20.09555584,5.578561588,98.37546563,kidneybeans,Clay Soil
7.770839232,140.6215034,193.2809875,23.64111911,92.73129821,5.477822256,104.3180738,apple,Loamy Soil
2.247778983,75.26926332,22.38977217,23.91266423,62.39551802,6.699959495,51.45714366,lentil,Red Soil
11.65055528,66.53685368,25.54699504,25.51191077,62.27703747,6.592216603,47.38680542,lentil,Allvial Soil
68.35852996,67.18377231,53.35360106,27.71629336,92.94127762,6.826476046,80.71894481,papaya,Clay Soil
124.6665272,36.53016122,18.89574913,25.63401212,82.41981911,6.20322621,88.97464203,cotton,Black Soil
34.72418908,129.6745943,202.5278252,22.40704763,93.46957317,5.931237633,102.9161168,apple,Laterite Soil
105.7711872,20.7362831,33.91649673,25.40143016,56.45542005,7.456752321,188.3346454,coffee,Black Soil
16.70446574,17.74464243,45.46320737,24.49242325,90.38764628,5.91180776,105.5363021,pomegranate,Clay Soil
43.37531617,75.19149643,22.43826472,30.33012198,63.42459983,7.60135241,72.24122439,blackgram,Red Soil
36.08070303,65.36541721,16.0790478,29.8924406,69.44426284,6.657512237,63.34789522,blackgram,Red Soil
4.396882733,59.30385234,24.06286357,29.26014463,50.10246795,8.863914258,40.21318524,mothbeans,Red Soil
38.086714,130.5252309,204.9856414,34.11604423,84.084973,5.869616409,72.09830942,grapes,Laterite Soil
118.5428916,7.745315422,55.19284237,26.27111845,85.07749699,6.015884525,45.67265944,watermelon,Black Soil
34.2153084,58.54647253,22.01118641,28.5782368,82.97136603,6.921578978,55.29786182,mungbean,Laterite Soil
62.37240166,50.36733153,41.06852783,24.29421018,82.25138585,7.464764827,165.8843537,jute,Laterite Soil
29.79017174,22.11600739,41.74091466,23.89530387,89.26744362,6.099639309,107.7840025,pomegranate,Clay Soil
88,35,40,23.57943626,83.58760316,5.85393208,291.2986618,rice,Red Soil
0.503978985,28.88333846,25.99058127,28.58264963,50.6596801,6.441046128,91.47009973,mango,Peaty Soil
18.805461,51.25912056,27.17425609,26.88361574,48.88165827,3.522241645,45.48252078,mothbeans,Laterite Soil
105.6665217,8.818443052,47.08383223,27.59112277,92.58339529,6.394930672,23.72301506,muskmelon,Sandy Soil
37.1061923,136.9761609,197.9189246,22.32213696,90.88057555,5.66432921,109.7923709,apple,Loamy Soil
7.981103614,76.42247293,15.50159475,21.47675432,65.0077288,6.269283593,37.72183125,lentil,Black Soil
14.2825457,45.38578811,23.8264234,24.27540301,61.47343842,7.229362646,47.38991815,mothbeans,Clay Soil
8,58,17,28.75273118,69.15640149,7.286049978,35.15426171,lentil,Allvial Soil
15.34701088,18.09247611,24.36722582,28.1329929,92.42221916,5.552413325,145.4635463,coconut,Clay Soil
38.36865429,78.06163697,80.2243503,20.04301256,15.6051175,7.789418335,89.08589539,chickpea,Loamy Soil
100,41,22,22.4204752,84.55794703,7.318802162,93.46595573,cotton,Red Soil
115,12,52,27.51492243,94.96218673,6.685553129,21.01796432,muskmelon,Laterite Soil
103.3819075,25.07937991,52.47509914,28.72858344,92.73102711,6.424256561,25.55421832,muskmelon,Black Soil
12.07932172,20.96672445,10.08578073,24.58708525,93.44966949,6.52504527,107.9720951,orange,Allvial Soil
20.67093718,6.023365303,7.458553866,27.02333841,92.47307914,7.006633196,103.326143,orange,Allvial Soil
34,38,31,35.37775595,45.58110023,6.454045329,97.41586402,mango,Laterite Soil
34,65,48,41.41968393,90.03863107,6.665024508,199.3096432,papaya,Red Soil
41.69276998,56.54252692,24.91531064,27.27979286,62.85852569,6.497068339,69.64774853,blackgram,Allvial Soil
8.594917113,47.91069509,19.69290058,28.13373937,86.32832548,6.385670515,47.7816959,mungbean,Peaty Soil
25.86432076,130.2640493,198.4682204,39.58309659,82.65431293,5.578980683,76.93761857,grapes,Clay Soil
74.2396215,43.82942779,45.7511018,26.45144171,81.33283378,6.347158035,181.2234039,jute,Black Soil
12.87003798,66.15300917,26.2455841,25.34207625,60.41873379,7.248990774,50.214979,lentil,Clay Soil
27.87600557,123.8563428,200.074266,22.69914779,91.40434422,6.434056691,119.852543,apple,Red Soil
83,25,53,26.49195283,80.04678201,6.057697106,57.72799157,watermelon,Laterite Soil
32.4493587,61.13607894,47.13836066,28.38271651,93.5957749,6.499218042,119.9021627,papaya,Laterite Soil
16.76427676,135.8452941,195.3915746,23.71180587,90.23097287,5.859076334,100.8636198,apple,Sandy Soil
27.37002858,64.81219006,22.58169063,21.35021292,23.98809005,5.978231128,120.0937933,kidneybeans,Laterite Soil
13,47,20,29.21780035,87.93724219,6.54450214,43.1386631,mungbean,Sandy Soil
98.04195285,24.83519772,52.87452607,27.58195155,89.95405274,6.171461574,30.41451821,muskmelon,Clay Soil
104,18,30,23.60301571,60.39647474,6.779832611,140.9370415,coffee,Peaty Soil
72.60386689,53.45999256,39.90522421,25.8462821,83.80415694,7.140284916,216.9257695,rice,Black Soil
5.983354444,37.10841794,29.28558891,29.74474296,47.29182838,4.964466992,89.78340017,mango,Peaty Soil
106,70,55,25.86824781,78.52399914,5.74055541,116.3019555,banana,Laterite Soil
10.50869195,5,8.452121107,30.92716493,92.59588917,6.36715538,107.8072645,orange,Loamy Soil
21.50056245,63.38596066,81.66362387,19.10664755,17.50166459,6.501678697,88.34660314,chickpea,Peaty Soil
26.16733566,67.09293657,77.58599969,20.1433007,15.73752731,7.71593972,85.52836672,chickpea,Loamy Soil
55,78,21,33.39438752,62.93692886,6.602888249,63.57445989,blackgram,Peaty Soil
31,78,76,17.57212145,14.99927489,8.519975748,89.31050665,chickpea,Laterite Soil
16.39493484,51.34731702,15.47080495,27.8802204,86.79749084,6.398461996,40.1848506,mungbean,Red Soil
34,45,21,28.18837136,82.60629652,6.287380117,37.01110438,mungbean,Allvial Soil
93.43304507,55.41550718,45.37061233,26.79472257,82.50991767,5.980036865,194.3892271,rice,Red Soil
78.93154176,59.23640097,14.43071179,20.19862331,63.8452017,6.625538406,110.2453009,maize,Laterite Soil
71.5310423,44.61785706,38.5719169,23.54566466,74.58327254,6.749175825,181.2066119,jute,Red Soil
32.75071387,131.3992164,200.990684,15.31810069,80.11902839,5.794576344,72.61009974,grapes,Black Soil
7.05325322,58.42563857,18.42609886,29.67697266,36.50396331,6.217715946,187.7650658,pigeonpeas,Allvial Soil
101.6708889,45.88578929,21.15151272,22.77319447,83.61707842,6.589642541,81.68925494,cotton,Laterite Soil
22.02735291,80.59438821,18.54969108,16.78315845,20.59954643,5.663979773,97.27693804,kidneybeans,Peaty Soil
37,126,196,23.59997268,90.97597665,5.596449493,107.1728191,apple,Clay Soil
2.249827163,29.89971362,30.7799738,26.29874897,94.64747016,6.361584933,209.5884106,coconut,Sandy Soil
3,77,25,24.84906168,22.89464642,5.608165195,62.21292186,kidneybeans,Allvial Soil
19.1365256,24.26763528,44.35200814,23.68077526,90.64716876,6.172430241,106.0066889,pomegranate,Peaty Soil
84.52245439,38.51534749,35.22759469,23.41814369,51.49695804,6.949312453,116.1560458,coffee,Allvial Soil
44.92729514,47.19050635,55.9834381,38.50250338,91.65296717,6.768426097,116.5634858,papaya,Laterite Soil
3.528281046,78.62514523,22.0252796,21.44632906,65.54453653,7.334133202,41.20257998,lentil,Black Soil
54,61,77,18.81198127,15.21618225,6.206582193,77.5429424,chickpea,Peaty Soil
39.66405186,61.57273261,14.67625107,35.07897452,31.365903,4.982253915,116.596937,pigeonpeas,Peaty Soil
22.51239402,9.848137226,26.90927365,28.14493297,94.60966619,5.949263995,214.2140398,coconut,Clay Soil
114.3886654,8.91655154,55.05210817,29.43462586,94.28356585,6.439354825,29.56691596,muskmelon,Sandy Soil
9.426735957,68.99103047,21.3198818,19.03868034,23.55470818,5.59254113,129.3081449,kidneybeans,Loamy Soil
109.4365168,88.20242027,54.5528091,26.26421945,83.73093607,5.888920008,111.9830232,banana,Black Soil
56.41456493,75.0967598,14.43201912,30.46971376,60.12258383,7.183968804,66.71845149,blackgram,Clay Soil
79.65287462,15.3647581,23.82411457,23.09038294,68.13548894,6.660014172,161.4029498,coffee,Sandy Soil
23.63695516,35.15374014,20.96543534,24.29099624,57.02142164,8.188578318,33.53523442,mothbeans,Allvial Soil
115,18,53,29.17052093,94.19790371,6.012480351,22.06994464,muskmelon,Peaty Soil
100,76,45,25.56703012,75.94067692,5.590236025,102.7867717,banana,Clay Soil
13.80331092,15.94107932,6.839246702,34.86566558,92.16695171,6.910369443,97.5695812,orange,Black Soil
79.82210887,16.85612277,55.77714236,28.01908373,92.00320578,6.478470767,24.9514037,muskmelon,Sandy Soil
29.21898662,63.49285589,84.82298828,20.90995029,14.62686699,7.108440227,76.32866905,chickpea,Laterite Soil
74.76637892,53.1769156,38.0129131,26.30008874,83.92987046,7.017221288,260.1304815,rice,Clay Soil
25,22,25,33.56150184,45.53556603,5.977413803,95.70525913,mango,Peaty Soil
3.479339052,68.64877163,19.84322098,19.13849402,46.28425993,5.36353431,148.2817208,pigeonpeas,Red Soil
117.8439575,52.31824958,16.84311056,22.74207037,75.90448889,6.144601841,66.00306699,cotton,Laterite Soil
85.47148411,75.990584,52.73670946,29.11376494,79.71853422,5.901487217,89.63700195,banana,Red Soil
113.0311766,19.03669707,46.45479455,25.4584216,80.33436647,6.249015791,49.45192545,watermelon,Allvial Soil
36.00957586,6.202648055,15.22067419,25.89131847,92.08546024,7.507716565,101.4995235,orange,Allvial Soil
21,29,12,22.30318989,92.15987039,6.438668989,117.3688104,orange,Clay Soil
87.26363338,55.23202762,17.45844046,25.512322,63.42282895,6.546115918,110.0469487,maize,Allvial Soil
35.79808019,8.392029934,34.25249463,28.75003406,94.8329145,6.187151944,224.5038554,coconut,Red Soil
25.23065086,52.65639596,19.69457851,27.43972725,52.16886809,6.033598387,30.84427541,mothbeans,Sandy Soil
21.42782774,15.08661988,26.25150784,29.19661038,90.78022311,6.056346274,188.3162013,coconut,Loamy Soil
104,25,51,28.96361426,93.88482153,6.469983276,23.56130173,muskmelon,Black Soil
86.96756317,28.32621888,32.92732824,25.56922814,69.03103542,6.501700728,168.0124038,coffee,Laterite Soil
103.0501651,51.61523263,23.32080749,22.7608484,83.49872304,7.057462496,90.54032803,cotton,Red Soil
12.63722977,71.73756075,19.26739303,29.39414388,43.44640955,6.870013003,173.4496096,pigeonpeas,Black Soil
28.69741607,42.10820787,21.82408937,31.65672465,57.75121705,5.891023137,44.82980644,mothbeans,Black Soil
39,71,84,20.28155898,16.39535215,8.140825437,82.52339655,chickpea,Allvial Soil
104.2262506,92.25216571,45.85585068,24.85487012,79.03900163,5.744802013,111.1165082,banana,Loamy Soil
37.13648862,37.16099741,14.39782456,28.35066027,88.17758992,6.324803896,56.74910377,mungbean,Red Soil
9.663977066,46.45525852,23.11235292,28.08264803,87.32190478,6.418454245,47.98133204,mungbean,Peaty Soil
94,91,51,29.16093424,76.67484233,5.618094446,109.575944,banana,Clay Soil
38.4201476,62.31388088,49.24727703,31.22504983,94.56690263,6.710528493,46.11672474,papaya,Sandy Soil
29.64626572,23.38108518,35.81655062,28.48987326,91.74845166,5.551964098,160.3910349,coconut,Red Soil
29.94397344,37.28907435,26.52730185,29.70269463,80.48482662,7.07388152,53.87366311,mungbean,Sandy Soil
102.6618058,72.30515729,48.91812924,28.98781209,79.08714486,6.265519294,91.16853314,banana,Sandy Soil
117,25,54,28.68275966,92.50969311,6.150686364,29.11187663,muskmelon,Clay Soil
21,21,38,22.5526059,89.3259486,6.327673765,104.8955643,pomegranate,Clay Soil
25.45334778,79.67940818,20.02545484,19.43030933,24.61664985,5.607385555,105.8403651,kidneybeans,Red Soil
20.93445522,79.3783757,21.22477818,28.22376075,67.76088335,7.339527713,64.67373504,blackgram,Sandy Soil
23.5609061,131.6008139,196.0793727,21.9564795,82.17678726,5.753845434,64.93567206,grapes,Sandy Soil
73.1538631,52.08783547,38.80739281,26.59293342,71.78791436,7.326251269,198.2883134,jute,Peaty Soil
7,11,32,29.25902906,95.11294697,5.542169139,184.7624496,coconut,Loamy Soil
1.405971212,66.64120118,21.11174394,19.53272467,56.77572674,4.819157126,174.3240243,pigeonpeas,Clay Soil
95,39,29,27.35152643,55.99375012,7.13411409,148.9812525,coffee,Clay Soil
32.05580276,142.7142318,201.5708208,11.21360193,80.02281045,5.84660795,68.06111255,grapes,Black Soil
40.82542552,62.51850325,21.87059071,24.06591766,60.34391333,7.425852794,49.48126992,lentil,Black Soil
25.48358486,59.23295876,24.01100333,21.60642626,21.57128098,5.882463865,135.8260117,kidneybeans,Allvial Soil
0.910146565,74.70007873,23.62950177,23.89307213,61.68747295,6.675721597,51.71203308,lentil,Red Soil
101,25,52,29.09910406,94.22237826,6.750145572,22.52497327,muskmelon,Clay Soil
12,58,23,21.74600081,63.39503184,6.765091462,50.43306085,lentil,Sandy Soil
11.29384464,10.4901115,42.30719874,22.49688487,88.73177929,6.425130871,109.3938551,pomegranate,Red Soil
16.58633842,34.26190528,31.28804546,32.45920216,49.64284568,5.295260259,95.06482864,mango,Black Soil
6.258787273,61.20964789,23.3044071,20.86057504,17.84566217,5.812448487,118.6964992,kidneybeans,Allvial Soil
82.46628066,32.41052613,43.56537288,26.983379,80.01787288,6.266107981,169.7580097,jute,Clay Soil
7.412092809,48.8012418,15.44061273,30.80125777,41.67496794,7.640695715,54.05728441,mothbeans,Red Soil
100.7524518,55.86142897,40.57772545,26.48171252,82.01233717,7.447702871,175.2544203,jute,Allvial Soil
114.451253,81.87570914,56.35267846,26.64932872,83.38069032,5.903531251,92.83980876,banana,Red Soil
17.77763615,52.57951774,20.95166781,27.76058425,86.03309388,6.38421327,44.65155838,mungbean,Red Soil
17.94441994,68.74131805,15.28296764,30.06653406,58.87023827,6.552831716,73.96179411,blackgram,Red Soil
27.11038896,25.95137739,42.56587965,24.2618609,90.25459789,6.596758589,109.4173863,pomegranate,Red Soil
55,67,16,34.37329112,69.69366426,6.596719015,70.27184748,blackgram,Red Soil
25.95314667,7.682777694,33.5374421,25.85130764,94.30314767,6.444033932,143.5843579,coconut,Peaty Soil
13,72,21,24.32116642,21.0278674,5.821194486,60.27552528,kidneybeans,Red Soil
18.69394589,18.27527745,27.83840166,27.91228509,51.90228911,4.774560151,94.63553136,mango,Laterite Soil
103.2487139,16.12898671,44.12334794,25.69966525,79.34922221,6.223908997,44.06375058,watermelon,Clay Soil
89,28,33,26.44414097,53.83876189,6.993236001,175.3723314,coffee,Peaty Soil
27.66158998,80.27806451,26.05484125,20.09540977,59.22700855,6.001872649,198.1363589,pigeonpeas,Clay Soil
21.54257808,60.46959034,78.45173534,17.98861795,15.71841764,6.339039462,89.60316722,chickpea,Laterite Soil
37.6766969,34.98878871,27.88074193,27.4210026,47.83553666,5.934569555,90.51644483,mango,Black Soil
120,23,55,27.84492803,91.60666594,6.732049075,26.47844429,muskmelon,Allvial Soil
86.68217688,58.73222089,36.09247155,25.65158799,82.47305677,6.946003493,243.234943,rice,Red Soil
38.21244117,136.8667104,202.6988566,23.14147152,94.51201553,5.923905022,114.9775372,apple,Allvial Soil
115.8438468,50.44155104,17.38099417,23.06174454,78.64591511,6.067982685,98.94345749,cotton,Loamy Soil
21.649804,28.1462273,23.58456356,26.4489027,91.38051244,5.521291182,168.7261737,coconut,Loamy Soil
99.68762731,93.16145211,46.43720151,28.29507224,81.11528931,5.722237107,98.72703682,banana,Peaty Soil
84.18568122,34.18617782,26.72890249,26.31949485,51.69719003,6.884202159,188.1673855,coffee,Peaty Soil
9.910416634,5,5,20.84126805,91.66276067,7.852843786,114.5494029,orange,Laterite Soil
35,64,15,28.47442276,63.53604453,6.500144962,69.5274407,blackgram,Red Soil
136.4586807,51.63334518,18.16382399,24.15746424,77.03214763,6.417381098,57.83806969,cotton,Clay Soil
31,8,7,34.51465139,93.63812684,7.163245982,103.5684926,orange,Black Soil
36,133,198,25.51939719,83.98351748,6.2286454,69.17281221,grapes,Laterite Soil
59.68926046,61.35821647,78.97735408,20.86764422,20.04601943,6.351174705,92.01355491,chickpea,Clay Soil
63.35037621,36.82206456,18.75173648,18.48697628,61.80722861,5.950991277,64.15891566,maize,Black Soil
30,137,200,22.91430043,90.70475565,5.603413172,118.6044645,apple,Black Soil
96.29991966,34.33916354,25.00371772,25.11199563,55.13989035,6.291798214,165.4591016,coffee,Clay Soil
17.57171824,61.2333732,26.83065406,27.33637826,68.7258771,6.691614398,62.1162973,blackgram,Sandy Soil
10.20707429,33.99114098,25.35386399,33.40553446,44.29599229,6.154178417,97.85855009,mango,Loamy Soil
24.25472754,42.69741029,25.9752675,31.3483636,56.85250316,5.880057474,46.50094648,mothbeans,Black Soil
27,64,21,32.84213012,68.68401492,7.543804223,73.67166182,blackgram,Sandy Soil
11,53,24,28.52396666,55.77264351,7.39389918,61.32935611,mothbeans,Loamy Soil
38.55509825,132.1483793,198.5045884,20.22163647,81.75528137,5.945646539,69.38045933,grapes,Loamy Soil
13.95505889,140.4472963,195.5387708,13.3274775,83.81377788,5.709724988,63.87665834,grapes,Black Soil
110.5419122,41.53744416,18.44671909,23.54024089,78.02694664,6.10794054,79.75298903,cotton,Allvial Soil
28.91003024,72.86583416,22.35403541,19.89389437,21.39500818,5.999248882,64.53173438,kidneybeans,Black Soil
34.24815983,143.4625489,203.6512639,21.15327495,92.40070299,5.813455392,123.9487691,apple,Sandy Soil
111.7751101,39.56367405,27.72722004,26.43849883,62.89732808,6.730157441,149.4429859,coffee,Black Soil
39.2150098,17.2602261,44.54607872,18.0443063,90.47257062,6.929994072,105.3028211,pomegranate,Red Soil
15.08202793,20.06586844,13.75657884,17.3208158,93.33000717,6.663113166,106.6246779,orange,Sandy Soil
31.42878942,46.84091486,44.92547246,40.77402492,94.13206821,6.560386407,133.6013212,papaya,Sandy Soil
34.47490815,15.30576979,32.49239407,27.15726478,89.9745206,5.670028086,225.90255,coconut,Allvial Soil
79.36035704,33.4225408,41.83977297,26.45642411,84.10407523,7.107386252,183.2148255,rice,Clay Soil
24.54674709,71.25784095,22.53043568,28.26646632,60.36726699,7.204030529,74.1070024,blackgram,Allvial Soil
57,67,25,32.34744009,66.61452812,7.551364319,64.55882254,blackgram,Peaty Soil
19.50620854,8.17222018,10.85358129,14.82851741,91.23961138,6.103118023,102.9719866,orange,Loamy Soil
16.67377513,5.785646123,12.54792631,20.89776401,89.32101567,6.269418664,103.2835418,orange,Sandy Soil
111.6205416,86.8935543,49.51336056,26.41888658,81.39527086,5.557930525,96.82663058,banana,Sandy Soil
42.39071898,139.9598495,196.7214971,15.09254131,79.25198612,6.307842158,70.38094096,grapes,Peaty Soil
52,63,19,29.58949031,68.32176769,6.928898659,67.53021213,blackgram,Black Soil
36.460847,42.41796864,22.41209085,28.28374115,84.82204525,7.137842016,52.52392529,mungbean,Clay Soil
31,136,197,31.11047251,83.34010951,5.653776058,71.43001582,grapes,Loamy Soil
76.10321818,59.60712724,39.29761419,20.11477252,80.30339802,6.786575228,209.6929984,rice,Red Soil
18.76388806,45.52325602,22.07634324,29.58090111,89.3904815,6.878379868,55.13280231,mungbean,Sandy Soil
8.639384207,22.78749175,36.74936276,19.55601095,87.53681745,7.086113753,100.9898306,pomegranate,Sandy Soil
36,66,15,30.08545364,69.34811988,6.668238556,67.1367443,blackgram,Red Soil
24.69284238,7.271380121,35.31798313,28.55425172,99.98187601,5.523937526,192.7849363,coconut,Allvial Soil
102.6931418,20.69624666,48.9928671,29.86221051,90.17001755,6.358218668,24.62616966,muskmelon,Laterite Soil
31.11229049,58.88014651,16.65014819,23.37340531,22.54860462,5.750156607,89.95479256,kidneybeans,Loamy Soil
43.32171585,61.97841683,22.84005949,26.24912724,62.81745298,7.427115763,68.43662107,blackgram,Laterite Soil
30.37481744,6.42920365,25.14690534,29.42531214,92.21692672,5.738430558,154.777384,coconut,Red Soil
34.11097776,72.53349989,15.28859046,29.84016042,65.77284637,6.902163552,199.8979128,pigeonpeas,Peaty Soil
58,63,81,19.81344531,14.69765308,6.515499549,78.96514709,chickpea,Sandy Soil
21.01306153,59.0134484,23.26095307,29.6051663,42.30958958,6.900815557,185.5261131,pigeonpeas,Allvial Soil
80.52955866,23.83017136,53.55509003,24.43705521,87.06661079,6.070569094,50.43231038,watermelon,Clay Soil
118,88,52,28.65003945,82.68752542,5.843163161,98.75084366,banana,Clay Soil
37,64,22,17.48189735,18.8251973,5.954665349,121.9401369,kidneybeans,Red Soil
9.222282853,70.8221852,22.30430452,29.34174108,44.77706451,6.867745526,169.6368559,pigeonpeas,Black Soil
52.28152126,61.36053388,78.06414499,19.25099016,16.76834974,8.360596557,74.28804322,chickpea,Laterite Soil
106.0583783,73.18964295,45.13302777,27.95531448,81.24014138,5.754450874,94.91087472,banana,Clay Soil
1,62,23,15.43546065,18.37477907,5.607808432,139.0302034,kidneybeans,Laterite Soil
83.91816364,21.79481083,54.11211401,29.54927266,91.46105439,6.061597662,23.7842725,muskmelon,Clay Soil
12.06189756,34.08052178,32.87800906,29.25786717,49.30976681,6.839645146,97.56937373,mango,Laterite Soil
90.59886607,13.73188002,46.11488222,29.04785802,91.6087491,6.107302085,26.58767661,muskmelon,Peaty Soil
95.26398304,10.9563818,49.70569668,25.62479503,84.05442697,6.671995898,44.6488655,watermelon,Red Soil
22,78,76,17.84851658,19.09172907,8.621662982,76.32470713,chickpea,Allvial Soil
33.45841185,120.9180545,205,35.26442691,82.56908164,5.548160614,71.53180728,grapes,Black Soil
41.61337123,66.37134161,77.59652014,19.18322259,14.68905469,7.113426337,77.72924146,chickpea,Red Soil
14.29200245,9.717867982,39.73879283,24.54415286,86.47616555,6.708434828,105.1492709,pomegranate,Peaty Soil
33.30343043,5.823531244,24.69765573,25.95857148,90.38955231,5.82994263,148.0514821,coconut,Peaty Soil
77,52,41,23.89069041,83.46409075,6.097294061,167.7230632,jute,Sandy Soil
102.3918865,33.69034985,30.02935082,26.87573285,50.65972129,7.144729001,127.0860969,coffee,Laterite Soil
23.46942943,68.44750814,77.39426068,17.22663794,15.09625743,6.229043493,72.72346815,chickpea,Allvial Soil
93.47124932,70.6673091,49.65023697,25.16916431,82.4810349,6.196665648,91.67467282,banana,Laterite Soil
4.026341986,23.67156712,5,22.51356922,93.27396942,7.434808053,109.1631381,orange,Peaty Soil
89,9,47,29.47156259,90.77069618,6.668382766,28.75226067,muskmelon,Clay Soil
104.3413101,23.13385929,50.93394035,28.82468627,93.98402998,6.476342489,23.28975538,muskmelon,Black Soil
31.30509143,29.29310959,33.56872039,27.09122642,92.40315277,6.108749607,144.8861885,coconut,Loamy Soil
13.99496814,23.79960156,23.6399591,26.13561951,97.16914926,5.649291926,138.5421344,coconut,Clay Soil
29,76,15,28.5417236,64.2020154,7.025607706,69.68862306,blackgram,Laterite Soil
23.62061078,57.09717974,16.48727804,30.14417305,87.26345413,6.858700344,43.76580901,mungbean,Sandy Soil
16,65,16,18.13027797,62.45851612,6.078724107,50.6128521,lentil,Peaty Soil
20.79732916,122.9012762,199.3157493,23.28614005,91.75561764,5.803056911,110.4895736,apple,Loamy Soil
37,135,205,11.82768186,80.2827185,5.510924849,74.10225057,grapes,Peaty Soil
37.89933071,137.6441216,204.3270138,24.94543507,84.23386776,6.303546826,73.46381588,grapes,Loamy Soil
35.08214053,67.98245373,21.38953542,17.10459902,25.15649578,5.604115369,72.32866672,kidneybeans,Black Soil
19.19304501,49.09441252,22.76647153,30.7576429,46.46424996,9.421134921,41.06318933,mothbeans,Black Soil
15.98841003,8.539773532,9.940693232,22.5895309,90.40277352,6.382674913,119.5134076,orange,Clay Soil
76.55105127,57.08668112,48.53642326,25.18502822,74.02662789,6.097903612,166.3601891,jute,Clay Soil
39,145,201,36.73126647,80.58931938,5.775600435,72.24230804,grapes,Sandy Soil
106,20,51,29.73019662,90.97015715,6.342573112,20.49035619,muskmelon,Laterite Soil
15.2639749,120.8383762,205,10.05509812,84.39992348,6.188106634,70.43342922,grapes,Red Soil
35,58,20,29.38538562,63.47742011,5.761702519,90.05422663,pigeonpeas,Black Soil
41.77099569,80.18943464,24.6717865,27.75099594,63.13167267,6.82861296,66.66522867,blackgram,Loamy Soil
109.266589,5,47.64566795,28.04353112,90.71148024,6.240380182,21.68039621,muskmelon,Black Soil
83.53760494,38.07045351,41.58996225,21.69244343,82.53189549,6.244795022,275.4775373,rice,Black Soil
61.94325251,63.71070556,51.68509362,43.16403725,92.13707038,6.65101438,109.6074897,papaya,Clay Soil
134.0146122,56.7423653,17.38830017,23.77472457,83.63617348,6.714783633,75.41692601,cotton,Peaty Soil
57.81527068,61.34164097,17.07133004,30.9964177,64.44927333,7.39337486,61.48635901,blackgram,Loamy Soil
82.00823697,28.97587081,50.06643678,25.53597957,88.1591029,6.695165966,47.41452779,watermelon,Sandy Soil
111,32,34,25.46743689,69.35161206,6.392048018,171.3764462,coffee,Loamy Soil
36.90835655,69.53723093,17.78917946,29.85233051,66.69713456,6.920009692,195.0508567,pigeonpeas,Peaty Soil
39.31242771,61.30735056,19.69329385,27.10586928,35.50205683,4.706907945,97.45654918,pigeonpeas,Peaty Soil
101.1316098,24.9733117,29.580782,25.5932714,57.69915105,7.101635102,196.8374582,coffee,Black Soil
31.09460383,27.8240622,29.67922886,31.71247739,51.73523037,5.029409093,99.66867094,mango,Loamy Soil
35,30,34,28.2974764,95.41122824,6.141502001,182.4482352,coconut,Black Soil
112.1802143,38.21982114,27.16309978,26.12268934,62.1398168,6.72529626,146.2587519,coffee,Black Soil
65,62,51,31.53243779,90.87394933,6.511624841,207.0735119,papaya,Allvial Soil
111.7243288,5,54.63376702,26.25211578,84.64374971,6.534029094,49.25030693,watermelon,Clay Soil
73.59794629,53.12460139,15.2777137,22.5483942,63.99025801,5.739991516,86.21872892,maize,Sandy Soil
19.64305117,7.191096918,9.498611342,14.81911268,91.68369942,6.138535281,100.8301051,orange,Loamy Soil
91.82164467,81.23754285,52.61095187,28.1753008,76.33379037,5.930313931,105.2087991,banana,Black Soil
67,41,40,25.848795,87.81661683,7.333143205,152.6194403,jute,Peaty Soil
18,14,11,28.04799508,90.00621688,6.550814117,117.1311498,orange,Black Soil
39.46676513,137.7745614,203.787364,21.1378794,82.01691837,6.373311677,75.11559922,grapes,Allvial Soil
34.38115325,74.82844753,24.89891335,23.57674566,51.85236332,4.760917377,192.4706749,pigeonpeas,Sandy Soil
35.94403782,36.37735749,26.48336132,32.90027469,51.85171662,4.647216127,96.10692226,mango,Laterite Soil
122.1026961,59.41287551,17.82141921,23.58913275,83.22442153,6.204960586,80.06914845,cotton,Peaty Soil
36.9335536,60.35982861,21.71550821,29.92402142,60.06436519,7.517917316,47.84901329,lentil,Clay Soil
93.64978645,23.89875061,45.25012424,27.85375428,90.82666819,6.272338781,20.74077776,muskmelon,Red Soil
27.44494426,71.79545762,22.5467386,23.23626819,47.65154121,7.105537441,151.6415283,pigeonpeas,Allvial Soil
14.84545578,67.24024309,15.97798831,27.6590973,68.55765488,7.065501405,42.51986164,lentil,Allvial Soil
88.49865537,28.34565134,49.59850251,24.32854523,89.32256799,6.090769805,47.9808529,watermelon,Allvial Soil
11.2284352,60.33242497,20.44178036,19.20863697,24.44364883,5.643983051,69.18796744,kidneybeans,Laterite Soil
10.1877511,35.89923913,33.33922427,36.25540285,52.6771756,5.960551409,93.84887102,mango,Sandy Soil
110.3561781,5.866114333,50.57896262,27.51509094,90.5744789,6.376109769,24.76396542,muskmelon,Loamy Soil
22.84298947,55.23452221,16.51136526,23.83382332,66.88321269,6.530043993,49.58863973,lentil,Sandy Soil
88.16051607,23.40754646,29.66985121,26.5754734,61.42022926,6.968438978,194.6986666,coffee,Black Soil
62.18630385,53.18616135,40.48451133,26.34400096,78.24916571,6.84791591,183.7951142,jute,Peaty Soil
34,80,19,31.49338309,63.0563645,6.521217963,71.48327008,blackgram,Allvial Soil
39,73,24,25.65842532,61.18235808,7.22405917,69.28607828,blackgram,Laterite Soil
5,65,16,21.32776028,18.48522915,5.866744372,109.1013261,kidneybeans,Red Soil
115.615812,10.66223606,48.54789655,24.37822436,89.4680755,6.599309687,40.04268101,watermelon,Sandy Soil
130.953575,52.43355868,14.46251124,23.59450605,84.40562146,6.463146662,88.88297182,cotton,Laterite Soil
15.89024633,144.2759884,200.4078344,27.01127148,80.0898826,5.950686119,68.01021292,grapes,Clay Soil
62.20853148,64.23071678,49.03229697,43.36684797,92.52472564,6.615614994,111.7823723,papaya,Clay Soil
8.772166344,15.72183346,30.73615669,26.00544638,93.72064631,5.843117875,172.4085508,coconut,Allvial Soil
79.57925113,18.71751992,47.76495129,28.12060627,91.85443749,6.695314512,20.21126747,muskmelon,Clay Soil
57.14882016,69.45554435,81.58321969,20.7086923,16.1332664,6.259848165,73.96605614,chickpea,Laterite Soil
90.51438762,16.25804969,51.83636083,27.03754456,92.68593709,6.436818964,25.80005564,muskmelon,Clay Soil
88.21015919,15.70164015,52.36575954,29.93711498,90.80457336,6.649377265,23.86541421,muskmelon,Red Soil
12.00221537,26.47774529,28.36531046,27.61814056,47.87924233,6.416866412,89.60343121,mango,Allvial Soil
36.44660896,64.8928403,18.84117945,25.66248822,63.56313695,7.681415164,53.23593461,lentil,Sandy Soil
57.41014259,73.84292225,26.32861005,25.47586243,60.88486497,7.277442722,68.15928501,blackgram,Loamy Soil
3.077480538,79.26483206,15.61192524,20.18124525,68.08808965,6.900889161,52.16208412,lentil,Red Soil
119,9,50,26.74550678,83.9195902,6.251286661,40.794305,watermelon,Allvial Soil
73.46699372,47.73864052,37.98855719,23.4829558,70.50542512,7.489336275,164.2977397,jute,Black Soil
82,35,35,25.49386782,86.97061481,7.299076163,176.5268267,jute,Loamy Soil
42.26588401,73.23621167,83.85133218,19.10138176,14.25803981,7.570119384,66.72590818,chickpea,Laterite Soil
24.41862673,131.953602,199.1276093,22.42897216,90.79598778,5.764805853,100.3342043,apple,Sandy Soil
15.66263922,62.77107973,17.75350233,31.17763955,30.30457598,7.191526561,179.6412828,pigeonpeas,Loamy Soil
6,128,200,25.96308415,82.57813624,5.838748311,70.31782647,grapes,Loamy Soil
20.20929061,24.7914422,30.089043,27.03441951,98.77122182,5.674883833,164.318797,coconut,Red Soil
40.10373126,9.242078892,42.34324467,24.2555038,84.40566583,5.765204796,108.0275128,pomegranate,Black Soil
98,25,52,25.2801372,83.15393658,6.224066378,49.29456609,watermelon,Loamy Soil
32.60084671,42.98080144,22.64943233,31.99008397,53.19484268,5.276012687,70.93242076,mothbeans,Allvial Soil
11.64854021,43.94373254,17.78985191,26.27714012,54.8057777,7.954653054,34.80115708,mothbeans,Black Soil
57.51259261,52.3854029,47.89063308,42.24829194,92.13559761,6.76132687,197.771431,papaya,Laterite Soil
42.37391026,78.64731263,18.59377076,20.67735624,63.31638243,6.406404173,41.31562226,lentil,Peaty Soil
9,66,21,30.11812084,34.13307843,5.719889876,157.0858232,pigeonpeas,Red Soil
21,44,18,27.06909959,86.89934108,7.12851089,50.46746116,mungbean,Loamy Soil
53.12040275,67.57725258,51.13242927,35.77876862,92.19729456,6.570766687,142.7542994,papaya,Allvial Soil
118.1248078,30.01366554,31.02720556,24.16122536,66.62839239,6.365035869,169.6813622,coffee,Loamy Soil
73.14960569,55.81370276,24.17009081,18.14298053,66.08459649,6.830652105,80.93036172,maize,Clay Soil
7.342036168,61.7724327,21.52412467,20.80539865,18.07328046,5.822168666,122.1338432,kidneybeans,Allvial Soil
20.42419473,40.27930511,14.91413931,29.47260866,87.201923,7.228712351,45.65721337,mungbean,Loamy Soil
41.06669791,18.81340972,7.617226661,34.8260318,91.7484488,7.408931566,102.3659126,orange,Sandy Soil
19.11735345,68.71915598,23.60360382,25.36640379,64.48899706,7.68926401,63.48610215,blackgram,Clay Soil
14.96042122,17.42391903,34.8226967,31.08551874,45.55491488,4.792606665,91.00759496,mango,Black Soil
12.20704455,145,194.8768157,22.88029344,95.29826596,6.296314112,104.0444977,apple,Laterite Soil
17,52,17,27.88352946,86.45147631,6.364967184,44.64407105,mungbean,Red Soil
37.48040798,50.28473626,25.41365895,29.60134239,88.47075406,6.54355906,55.28747402,mungbean,Peaty Soil
108.4464777,21.66192033,23.43324545,24.97106374,67.31275652,6.998017661,194.2498741,coffee,Red Soil
86.24008243,81.14142724,43.2500666,27.72410878,80.93110244,5.810926964,98.92711098,banana,Clay Soil
5,144,205,21.42177231,92.62665309,6.184922574,102.8045658,apple,Peaty Soil
34.16093145,56.22759165,85.87060803,19.16327438,16.43035041,7.438510737,78.23455433,chickpea,Clay Soil
82.84486365,25.15821024,55.3334699,26.63172456,79.77177876,6.08881578,59.59348705,watermelon,Laterite Soil
32,41,16,28.63618921,61.39451307,7.702287236,68.54877876,mothbeans,Clay Soil
81.8545982,22.92924923,46.18935174,28.42282115,94.52694531,6.58899895,26.77774171,muskmelon,Black Soil
38,56,25,25.74095321,45.38497051,7.88118645,67.43488235,mothbeans,Peaty Soil
28.08310816,19.60581627,26.63749985,27.69566383,93.3206916,5.831180554,142.5392785,coconut,Laterite Soil
36.34851284,55.33688648,80.77386726,19.56258761,17.51208735,8.430458139,77.86188863,chickpea,Peaty Soil
40,29,42,24.63228709,89.01574455,7.104094929,110.6956184,pomegranate,Peaty Soil
39.9270166,57.96168428,15.05036286,29.27530638,87.50237623,6.953439705,44.07295792,mungbean,Sandy Soil
84.98753975,58.97106989,22.93175228,20.41056109,63.09812631,6.425362915,65.43383726,maize,Black Soil
19.36740757,7.601651396,9.453020133,27.10521284,91.4868438,6.997849298,100.91314,orange,Allvial Soil
75.37398551,40.60750632,23.41490662,22.74425966,64.39530247,6.798631819,91.60847504,maize,Black Soil
83.27563203,26.96742427,29.82110264,23.22088032,53.07250065,7.179196392,167.6075234,coffee,Black Soil
8.754991876,58.77879181,25.21162486,28.60258814,87.1488494,7.163135933,39.76501755,mungbean,Clay Soil
31.30628561,70.70141332,16.58463477,28.82880432,49.27152042,5.830283095,95.56128776,pigeonpeas,Sandy Soil
25.82080021,72.16285306,84.26881133,18.72099014,19.11393124,6.471018463,71.93418977,chickpea,Peaty Soil
82,46,41,23.3250131,79.79609448,6.581693772,187.3096148,jute,Black Soil
10.66954059,80.72757378,19.95365367,20.89445271,54.8684906,5.574276782,184.395353,pigeonpeas,Sandy Soil
105.7323815,10.80671666,48.66830417,27.68725838,92.30195274,6.354259337,21.66338462,muskmelon,Sandy Soil
13.47835778,58.58183232,16.91168274,30.55308982,60.02469388,4.604151869,36.31939836,mothbeans,Peaty Soil
106.2656824,48.30582164,23.71178692,22.87120144,76.37414561,6.973820998,90.85317035,cotton,Sandy Soil
109.4522575,36.88877016,18.22962921,25.55172283,76.5634631,7.542370129,60.70369493,cotton,Black Soil
30,28,30,31.86641378,52.19331595,5.064613314,98.46768642,mango,Loamy Soil
30.46285492,71.25599437,14.6184553,28.50773468,48.84929858,5.89137974,94.44074698,pigeonpeas,Sandy Soil
93.23797966,59.06375631,39.85530481,20.5364177,84.51091942,6.941401435,280.8096662,rice,Laterite Soil
99,73,53,26.29039046,81.06003778,5.871702211,118.6730366,banana,Laterite Soil
40,24,25,28.70595247,50.44030129,5.445008416,95.8946444,mango,Clay Soil
38.81163085,78.20453626,20.13793193,19.12428531,20.69212127,5.644545674,81.05572173,kidneybeans,Peaty Soil
112.4942317,40.08158975,27.78558777,26.07329976,62.5198885,6.694061311,145.61161,coffee,Black Soil
120,23,28,25.67324193,51.29043632,6.877799264,196.2736367,coffee,Clay Soil
25.8708692,19.82404067,13.4025334,32.42455342,89.90634205,6.480281247,103.3049645,orange,Red Soil
12.69973416,122.5941856,197.4166139,12.20307559,83.53529597,5.639401021,70.94650152,grapes,Peaty Soil
59.0518353,43.48989437,21.5244071,24.50276233,65.71094496,6.664275696,89.897723,maize,Laterite Soil
8,25,36,19.91330523,94.95031368,6.828522375,104.0277061,pomegranate,Laterite Soil
94.14231061,43.50609175,39.05444662,23.60148274,86.40465477,7.012770095,148.7227031,jute,Laterite Soil
51.37939951,63.52809767,18.0460873,32.69307155,66.67037279,6.808863541,69.11431679,blackgram,Clay Soil
7,56,18,18.31357543,24.32991649,5.698371311,76.14153904,kidneybeans,Clay Soil
56.92705314,61.29069016,15.06113574,31.58989702,60.62730644,6.546691813,66.37788452,blackgram,Allvial Soil
65.18326621,42.49991653,37.76374017,26.25286647,85.2269122,6.012956865,189.7880328,rice,Red Soil
29.03228265,10.24026107,30.28171425,29.94688641,91.09367902,6.325654819,192.9506182,coconut,Sandy Soil
81.9401221,45.99398635,22.55364648,18.581235,58.89616819,5.651469162,82.44560222,maize,Red Soil
38.65307181,30.52755906,30.41026297,26.63428993,95.27730872,6.195283528,199.8855006,coconut,Laterite Soil
118,31,34,27.54823036,62.88179198,6.123796057,181.4170812,coffee,Peaty Soil
6,142,202,27.23708304,82.94573346,6.224542938,70.42508897,grapes,Allvial Soil
80.46852081,76.92227567,51.46825931,25.93771609,78.98503394,5.591878361,112.5415514,banana,Sandy Soil
1,35,34,30.79375683,46.69536813,6.27339822,92.21318555,mango,Clay Soil
4.327149427,137.008592,192.8984153,22.43021827,91.36043866,6.306016404,107.6538551,apple,Red Soil
12.00815792,20.01569565,34.20269491,27.27646258,52.24547255,5.546979507,92.21826178,mango,Clay Soil
25,143,198,22.81212536,91.51861705,6.027314401,107.855225,apple,Peaty Soil
101.9974236,21.36506353,26.39032489,26.97020095,53.94363013,7.49637705,178.2371373,coffee,Loamy Soil
69,57,35,24.30748599,78.54340987,6.186814392,186.2337571,jute,Laterite Soil
95.16393209,26.53875742,28.56929331,24.71204803,53.50092563,7.232004229,199.0394503,coffee,Clay Soil
71,46,40,20.2801937,82.1235421,7.236705436,191.9535738,rice,Clay Soil
19.87480553,49.93307441,23.20446623,30.94142562,46.60860652,9.371093628,37.80107577,mothbeans,Black Soil
14.09029642,48.14279009,20.0699526,29.28143052,83.95665989,6.980690768,55.66254755,mungbean,Red Soil
7.400210218,9.941945475,8.234947409,25.07494765,94.87910172,6.51967786,112.2214378,orange,Peaty Soil
35.42179211,65.12873374,16.40718497,19.06828013,21.22081916,5.920346585,123.6237322,kidneybeans,Loamy Soil
57.54513058,54.06700184,18.51582393,31.78521446,62.07796784,7.296950402,67.91123222,blackgram,Sandy Soil
89.30245719,85.10966835,55.94738676,26.72087977,77.81606366,6.275165539,92.22450552,banana,Loamy Soil
17.2654268,77.85217665,24.81090458,24.57008234,22.00368204,5.679397161,63.40366922,kidneybeans,Clay Soil
32,55,52,37.58899717,91.99740365,6.9677596,159.6577388,papaya,Sandy Soil
89.3639024,57.99265578,22.65715224,18.5516641,73.41665376,6.157484837,83.68345173,maize,Red Soil
36.99073268,62.82287931,19.85730025,23.62658216,62.04899397,7.385748203,52.43487468,lentil,Black Soil
84.71784263,58.48912358,47.29281392,25.6449954,82.56558712,5.856284295,246.3268747,rice,Loamy Soil
22,37,20,27.62749466,86.49366929,6.605733068,39.26137642,mungbean,Sandy Soil
28.3628242,65.14345828,23.41867104,28.61053278,61.65179551,7.402687262,76.97036573,blackgram,Clay Soil
36.58874212,43.52137791,19.72274662,25.18870596,51.58596415,4.506123184,39.681964,mothbeans,Loamy Soil
100.2577402,39.38371497,34.66782514,27.67460249,53.89954484,6.916412757,176.7456033,coffee,Red Soil
28.39644154,9.420963185,35.35716535,27.81504066,97.35151412,6.459788943,153.1495289,coconut,Clay Soil
27.9101722,65.01712152,23.00790078,21.76506111,24.98727308,5.977892478,121.4457366,kidneybeans,Laterite Soil
48.59667423,55.39842198,17.87370202,28.59533702,65.8960233,7.590739046,65.12743466,blackgram,Allvial Soil
94.57851111,20.90794344,26.55586098,23.46400222,60.62431659,6.088729118,188.0351059,coffee,Loamy Soil
83.81816892,57.39167187,38.31558166,26.02283067,83.2321104,6.933985922,242.7147536,rice,Red Soil
24.63727907,5,43.65749428,21.1191942,93.86731188,7.17928471,107.3099555,pomegranate,Black Soil
14.00785727,23.89871577,25.14057836,26.23712477,96.603949,5.60806226,135.167231,coconut,Clay Soil
88.56636999,23.28255289,54.58391427,24.57231418,85.85808502,6.36116541,50.28344826,watermelon,Laterite Soil
20.88468501,31.82508004,11.91505143,15.81594499,92.0637748,6.369193411,119.5482137,orange,Black Soil
36,67,20,20.39078312,60.47528931,6.924042372,53.31508572,lentil,Clay Soil
11.83496888,67.67980373,17.46322723,17.08069121,20.90845618,5.886311488,115.1114906,kidneybeans,Red Soil
96.31838021,28.41331699,32.59488763,25.66504694,60.69779222,6.247391228,197.5364964,coffee,Clay Soil
30.5350804,76.73280122,75.79224358,17.59916287,14.25803981,8.511302637,88.63980698,chickpea,Laterite Soil
116.0035865,55.82964607,14.89272496,25.80317596,77.4228397,7.381906702,87.69303327,cotton,Peaty Soil
4.531870134,14.98084708,28.66719739,36.05394812,49.59593237,4.572990235,97.09447618,mango,Laterite Soil
119.3121086,5.833338333,53.67910785,29.39716952,93.64549815,6.233784837,26.27574161,muskmelon,Black Soil
1.12532242,143.7137452,194.8414269,23.00673775,90.42322159,5.645971225,107.0918466,apple,Clay Soil
120.9974847,19.11217529,35.74430415,23.48222265,51.47930327,6.878595035,130.6929112,coffee,Allvial Soil
106.1336891,39.84753906,29.77178859,23.36920077,63.94406127,6.771541779,124.2015943,coffee,Clay Soil
84.25440743,57.26739368,23.79981894,19.63988594,59.40978188,6.374202182,62.81760822,maize,Laterite Soil
113.912446,17.2142008,57.85052255,27.81440352,93.00256762,6.754348754,27.22353012,muskmelon,Black Soil
18.50524248,11.7735491,34.57155442,26.22078817,96.58011433,6.355042102,130.8011077,coconut,Peaty Soil
65.0543821,58.65323564,38.6438409,25.08200012,80.93969055,5.441817903,220.0401592,rice,Sandy Soil
121.2922357,19.9547367,49.57845227,25.90089532,83.88859955,6.728826338,53.80831878,watermelon,Clay Soil
25,130,197,39.70772192,82.68593454,5.554831977,74.91506217,grapes,Clay Soil
17.68040156,80.77194284,22.6186361,31.43531776,56.76611527,7.325343529,119.7142692,pigeonpeas,Loamy Soil
33.29506789,11.21805697,9.008249705,31.66875053,94.81071911,7.353979905,115.3615355,orange,Allvial Soil
93,26,27,24.59245684,56.46829641,7.288211994,137.7044047,coffee,Peaty Soil
74.97761072,33.18305689,36.46546528,24.76646784,82.87663438,5.04614844,185.5153498,rice,Loamy Soil
24.43277272,129.2961879,193.6727417,17.92783085,82.19572403,5.773147588,74.20630691,grapes,Sandy Soil
2.259819301,23.3947831,38.03880676,24.52928042,91.93312756,5.919274821,110.6459186,pomegranate,Sandy Soil
106.0606041,61.27817361,14.98137498,22.64883661,77.20560715,6.570087969,100.6253485,cotton,Laterite Soil
5.825798606,23.64891968,14.2315904,25.89142375,92.99932516,7.409407247,114.1129094,orange,Laterite Soil
31.63657525,13.25926886,26.95340901,25.09039563,97.3538581,5.568969694,217.7445284,coconut,Loamy Soil
70.66747588,45.45128512,33.70386172,25.53916653,84.15155002,5.775852205,198.8929678,rice,Allvial Soil
31,58,15,27.11026483,84.96771717,7.121571293,51.52617423,mungbean,Allvial Soil
84.37500013,39.89856177,32.67518131,26.2605183,51.92577098,7.395771644,135.3990164,coffee,Black Soil
52.38487352,67.04416363,77.83742534,17.19606724,16.61201995,6.912093697,83.45632206,chickpea,Allvial Soil
82.47034653,25.31236145,27.32963513,24.53800554,53.65011565,6.098878743,182.3597573,coffee,Peaty Soil
24.46293427,137.8247105,195.0497113,22.45860448,91.71544357,5.785954397,119.9179005,apple,Peaty Soil
34,66,19,32.97030511,60.18122078,7.586642101,73.44678678,blackgram,Laterite Soil
85.58717557,19.09950907,48.33924462,29.0708661,91.28845553,6.582492202,21.24641506,muskmelon,Loamy Soil
21.10095593,8.399845162,45.32127312,19.10004832,89.39365001,6.050402109,111.3164379,pomegranate,Clay Soil
26.22478315,63.7654448,19.47082455,33.9023558,62.41931017,6.560773182,69.93039296,blackgram,Red Soil
31,29,26,28.22373428,47.40519056,5.024124684,97.76832322,mango,Black Soil
19.25910477,5,9.92553708,20.73501292,90.57248509,6.222883541,104.7755238,orange,Sandy Soil
86.16867571,35.83748799,25.79504704,26.74730062,72.01696905,5.732540584,72.53500221,maize,Red Soil
35,80,25,28.09269012,44.93322042,4.895927306,197.1144011,pigeonpeas,Laterite Soil
73.94798934,44.78742206,44.55488662,25.4636658,85.17339166,6.745787274,167.8496722,jute,Red Soil
24.00272744,9.97176676,28.88569191,28.07260715,95.0474311,5.96462278,216.2044507,coconut,Clay Soil
28.9555618,143.6585693,205,22.08885934,91.74073354,5.842796887,119.631913,apple,Sandy Soil
8.646202628,33.30982842,29.2541371,30.16876034,48.59988526,6.447543854,90.24694815,mango,Peaty Soil
105.7701441,59.90457758,24.49066072,23.81531229,75.78649517,6.187976121,89.06670656,cotton,Loamy Soil
37.69820862,71.15289278,19.81011714,26.24446676,68.21942531,7.336501514,45.99510427,lentil,Sandy Soil
36.72581889,81.55861836,20.15780223,33.52131752,50.21690095,7.083515842,99.40788617,pigeonpeas,Black Soil
87.77936118,24.00801343,34.2134058,23.39500522,63.72308845,7.164954999,130.1631983,coffee,Red Soil
110.9679465,49.60461955,14.5024734,25.21191401,79.88988506,7.900588802,84.32184806,cotton,Loamy Soil
28.82162746,77.62379145,24.36451343,23.1690836,22.59953962,5.949089091,63.03369454,kidneybeans,Sandy Soil
69.70570587,52.71703434,16.79475063,22.50889235,63.5142413,5.784679227,90.02645536,maize,Sandy Soil
15,77,20,25.13163619,66.92642362,7.399749291,49.04015558,lentil,Sandy Soil
4.763311638,135.8149762,192.2251031,22.58440877,92.47899424,6.252227488,108.2922261,apple,Red Soil
130.5095931,35.36570417,20.46902833,24.47813101,82.02112389,7.059162602,62.11116908,cotton,Red Soil
109.5615129,6.192248488,46.49156479,27.01375609,84.89790687,6.118508838,46.00290455,watermelon,Sandy Soil
2.163348852,24.2527043,38.54637879,24.58077004,92.48172921,5.893831759,114.1112285,pomegranate,Sandy Soil
75.88619102,56.12876485,19.9019501,24.62852551,74.65114941,6.54149134,82.60471034,maize,Black Soil
22.0596521,30.23773599,10.13448274,15.71773339,92.90451902,6.388663689,118.5082856,orange,Black Soil
91.09803532,56.27279141,22.93577478,19.00259712,71.09828475,6.121737277,79.788248,maize,Red Soil
22.19398149,79.77040042,21.62733099,22.81833805,17.92278792,5.666592589,100.7985986,kidneybeans,Loamy Soil
125.4024625,48.01674635,20.1747078,24.51827574,81.82761741,6.637289876,78.45655531,cotton,Allvial Soil
89,45,36,21.32504158,80.47476396,6.442475375,185.4974732,rice,Sandy Soil
131,35,18,24.49112609,82.24415809,7.057693366,64.02949379,cotton,Red Soil
20.21291699,80.22463406,20.38929611,23.01921032,17.55447594,5.689489751,100.3501944,kidneybeans,Loamy Soil
27.68014354,140.5143517,193.0903384,23.69554506,90.41735708,5.580874737,117.3614523,apple,Peaty Soil
89,41,38,23.12844351,74.68322732,6.344751947,199.8362913,jute,Sandy Soil
79.26728814,17.47022152,50.56917495,28.14736508,92.04437596,6.690600662,20.21126747,muskmelon,Clay Soil
23,138,200,9.851242629,80.22631717,5.96537863,68.42802444,grapes,Peaty Soil
37.96140102,124.655176,195.7548667,18.56787373,84.63548973,6.22240604,68.96096789,grapes,Clay Soil
14,58,17,30.53684308,59.96664731,4.605700542,33.48919022,mothbeans,Peaty Soil
117,24,53,29.17220859,92.21405224,6.293486295,21.30290472,muskmelon,Laterite Soil
25,68,77,20.09340593,15.11279612,7.701446446,85.74904898,chickpea,Loamy Soil
102.597439,44.92534133,18.70517584,22.77134135,82.68878364,6.63869208,81.69448053,cotton,Laterite Soil
55.74074942,75.29848866,14.82446003,30.35290176,59.92398397,7.211068857,65.53849552,blackgram,Clay Soil
35.94656755,40.04874389,18.36379913,28.93824062,82.171108,6.691456026,61.66441965,mungbean,Laterite Soil
26,68,24,28.04849594,64.07691942,7.504930973,37.15824966,lentil,Clay Soil
39,69,53,25.9300384,93.02357765,6.964955435,241.8202079,papaya,Peaty Soil
109.4319074,21.38316239,54.05879726,26.54353868,88.23763653,6.720773957,43.93951851,watermelon,Sandy Soil
38.12687777,76.25833428,77.70283303,19.7945375,15.93478765,8.094163881,68.09629517,chickpea,Sandy Soil
118,50,19,22.95604064,82.33733678,6.360812227,66.48339303,cotton,Clay Soil
35,66,47,31.7018373,91.66232213,6.953439161,48.83810592,papaya,Clay Soil
37.88394668,37.97687049,18.50053965,26.67661262,61.25498508,6.296133975,32.73547797,mothbeans,Laterite Soil
116.5738635,45.60333146,22.42709419,23.1682939,77.1046416,7.998789102,72.40362475,cotton,Clay Soil
6.508330388,66.20483938,16.60814747,34.78686671,30.7348952,6.364523899,159.5649134,pigeonpeas,Black Soil
32,25,35,18.09903225,85.70786282,5.892913826,107.0050976,pomegranate,Clay Soil
25.88262304,71.75488137,22.50127029,31.23460927,57.75441601,4.983410051,162.9850516,pigeonpeas,Peaty Soil
20,72,19,32.47648301,64.34848735,7.397190844,65.820457,blackgram,Clay Soil
39.87432975,55.65360064,16.37382099,30.41746897,40.02984427,7.126817738,47.53054735,mothbeans,Black Soil
91.6844867,60.91831929,37.14650708,24.5640954,89.78279198,7.076791702,176.5213214,jute,Allvial Soil
67.66946184,57.22723516,42.97896278,25.99790649,80.78939318,5.702834565,183.317078,rice,Black Soil
25.72430284,11.17949896,26.41966767,28.73003272,96.0846895,6.428130608,138.0040471,coconut,Sandy Soil
51.19500151,59.79042588,46.79756504,32.77204442,92.28616033,6.909518185,92.69139919,papaya,Black Soil
19.39506639,35.2587274,25.31651244,27.07669572,84.35366479,6.893877964,50.08070171,mungbean,Clay Soil
38.63289145,61.38029016,26.88702629,32.81133742,68.05532735,7.488288976,64.5316213,blackgram,Peaty Soil
53.735653,68.37093361,53.28077969,36.58686418,94.14751609,6.898001787,105.5503685,papaya,Black Soil
7,77,18,20.5591255,60.54880693,6.655918078,191.0895109,pigeonpeas,Allvial Soil
19.98587242,71.81580171,16.46491741,35.7780171,55.99253906,7.353842127,136.944871,pigeonpeas,Red Soil
83.91807684,21.22511231,50.36153776,29.36498964,90.08229533,6.104411122,26.95280351,muskmelon,Clay Soil
71.72751164,61.10143685,21.28786627,26.31610825,59.60791171,6.222393094,83.41128803,maize,Clay Soil
77,58,19,22.8056033,56.50768935,5.791649933,101.5952794,maize,Loamy Soil
2.957537939,78.16654562,15.80143458,21.85080252,66.15644528,7.516884513,35.3133302,lentil,Laterite Soil
26.08914425,74.70120537,19.15812074,24.75776744,50.7495427,6.00697208,116.086391,pigeonpeas,Peaty Soil
12.35942688,70.94640962,24.55317293,21.09287206,23.20693217,5.65744907,145.0439732,kidneybeans,Clay Soil
88,38,15,25.08239719,65.92195844,6.455116637,62.49190812,maize,Allvial Soil
108,92,53,27.40053601,82.96221306,6.276800323,104.9378,banana,Clay Soil
13.44181533,17.72625241,12.80323802,17.85618505,94.51840317,6.667930689,108.2521092,orange,Sandy Soil
33.24935649,64.38935724,20.08539718,23.34979674,64.32687056,5.964553541,43.99291269,lentil,Clay Soil
3,72,24,36.51268371,57.92887167,6.03160778,122.6539694,pigeonpeas,Black Soil
40.69707082,62.13552481,16.31803343,30.18007437,68.09031823,6.748860615,61.89644586,blackgram,Red Soil
67.94572466,37.13665822,41.99889844,23.06659524,83.17621117,7.12739037,252.7442124,rice,Loamy Soil
18.46116073,51.71519762,17.59990882,27.93651106,87.26379358,6.376378365,45.26014968,mungbean,Red Soil
115.5042388,18.90261471,54.64574728,28.4831265,92.91007127,6.152590673,27.6788282,muskmelon,Black Soil
78.91179459,16.50319323,31.39508083,24.1500882,58.14254769,7.311235715,133.853515,coffee,Sandy Soil
3.915869962,142.7782789,196.3564296,23.0023729,90.28150867,5.677666295,108.5488292,apple,Clay Soil
28.04820201,78.86668147,16.17413385,19.64745914,18.85518421,5.799611332,144.311326,kidneybeans,Black Soil
2.703835579,36.56342997,31.74786497,30.64566268,50.21087209,5.706801236,93.38993338,mango,Loamy Soil
32,120,204,10.38004759,83.44518113,6.138958698,67.3917379,grapes,Clay Soil
98.41680209,82.00919991,51.47116262,27.822232,77.39502468,6.050998921,115.3689019,banana,Red Soil
36.62175337,54.40984103,85.78752903,18.8065376,19.94609337,7.47163333,68.60218452,chickpea,Allvial Soil
99,55,35,21.7238313,80.2389895,6.501697816,277.9626192,rice,Red Soil
41.03594056,58.1826436,18.11305038,29.38618602,45.28905586,6.392017963,169.5883474,pigeonpeas,Red Soil
11,27,30,27.69637763,48.5622488,6.39474303,89.85646496,mango,Allvial Soil
79.88074755,49.67060287,15.3205219,25.15611296,69.42025466,6.586364217,97.95644424,maize,Loamy Soil
29.7609088,75.14774576,24.8930708,30.32838025,41.77557065,6.448476352,153.8291885,pigeonpeas,Loamy Soil
112,28,54,24.86094646,85.05318563,6.738030547,55.29563514,watermelon,Black Soil
65.51115295,42.85140813,37.41865207,25.1521374,70.8866889,7.302526331,194.7917299,jute,Laterite Soil
29.53697398,26.28270455,31.3247238,26.46330128,99.2402577,5.801877735,205.9154394,coconut,Laterite Soil
70,42,43,23.16814977,76.66724969,6.508342839,157.1215052,jute,Black Soil
40.46987341,61.30070165,74.09663132,18.27334824,18.05632916,7.037420016,84.60994437,chickpea,Black Soil
28.90168137,77.03314622,15.86806241,28.45145852,63.79118077,6.999832536,69.62811739,blackgram,Laterite Soil
0.160310252,25.22287599,32.87041801,24.99202443,95.27640309,5.59859346,192.8674626,coconut,Clay Soil
34.42318819,29.79580141,13.76342864,20.65269207,90.57253429,7.853498619,110.5057495,orange,Red Soil
36.31889137,124.9700647,205,19.36013281,80.29575094,6.080565312,73.5500257,grapes,Allvial Soil
0,15.54858152,5.503673124,29.80893643,94.31816165,7.576075196,116.3131544,orange,Red Soil
10,125,196,22.31253665,90.03577124,5.730557448,113.0688155,apple,Laterite Soil
105,77,52,29.16226551,76.16151562,5.816622479,100.0075679,banana,Allvial Soil
14.20922158,62.21993353,14.68762035,18.34713892,18.61550005,5.724931606,137.3566568,kidneybeans,Laterite Soil
112.9086378,54.00625807,13.43752925,25.30574465,81.15082162,6.188336813,77.03066428,cotton,Black Soil
119.3004493,33.41282665,26.66345922,24.07768915,67.35326761,6.373054726,170.3631096,coffee,Loamy Soil
14.34122308,67.09672757,25.46252656,25.34822538,60.24381584,7.200602515,49.2665657,lentil,Clay Soil
106.6709063,10.26790988,51.263049,25.82517246,88.6629277,6.76246651,44.75364439,watermelon,Red Soil
85.90690017,48.42203696,38.70073539,23.93156596,80.6097019,7.139235194,187.6340727,jute,Loamy Soil
35.91768024,23.03918138,12.76860795,19.01631849,89.79990903,7.848504279,108.44666,orange,Red Soil
1.996575119,59.17934506,24.12070479,27.61706691,87.81964739,7.174807418,44.32345999,mungbean,Laterite Soil
72.96945757,57.64329717,18.61435999,19.97385068,55.30995916,6.609980703,60.37371843,maize,Peaty Soil
99.50631472,11.41655433,51.09100442,25.64930453,84.94433694,6.800276414,46.65673525,watermelon,Laterite Soil
19,38,26,31.48451729,48.77926304,4.525722333,93.17221967,mango,Red Soil
55.26623543,60.38495979,17.01786184,32.74386416,68.21968289,7.194261665,63.92160987,blackgram,Black Soil
35,74,22,26.7230014,62.96841833,6.898905799,42.87274897,lentil,Peaty Soil
117.6850747,12.28241717,50.99094793,24.52713412,90.79024717,6.027617235,43.26800801,watermelon,Loamy Soil
19.90563197,120.068963,193.7372443,18.70282478,81.67119311,5.934949131,75.80334337,grapes,Allvial Soil
106.1487127,22.65272209,54.06636208,28.00634233,89.29447741,6.635902273,21.77819056,muskmelon,Red Soil
50.67676251,56.72200535,14.81722367,28.68611001,66.17469084,7.578490342,58.88760282,blackgram,Allvial Soil
8.171573178,15.27449571,9.788003556,18.80642639,91.4265678,7.805269015,114.0903706,orange,Red Soil
39.93339995,52.70018449,53.51833261,32.30446956,94.78321318,6.746670039,53.19376165,papaya,Black Soil
73.0456524,35.74124098,45.73751892,23.4979212,75.21697669,6.620909358,153.0626838,jute,Peaty Soil
107.6001649,45.56991403,20.25526391,24.28652979,85.85293371,6.886705645,62.32610721,cotton,Sandy Soil
14,76,20,29.05941162,62.10652364,7.042474679,36.5011366,lentil,Red Soil
12.23222403,19.81049292,32.25352273,27.4581519,53.21893617,5.533479563,91.40613564,mango,Clay Soil
55.01856476,61.01809388,13.78305127,33.12553428,68.35072241,7.179448508,62.17582222,blackgram,Black Soil
36.14481946,61.90007384,15.87780881,25.63608307,68.96604069,7.130291571,71.97479926,blackgram,Clay Soil
43,66,79,19.46233971,15.22538951,7.976607593,74.58565097,chickpea,Red Soil
106.0621799,69.42441349,56.38670082,26.0079681,78.63061932,5.761925365,117.2843706,banana,Laterite Soil
15.07542318,141.6985363,190.2855476,13.04472746,84.0627842,5.688703199,67.99285163,grapes,Black Soil
8.991764097,50.1033501,14.94859565,30.79053141,42.01136582,7.67026406,56.72453415,mothbeans,Red Soil
103.1702166,72.42402029,51.58745506,27.62826146,81.64310889,6.386483795,91.61953544,banana,Loamy Soil
92.60901483,51.83975386,20.12900915,23.00281966,74.08910714,5.864367392,95.59345157,maize,Loamy Soil
34.26723774,137.8919122,200.5770775,21.30057619,92.3133739,5.680004532,103.0803596,apple,Red Soil
95,13,46,29.84070774,93.76312893,6.126019932,23.28207838,muskmelon,Laterite Soil
30,60,21,28.87667593,62.4901206,5.457871273,182.2688175,pigeonpeas,Red Soil
33.65271748,13.2495512,8.510414861,20.9041043,93.62563893,7.674854385,109.5142135,orange,Black Soil
100.9439012,23.63875081,55.02440164,27.83287102,90.79529058,6.723431367,23.03086817,muskmelon,Sandy Soil
36.17467889,8.859815472,33.85141979,28.88839972,95.79800035,6.202379465,223.7587446,coconut,Red Soil
99.96525316,25.03730664,52.9315272,27.65670208,90.23147802,6.706666216,23.50239412,muskmelon,Sandy Soil
4,44,19,27.95639663,83.52706038,6.921993878,43.25726752,mungbean,Black Soil
97.50529454,57.00170484,36.35228138,26.39928406,81.83841725,5.948494497,270.9840914,rice,Sandy Soil
43.83890277,59.20512294,45.65315907,33.24141023,91.82059117,6.847950129,136.1626358,papaya,Allvial Soil
88.48954367,28.99480975,50.47238433,24.5993908,88.28621538,6.123487429,49.37016401,watermelon,Allvial Soil
101.1786654,11.60238921,46.277241,29.12792953,92.12376108,6.361094025,20.21126747,muskmelon,Black Soil
104,17,46,25.7131428,80.22972777,6.190015912,43.08961827,watermelon,Clay Soil
41.68290954,58.55754646,15.41505322,35.02063455,32.21823618,5.052616249,118.459728,pigeonpeas,Peaty Soil
90,48,45,24.06475727,71.31342851,6.509174789,153.6390212,jute,Peaty Soil
51.55452282,45.02430009,51.2201325,31.07616361,90.92069204,6.729716465,54.84367962,papaya,Sandy Soil
83.13656763,21.9616764,56.71553379,26.77938784,84.45359714,6.478111169,44.36764374,watermelon,Laterite Soil
29,22,40,23.62600218,89.73266695,6.145104401,107.6836871,pomegranate,Clay Soil
78,58,44,26.80079604,80.88684822,5.108681786,284.4364567,rice,Sandy Soil
99.49812392,55.64397372,33.75600827,21.81562181,79.1759135,6.514666998,277.1444279,rice,Red Soil
100.4673623,29.46354971,54.12655714,25.14555706,80.27933837,6.873612426,54.39779049,watermelon,Sandy Soil
18,125,204,22.35548159,94.47811755,6.046673619,116.7366261,apple,Black Soil
21,78,19,27.16159076,66.76017239,6.92009048,69.85112265,blackgram,Black Soil
8.337193233,9.483996612,28.34307837,28.84891806,94.18247791,6.279342121,152.0687257,coconut,Black Soil
86.93812382,26.30271206,28.91672602,25.63309662,68.43159022,6.547870279,168.6995161,coffee,Laterite Soil
5,55,18,33.50876355,45.70976142,7.322097972,126.6738117,pigeonpeas,Loamy Soil
22.14373652,5.152720256,46.07358063,24.6726591,89.91711422,5.753896204,112.1712261,pomegranate,Black Soil
28,6,40,22.10621387,91.34039616,6.769855664,106.8704803,pomegranate,Peaty Soil
78.93694441,38.63719246,37.75138626,26.60978462,83.71402198,7.545675683,250.0688641,rice,Loamy Soil
39.31358572,64.41142938,22.08936924,25.38935642,68.53500188,7.710445876,39.47515536,lentil,Red Soil
33.71715444,60.38447649,24.97379675,20.20767599,24.36573131,5.638226926,99.24201531,kidneybeans,Sandy Soil
20.67554048,53.56828563,19.47021724,28.90582427,83.11964469,6.65733271,41.25021774,mungbean,Sandy Soil
95,39,36,23.86330467,83.15250801,5.561398642,285.2493645,rice,Loamy Soil
39.92310891,49.93839497,47.78403845,42.99098006,91.70080745,6.476666524,242.921571,papaya,Laterite Soil
102.75018,26.21689661,31.35940492,27.22050664,51.43692934,6.669115999,127.1536859,coffee,Sandy Soil
38.91910717,77.64692866,20.81464161,25.07503441,61.39711769,6.565240008,70.91997922,blackgram,Sandy Soil
24.63978732,130.93756,191.8935829,30.0415626,81.43736316,6.077465173,69.10817274,grapes,Black Soil
1.500854606,136.0598131,203.8107682,22.73444644,92.53511291,5.634543729,113.2531372,apple,Red Soil
39,30,38,20.12644921,87.59629625,6.965156738,108.065579,pomegranate,Sandy Soil
29.19392269,119.6605667,201.3045941,10.35430172,83.10935325,6.13852487,67.80755201,grapes,Clay Soil
99.97160393,12.71417729,49.15673691,29.55391319,92.31060533,6.391050115,26.21146908,muskmelon,Allvial Soil
5.879435643,22.31877068,36.14729344,22.34012299,89.93784205,6.08542391,115.767611,pomegranate,Red Soil
3.510635877,36.20738529,22.63670367,27.62645035,87.11390496,6.994653023,43.58174659,mungbean,Allvial Soil
12.11274502,125.7708249,195.7838874,21.89819671,89.64425516,5.715931235,111.9070123,apple,Laterite Soil
104.052085,11.7260421,48.29928175,28.68493961,93.53323567,6.375181686,23.96787794,muskmelon,Black Soil
26.8074012,64.54390365,22.8990463,36.8909273,37.42834822,5.651923698,163.4755231,pigeonpeas,Clay Soil
56,75,15,30.20157245,60.06534859,7.152272256,66.37171179,blackgram,Clay Soil
4,47,20,25.97948991,64.95585424,4.193189124,72.19245835,mothbeans,Clay Soil
28.25987759,6.454873081,26.59591299,26.75721126,92.76571448,6.098071363,214.3333973,coconut,Peaty Soil
2.959346046,26.3428679,37.98161005,23.98564894,90.70008533,7.070893539,103.8267572,pomegranate,Loamy Soil
115,17,55,27.57826922,94.11878202,6.776533055,28.08253201,muskmelon,Black Soil
25.84055617,66.45892349,22.42824706,22.10722182,64.00648238,6.260054478,43.73868329,lentil,Loamy Soil
0.731708475,145,205,21.04200773,90.0041317,5.557205277,114.8704787,apple,Sandy Soil
31.41990848,74.31835034,17.94194793,33.00786759,68.19221775,6.670743354,65.94544816,blackgram,Allvial Soil
11.4559888,31.08932102,35.39041302,21.05626155,91.01982708,6.258572473,107.784035,pomegranate,Red Soil
17.93012772,18.60872422,31.77310424,31.96369834,45.89746594,5.645106865,93.99917321,mango,Red Soil
9.077605276,27.45128603,29.56026719,25.68977617,93.94310749,5.999387205,134.6295097,coconut,Black Soil
11.19997144,18.70237307,10.50564598,24.45047549,92.60704592,6.534439294,111.7576851,orange,Allvial Soil
91.89374765,86.2059066,54.28262161,28.02695761,83.89117306,5.640886272,99.10528997,banana,Clay Soil
28.41711749,133.9297804,199.5513767,23.10828341,92.4909385,6.252669186,111.6757201,apple,Allvial Soil
78.59433053,24.57729651,55.02510355,24.47900835,88.17349183,6.117397019,47.29984076,watermelon,Allvial Soil
97.19502751,28.14691187,57.04727052,29.06382798,90.95742816,6.675352823,29.31298668,muskmelon,Black Soil
34,6,27,25.84726298,90.92669463,5.860740481,147.8888994,coconut,Peaty Soil
84.24253896,55.9830071,20.47633604,25.80168561,72.19344415,6.895185344,99.83650797,maize,Peaty Soil
11.63105765,19.01731225,10.4808503,24.24601863,92.9261715,6.519798646,111.8365578,orange,Allvial Soil
65.39660692,59.35034279,21.91730837,25.56300838,73.36841808,6.581232921,106.9042731,maize,Clay Soil
16.82322578,135.8160779,196.6291021,41.09535064,81.22595379,6.369759419,66.53321844,grapes,Red Soil
4.279866419,46.84883758,17.08355169,30.95135402,63.35142301,3.509615737,66.46284834,mothbeans,Loamy Soil
19.9542624,26.29735751,38.74590868,20.61669046,93.08424442,5.706139939,112.6124139,pomegranate,Black Soil
14.56975414,11.94257213,39.95033686,22.9635905,91.49019146,6.682518271,109.1861786,pomegranate,Loamy Soil
6.316565381,61.00986646,21.48139514,25.01654982,60.44434298,6.782700287,47.24156298,lentil,Peaty Soil
23.44557235,44.57711305,21.70363167,31.50896056,52.83497773,8.97129273,75.64663162,mothbeans,Clay Soil
10.55310242,64.35771593,23.93436218,19.30740955,63.89810958,6.849185843,53.85976933,lentil,Black Soil
135.0261838,52.09673989,15.91172409,23.82738668,76.41680899,8.004522162,76.20018949,cotton,Peaty Soil
79.32299236,20.17379549,30.02176784,23.84865165,58.88577983,7.351560584,135.7790998,coffee,Sandy Soil
17.65569034,121.3936506,195.3994105,18.43635306,81.19987987,5.951730311,73.64460714,grapes,Allvial Soil
93.73639725,36.18602615,41.44563422,24.81398138,88.05636639,6.468759902,177.6862758,jute,Sandy Soil
50,47,48,24.63676897,90.61964344,6.712772333,218.2299187,papaya,Red Soil
118.6367333,32.40484583,34.86328709,26.2458637,52.85326998,6.736216427,126.8157821,coffee,Laterite Soil
82.17081936,37.88860689,34.36206421,25.86839826,52.50889373,7.210873732,136.3458991,coffee,Laterite Soil
59.99591433,58.42425091,39.05488792,26.00351115,77.12211225,6.069615817,171.7794671,jute,Allvial Soil
115,31,30,24.22984659,67.37768353,6.840927967,122.4073418,coffee,Loamy Soil
63.39851413,40.85054246,20.50625147,23.73491382,73.59351425,5.821296308,69.0864365,maize,Clay Soil
39.03382178,64.68312928,52.52547574,23.26113226,90.87509265,6.599995841,211.9045986,papaya,Peaty Soil
36,27,26,26.58413917,95.78923137,6.25449571,171.6262299,coconut,Allvial Soil
35.35503173,132.3256805,198.4279814,25.59890283,82.94383234,6.223921532,67.49419734,grapes,Laterite Soil
31.56039924,56.59891184,20.29273438,25.59946553,51.79658065,5.880806204,52.9225253,mothbeans,Red Soil
89.29159744,60.29972185,21.41987492,18.64942917,71.33914731,5.776456878,69.46666788,maize,Loamy Soil
26.15678008,62.04103242,25.04660555,28.59450475,67.30801304,7.361326725,62.42018953,blackgram,Black Soil
83.62512202,33.21890758,23.44027793,26.19808027,52.31083616,6.922069719,188.301732,coffee,Peaty Soil
9.333340571,59.29098687,21.37537265,31.85304211,56.23637444,6.258079881,67.40505453,mothbeans,Loamy Soil
20.4398805,140.0216099,197.8857652,19.1723312,83.28915638,5.952667224,64.93099156,grapes,Clay Soil
73.00392051,42.15745305,42.24700077,26.42083989,82.3039523,6.355939102,182.5715992,jute,Black Soil
9.225933486,37.2733176,25.33011078,34.65753017,50.88557802,5.545564424,99.60069428,mango,Loamy Soil
8.010081451,7.733032092,40.48428837,22.24801931,89.71547416,6.566869534,112.6677817,pomegranate,Black Soil
40.16154335,49.40009563,45.52983934,42.86459963,90.9561438,6.485696448,248.6129671,papaya,Laterite Soil
32.07470728,137.0923927,204.3203794,22.77136729,93.02663143,5.836082651,118.8873667,apple,Allvial Soil
93.50489023,76.08506489,51.01919298,28.23559148,75.74464957,5.614200886,117.6431428,banana,Sandy Soil
74.44895111,50.68735155,34.73611491,23.14876504,74.85131366,7.425266063,198.6821024,jute,Allvial Soil
76.12225863,52.67162722,44.01941908,23.07530078,83.62852646,7.122146684,167.7942614,jute,Red Soil
93.22620107,62.11109392,23.27407867,18.32969242,71.58218236,5.721525547,68.13995207,maize,Loamy Soil
22.96269917,53.71608485,78.28608945,17.46612364,15.84526352,6.65314055,76.17308649,chickpea,Sandy Soil
9.283416141,77.6242066,20.83197413,25.23343212,66.72305328,6.340925845,39.60795802,lentil,Peaty Soil
108.53467,27.1777722,43.23892959,28.32061225,91.01729717,6.227789681,21.96018515,muskmelon,Laterite Soil
61.8644649,41.20990619,42.77520248,24.43706057,82.456776,6.579357469,161.2552538,jute,Red Soil
103.8866105,26.51259693,50.19553524,29.18726582,92.77907615,6.490013528,22.94853758,muskmelon,Black Soil
85,25,47,26.11440416,87.64081095,6.29542477,58.48160844,watermelon,Clay Soil
26.63338299,21.10669092,29.2648296,35.44811585,52.19817349,5.081611646,89.02139529,mango,Clay Soil
11.38704469,63.34032066,17.08553919,18.47831558,19.24689999,5.668946329,136.713047,kidneybeans,Laterite Soil
100.3103129,50.09554831,15.55095156,18.25060992,71.25914744,5.600750082,88.56648323,maize,Allvial Soil
115.1544302,18.97212398,25.00092947,25.4208754,62.50500425,7.279651804,192.8861723,coffee,Clay Soil
56,65,45,38.2016825,93.97379963,6.751298936,218.0908814,papaya,Peaty Soil
90.90217708,61.88187863,22.31275073,18.64053603,71.55647542,5.748488008,71.44989599,maize,Loamy Soil
28.47814318,57.90383401,24.52291321,27.43099882,61.59629029,6.850755407,38.04329374,lentil,Peaty Soil
9.840382014,9.988565451,41.28007971,22.57611295,90.06343207,6.585746268,109.5084989,pomegranate,Black Soil
36.45877427,52.20445553,45.69340789,42.91745642,93.65792291,6.525824434,215.2429739,papaya,Laterite Soil
8.309704031,7.480190631,40.92965175,22.42126888,89.24646874,6.569932931,109.6362528,pomegranate,Black Soil
13.13080195,30.55816949,39.75270062,20.79424051,91.86592078,6.275148133,106.6051049,pomegranate,Red Soil
88.19072131,85.5023421,55.23451784,26.63606379,76.70804825,6.244649953,90.68545833,banana,Loamy Soil
110.8288307,7.266846825,51.14710882,27.55869614,90.62511859,6.400377422,23.30877959,muskmelon,Loamy Soil
10,78,18,18.54141834,62.70637578,6.296976913,44.07819743,lentil,Allvial Soil
78.31325789,42.08060426,39.06136236,22.72177087,84.01643003,7.520066525,201.5498111,rice,Peaty Soil
8.048884711,28.66985052,37.3946837,23.79868013,87.61523333,6.072138902,114.0756301,pomegranate,Peaty Soil
22.40799795,23.41293455,32.01082639,28.00449218,45.68562932,5.623640274,95.89942217,mango,Allvial Soil
103,33,25,27.10210397,55.7497332,6.911066044,139.5013171,coffee,Laterite Soil
5.930003658,47.42436528,22.37151493,27.80144238,87.56964594,6.409865866,48.79467314,mungbean,Peaty Soil
24.74090681,58.12251717,19.21961999,28.97103698,84.17052104,6.613406063,44.79526743,mungbean,Sandy Soil
9.925851753,16.13098232,39.00441004,21.60106561,95.67474352,5.966670512,102.3678156,pomegranate,Loamy Soil
4.971986095,24.65227959,5,31.00126064,94.53070717,6.019166698,107.6802221,orange,Sandy Soil
86.47265512,7.236240546,55.92563648,26.08477791,82.87037733,6.91278143,43.51870857,watermelon,Laterite Soil
16.32123628,35.50686703,31.23219685,32.45505714,50.20855352,5.309723246,94.98067439,mango,Black Soil
84.31111422,95.32426807,47.05770979,26.15343866,78.58719674,6.216172347,121.1079151,banana,Black Soil
36.71047511,76.7881221,19.55626568,27.53233344,69.79798696,7.128276251,70.23010293,blackgram,Black Soil
113.7893243,20.8791888,25.4458482,25.67019345,61.80464389,7.274432074,193.5353973,coffee,Clay Soil
11.84301779,140.8865419,198.9077995,31.30991656,82.85808271,5.953477299,65.06828007,grapes,Red Soil
101.1984228,13.76247186,55.45002172,26.65409706,90.13931105,6.496454769,59.53388523,watermelon,Sandy Soil
33.5449788,33.65542645,37.66603434,27.31140698,47.09158984,6.375435014,95.26536487,mango,Allvial Soil
8,15,33,28.97318719,98.09861043,5.50158009,213.9011021,coconut,Laterite Soil
22,18,33,30.41235793,52.48100602,6.621623545,93.92375879,mango,Loamy Soil
39.854612,18.09262296,39.33621973,19.54189151,86.95393787,5.79483384,109.2225143,pomegranate,Sandy Soil
36.16858465,37.64734908,16.48337192,28.43732975,87.74065252,6.334450982,56.26561435,mungbean,Red Soil
80.02347792,18.89880035,51.6338727,27.68209989,90.61455685,6.487616851,25.30717123,muskmelon,Sandy Soil
28.82080312,9.350722116,31.4890844,27.83195738,97.95638129,6.414740459,153.2717659,coconut,Clay Soil
116,25,50,29.26092798,92.92367701,6.088885814,28.70627683,muskmelon,Loamy Soil
35.25538594,65.80890735,78.18240897,18.11778552,17.70820448,6.032465949,72.56371806,chickpea,Clay Soil
36.26487303,65.36682051,80.73866482,18.17969757,16.87349085,6.068293779,73.72559079,chickpea,Clay Soil
111,41,18,23.64328417,78.1258666,6.10539819,80.96157332,cotton,Allvial Soil
89.96501926,49.6412288,21.40021818,24.50094934,68.12236084,6.466183307,75.5267316,maize,Peaty Soil
59.2003174,59.41580972,84.25308333,18.82947214,18.34986939,7.70071313,92.96054856,chickpea,Red Soil
30.34655535,25.28781436,15.80337972,30.34002573,91.03122869,7.757298542,111.4113215,orange,Laterite Soil
23,23,30,32.82141065,47.45553843,4.755273631,90.89173106,mango,Allvial Soil
81.1380924,76.78364591,47.70857176,26.21398007,79.96164447,5.508982171,114.3265178,banana,Sandy Soil
24.85480096,70.45547802,16.5657812,19.34286633,18.81988943,5.708908487,105.6544115,kidneybeans,Loamy Soil
25.9616174,16.96927003,31.48880572,32.16942139,50.89945045,6.371771147,94.63037244,mango,Sandy Soil
17.84304437,23.95056384,31.39064202,32.58394437,48.68662424,5.426979864,91.34143569,mango,Peaty Soil
114.4484042,7.686771548,51.94486093,29.41644095,94.9681444,6.412287611,28.27817114,muskmelon,Sandy Soil
106.0298962,21.76631495,24.3883065,26.53326366,54.45828262,7.256659679,145.9874943,coffee,Loamy Soil
0.543093039,62.83008732,23.03650927,28.65231508,61.95249174,7.856457359,51.38897323,lentil,Loamy Soil
35.72216141,48.82386105,25.86223485,29.73385464,85.38687217,6.411417234,41.27546875,mungbean,Clay Soil
34.46460163,78.60004685,19.35132232,31.92513416,63.00156976,6.51445171,68.26626721,blackgram,Allvial Soil
23.60951821,61.50332612,18.02935385,16.32100978,20.75922186,5.594463491,97.99214108,kidneybeans,Clay Soil
123.2352002,38.42836044,24.81575227,25.03466365,77.89148655,7.440051572,84.78018036,cotton,Laterite Soil
9,57,24,29.89232778,89.71503316,7.165121109,42.99498978,mungbean,Loamy Soil
85.51782075,32.92454217,27.69157071,26.13675333,53.71094539,6.899114178,188.6584665,coffee,Peaty Soil
11.35999356,33.65253423,31.72348917,29.34664439,49.24426373,6.852990348,99.36887439,mango,Laterite Soil
47.30402581,61.8835902,19.95057369,30.37893735,60.96381287,6.633989718,66.56648213,blackgram,Loamy Soil
74.97925562,35.08169354,40.21416838,26.48155233,79.84077804,6.974361565,241.5353539,rice,Red Soil
83,15,49,28.92705913,91.39356832,6.438008153,23.20076686,muskmelon,Red Soil
2.424267821,5.85735833,32.3708734,27.17440544,96.18722154,6.251851904,146.6662474,coconut,Peaty Soil
25.15264073,72.15626196,22.76264129,28.59867959,37.50399119,4.678698688,93.37141077,pigeonpeas,Sandy Soil
5.794547951,63.34779905,21.18516696,23.04269073,67.23429994,7.097832585,35.49345911,lentil,Red Soil
59.95555857,63.54840232,51.69817466,43.35705014,93.19398011,6.645622492,111.2025008,papaya,Clay Soil
4.216278833,37.65976858,25.68330678,27.56260378,47.86069571,6.707649822,96.36099169,mango,Clay Soil
85,21,52,29.62800691,90.10051615,6.075144116,23.69586761,muskmelon,Clay Soil
11,72,22,29.37735586,44.82294584,6.842744374,172.40168,pigeonpeas,Black Soil
5.281923789,20.65188939,37.83710638,22.66173669,91.16111133,6.114321694,112.7735074,pomegranate,Red Soil
24.40155691,9.509400386,10.81818635,13.63827141,90.92508118,7.609111436,107.6935106,orange,Peaty Soil
34,60,16,31.35730791,64.24992106,7.322555223,63.85668948,blackgram,Laterite Soil
18,57,21,27.37659643,63.93927841,6.155915975,49.47371773,lentil,Loamy Soil
20.75784314,35.76396578,18.75958783,27.46253719,86.08551685,6.603291688,35.41166489,mungbean,Sandy Soil
98,18,27,27.56088634,68.49299897,6.516312148,167.4358075,coffee,Peaty Soil
94,70,48,25.13686519,84.88394407,6.195152442,91.46442491,banana,Laterite Soil
92.16847589,19.68259062,51.6505574,29.93773098,92.73006043,6.468693166,25.15467681,muskmelon,Laterite Soil
57.79742264,69.78628997,85.88041088,20.66680509,16.61140572,6.234031514,74.06955316,chickpea,Laterite Soil
15.41420491,7.034149524,28.83111195,29.24309309,91.44282164,5.891765453,132.5262123,coconut,Laterite Soil
102,73,54,26.4020227,84.41007614,5.720726906,111.0162259,banana,Allvial Soil
60.18961329,56.17334658,16.50657113,28.85313217,65.94659814,7.361631022,66.52580839,blackgram,Peaty Soil
17.67108238,72.79459622,17.36740225,19.73657792,34.35006515,5.607902624,197.2179211,pigeonpeas,Red Soil
38.80053642,80.32145893,16.25915039,21.33986061,63.60221422,5.862856445,44.82987865,lentil,Laterite Soil
8.920290079,53.15602322,18.53752656,28.35004446,80.94809669,7.033330224,41.02520537,mungbean,Allvial Soil
111,27,31,23.59302313,55.27564977,6.043330951,191.3980675,coffee,Black Soil
20.3234787,58.46043197,24.48792372,27.21173375,50.956966,4.398223029,34.6471827,mothbeans,Loamy Soil
118,18,32,27.6496114,51.11044023,6.351823783,122.8392822,coffee,Sandy Soil
110.0541852,6.025918538,44.86735564,26.51050685,84.45394109,6.162968162,48.67407156,watermelon,Sandy Soil
2,123,205,22.36629253,90.78572467,5.739652177,124.9831618,apple,Black Soil
94.51094338,82.29623307,45.23718884,27.67589264,82.74124441,5.696957684,92.93266053,banana,Red Soil
54,65,47,27.92765919,91.55594211,6.721835879,149.9107557,papaya,Laterite Soil
15.10801872,78.32340157,18.61522685,25.14390118,67.06031984,7.37058812,49.67581971,lentil,Sandy Soil
38.76169961,67.54140903,17.28500337,33.94215478,64.65603207,7.719543967,71.33331721,blackgram,Sandy Soil
5.016782709,18.90889094,42.82482391,24.05264182,87.53199687,6.272926359,113.3990283,pomegranate,Black Soil
20,60,25,27.3254209,69.09047809,6.726469088,61.19250859,blackgram,Sandy Soil
110.5860061,89.3010943,54.15934175,29.11574328,76.85922834,5.507611876,96.58568832,banana,Allvial Soil
18.7682684,81.14970336,75.88299532,18.35175196,16.34940261,7.670203248,76.05035491,chickpea,Red Soil
112.5276055,92.86100746,51.56509177,26.63265979,77.4451002,6.197649333,117.2475714,banana,Sandy Soil
8,33,29,29.98080499,49.48613279,6.442393461,91.82271568,mango,Peaty Soil
4.596557468,5.726569842,11.01895647,28.2785298,91.19315283,6.937711335,106.3674853,orange,Laterite Soil
106.2994315,32.16822266,29.40699828,23.09463449,51.10104322,6.740636174,156.2976328,coffee,Sandy Soil
94.06840174,25.61429492,24.21623333,24.305423,56.65891531,7.283152807,135.9300147,coffee,Peaty Soil
37.96594092,30.3113829,28.0275488,26.53806616,94.61229778,6.109065165,200.4928575,coconut,Laterite Soil
35.61201687,42.86269118,15.71374347,28.75625595,82.5600528,6.752441469,60.26086537,mungbean,Laterite Soil
84.64683644,55.62013648,33.98337417,26.6664093,79.90260512,6.943458798,174.4669203,jute,Laterite Soil
98.64128864,5,49.39892641,24.35236138,84.66488131,6.652525979,50.45168623,watermelon,Loamy Soil
37.75110508,135.2422076,200.0305277,41.49941395,82.35546261,6.449782665,71.53334072,grapes,Peaty Soil
26.33968503,70.9288659,17.94985195,28.88776099,57.40230867,6.317919867,121.4320197,pigeonpeas,Laterite Soil
80.50376155,42.96400795,37.83363324,22.48912096,84.5466107,7.51279932,196.9340385,rice,Peaty Soil
35.98338101,52.25724932,47.15265559,43.15247449,93.78397902,6.58254652,213.1866893,papaya,Laterite Soil
63,43,17,19.28889933,65.47050802,6.807487794,71.3195307,maize,Loamy Soil
37.7390254,57.77908128,17.27420636,25.280218,50.4366161,7.442596164,30.49007587,mothbeans,Loamy Soil
52.54247246,73.80564446,79.07309832,19.73144116,17.42485069,7.329810391,73.68319334,chickpea,Red Soil
28.63106263,49.1018037,15.78599648,25.03486344,54.60564051,9.255316155,38.80039711,mothbeans,Red Soil
98.79157375,5,51.28802365,24.10165826,84.99573724,6.679015242,53.52609867,watermelon,Loamy Soil
29.771294,47.27013277,14.6586384,29.13356642,87.68420477,6.572211945,54.93799635,mungbean,Clay Soil
1.420385582,142.029061,194.6854968,22.7269418,90.96136666,5.713428015,110.1637183,apple,Clay Soil
16,65,19,27.61204997,69.29786244,7.043160241,42.72374404,lentil,Allvial Soil
7.188996408,81.03989387,19.38385567,21.73163013,19.79144413,5.989973422,122.9028304,kidneybeans,Loamy Soil
44.91816504,73.1666447,76.04549469,18.50290812,19.59581576,6.975708441,83.63766338,chickpea,Laterite Soil
7.049474412,66.42686528,14.13975743,34.93411931,31.59533578,6.338202793,160.8246112,pigeonpeas,Black Soil
31.41768177,30.28788405,25.77630565,28.24363885,47.00015866,4.988547944,98.51419823,mango,Black Soil
49.90882266,54.72204433,15.61889836,28.86229091,65.67143457,7.574503596,61.34623489,blackgram,Allvial Soil
9.007110543,59.03236614,21.14522772,32.10359213,57.92175724,6.263188839,63.54932354,mothbeans,Loamy Soil
37.37464274,136.0531568,204.7408529,25.08094044,82.80549074,6.341240342,71.1806444,grapes,Loamy Soil
32.82526182,72.49931185,24.12839384,23.73957193,50.70382501,4.727290778,191.2843734,pigeonpeas,Sandy Soil
36.78171674,61.05568972,20.3251505,30.12095544,67.55506766,4.659095759,125.7876962,pigeonpeas,Allvial Soil
39.4752535,22.73761809,6.484763321,24.5328244,92.57595891,6.491089621,116.5616486,orange,Loamy Soil
40.50544797,140.9529391,194.387767,15.11266046,81.10205321,6.306510594,74.17210289,grapes,Peaty Soil
83,22,54,25.89762315,81.96664832,6.277245254,54.49960057,watermelon,Black Soil
101,58,18,25.66891439,81.38103349,6.652143699,78.59595817,cotton,Allvial Soil
30.79445682,36.04610849,31.32155244,34.08920204,52.03418901,6.451045982,97.79291688,mango,Peaty Soil
105.2429675,30.58875785,32.23672198,22.88231011,52.59597414,6.802625899,154.2772648,coffee,Sandy Soil
60.58424245,42.60490199,42.27680382,24.17260154,81.86554665,6.53851239,162.7791692,jute,Red Soil
69.73376095,68.6038706,50.95183894,27.75763631,94.86942447,6.810342686,85.12389863,papaya,Clay Soil
82,24,33,26.53543168,67.09608099,6.809593554,120.6494434,coffee,Loamy Soil
3,58,21,25.36140526,46.82652785,9.160691747,55.60523179,mothbeans,Laterite Soil
43,50,48,28.28222883,91.37059792,6.63016515,179.2720807,papaya,Sandy Soil
109.3828729,87.78006204,46.64172516,26.53262574,81.34159098,5.575689126,98.93761176,banana,Sandy Soil
9,17,32,25.94951662,93.40548703,5.842317989,172.0540491,coconut,Allvial Soil
68.400769,44.669728,36.46332668,22.57982296,82.62991034,7.343315172,263.8680327,rice,Peaty Soil
83.5842368,57.82788087,26.87411016,22.5317289,67.29202426,6.506812924,65.13856001,maize,Sandy Soil
110.2266712,6.18465706,47.69851707,28.04171665,91.89244407,6.303637111,20.21126747,muskmelon,Black Soil
91,35,39,23.79391957,80.41817957,6.970859754,206.2611855,rice,Allvial Soil
69,67,52,27.71948962,94.43877142,6.827305908,82.83061083,papaya,Clay Soil
8,28,30,25.51618488,94.33465411,6.015672239,135.1272491,coconut,Black Soil
99,19,33,27.5364547,55.51673151,6.273741983,130.6377143,coffee,Black Soil
24,27,9,18.86883219,93.24688124,6.157135092,119.3936976,orange,Clay Soil
124.5318966,59.93118188,15.07823125,24.08187749,84.63623814,6.740310079,80.27893535,cotton,Sandy Soil
82.23802397,25.96437851,48.78142668,29.6055813,93.91769672,6.111611483,29.0853252,muskmelon,Loamy Soil
39.06079292,14.82315025,37.66604736,21.63818942,94.63733192,6.675737457,102.3947749,pomegranate,Allvial Soil
21.40525794,59.47686167,26.91425905,27.32322797,68.01894571,6.772170311,61.40172036,blackgram,Sandy Soil
7,56,23,26.33908791,40.00933429,5.545219232,55.50429227,mothbeans,Loamy Soil
84,57,25,22.53510514,67.99257471,6.489040367,64.40866039,maize,Sandy Soil
18.17144752,5.200447025,11.37835631,20.76812207,91.03550817,6.268403896,101.4676562,orange,Sandy Soil
6.169640953,8.003692782,11.16821831,30.99245076,89.97992984,7.042272799,106.9248023,orange,Sandy Soil
40,11,44,24.45840036,86.10874614,6.322396027,111.3779693,pomegranate,Sandy Soil
59.81246619,51.13509875,33.81773667,22.87388671,82.19615825,6.050697468,254.4837383,rice,Laterite Soil
29.82632105,22.01170443,43.20500428,23.64719725,89.996104,6.153616985,105.3923086,pomegranate,Clay Soil
30.17234715,7.402659434,8.457852638,34.83928228,92.07965088,6.772549065,113.3140625,orange,Clay Soil
81.9273799,70.58825441,47.58238259,27.43067492,81.11691953,6.171909488,103.0487004,banana,Peaty Soil
108,94,47,27.35911627,84.54625006,6.387431383,90.81250457,banana,Peaty Soil
84.33659529,28.25538367,49.4308648,29.99780244,92.52674217,6.277442497,20.21126747,muskmelon,Peaty Soil
80.27075668,46.07028041,41.96183374,22.90343588,77.81766388,7.118876944,154.2142477,jute,Red Soil
40,136,202,22.85267372,94.5764581,5.935336308,117.5314026,apple,Allvial Soil
31,5,14,17.66545409,91.69865887,6.583411671,110.6857506,orange,Laterite Soil
15.30616737,67.37684509,22.56378286,23.99712024,24.56879888,5.611846998,84.31840034,kidneybeans,Sandy Soil
32.45056999,17.83369675,11.45671588,14.00576611,91.61865104,6.027422603,109.4615494,orange,Laterite Soil
81.34985874,48.02503419,35.05079513,25.54145733,81.35385574,6.357331051,194.1064241,jute,Sandy Soil
6.489311914,60.75000837,25.94661369,28.31751986,83.34545485,6.379720168,57.79801026,mungbean,Clay Soil
85.65185307,53.15240433,47.95226562,26.18847962,83.03989834,7.235497876,266.6175963,rice,Sandy Soil
3.2160997,19.83081083,40.9241432,24.20941234,94.5746696,6.508831626,104.1959281,pomegranate,Allvial Soil
63,41,45,25.29781791,86.8870535,7.121933579,196.6249511,jute,Clay Soil
21.8670456,135.659123,200.4386316,9.755044364,81.39659294,5.94002353,67.56763993,grapes,Peaty Soil
71,35,24,22.27373646,59.52193158,5.826426917,67.96704792,maize,Black Soil
120.739708,43.07630701,20.26646922,25.78825678,75.31794092,7.629143996,90.14933965,cotton,Clay Soil
1.852553787,39.93270587,25.12743455,29.80310293,47.79015389,5.937798818,90.15895694,mango,Sandy Soil
36.45201224,42.38536099,25.94360902,26.92246042,43.50500697,3.504752314,43.87940241,mothbeans,Allvial Soil
73.35239309,56.21663068,22.05360845,18.28329123,67.0086599,6.807426797,80.54434689,maize,Clay Soil
6.770338228,64.32804167,19.68276793,25.85207965,49.74786975,5.932638413,159.9084409,pigeonpeas,Allvial Soil
22.52345106,138.0935713,198.3466918,22.63379621,91.01193917,5.780415799,126.1355568,apple,Peaty Soil
3.412275798,58.31147209,23.11917758,29.10863889,48.73448421,8.911594968,39.7437734,mothbeans,Red Soil
80.92538522,17.09847194,42.73016904,26.90356148,86.21794339,6.725959202,60.26258032,watermelon,Laterite Soil
117.9835342,80.13400468,50.16552674,25.53204176,82.21915711,6.17928673,113.9298109,banana,Sandy Soil
32.09389919,9.56036133,32.39863877,24.93502036,92.29268032,6.190022471,136.1452152,coconut,Peaty Soil
19.76735903,6.96337516,43.64483497,18.80280108,88.86131212,6.101359912,112.9970784,pomegranate,Clay Soil
35.06729856,38.87992768,19.12638904,25.23795513,63.0666919,9.101304402,32.75487503,mothbeans,Laterite Soil
25.17958616,65.8138484,23.55669502,37.02223198,38.47257863,5.667880229,165.1943984,pigeonpeas,Clay Soil
41.38354671,125.4339746,199.6897985,11.52112418,79.25198577,6.139380269,71.67939689,grapes,Black Soil
58,66,79,20.99373558,19.33470387,8.718192847,93.55280105,chickpea,Clay Soil
4.959745941,56.15276933,18.28994108,33.45300725,43.9669068,7.349356017,127.5828421,pigeonpeas,Loamy Soil
117,56,15,25.99237426,77.0543546,7.368258226,89.1188212,cotton,Peaty Soil
30,65,25,32.88733849,64.59457409,7.70650895,71.50569456,blackgram,Laterite Soil
70.39715272,33.58358064,23.67305603,22.31144527,58.95222022,5.833667717,67.10982109,maize,Black Soil
8.447363887,20.54219992,9.599160358,16.55405396,93.67774822,6.481978858,110.883253,orange,Laterite Soil
37,124,195,18.70679077,83.4795292,6.209928251,66.5964488,grapes,Clay Soil
28.37621474,132.7202222,203.1550037,23.04061766,89.41142781,6.130782154,108.5915083,apple,Allvial Soil
3.989921716,56.7551165,16.0464005,28.20303431,52.64462217,8.75602969,54.17251511,mothbeans,Sandy Soil
9.900699157,8.497927056,39.04260717,22.4534772,88.7309261,6.557634319,113.0516005,pomegranate,Black Soil
43.91542479,65.19546925,55.46873649,29.69853408,91.56833513,6.764407344,229.1336284,papaya,Black Soil
25.90075005,138.1807099,202.9620706,22.49169008,93.19436427,5.791104097,106.3088229,apple,Clay Soil
122.0118452,52.39865281,15.95175607,23.02797739,74.91062633,6.509481049,71.4068274,cotton,Black Soil
10.41670073,59.06020687,25.70478776,20.55520686,39.38582361,4.758571678,135.1456626,pigeonpeas,Clay Soil
29.67196914,71.92490598,27.00818783,23.11188302,36.7679478,6.94780922,159.8075465,pigeonpeas,Allvial Soil
29,122,196,41.94865736,81.15595212,5.638328481,73.06862952,grapes,Peaty Soil
90.35267636,85.53687155,55.80513194,26.57918999,75.8197768,6.30124254,95.19566192,banana,Loamy Soil
36.90399004,133.2816154,199.1693416,25.64494287,82.95614792,6.239557347,68.73654701,grapes,Laterite Soil
31.39031152,28.83747613,27.0871512,28.03511427,46.59234033,5.035655544,101.1525598,mango,Black Soil
95.74368296,26.34088681,44.9100994,30.20932092,93.6055653,6.111014019,29.25427727,muskmelon,Sandy Soil
27.77182465,122.5074523,203.2657199,22.67125186,92.12531546,6.453155579,118.5361426,apple,Red Soil
104.0715815,28.51233646,30.51109734,27.29245287,50.43070961,6.700969416,122.6256783,coffee,Sandy Soil
60,55,40,24.9949957,88.95692783,7.02777956,151.4935635,jute,Loamy Soil
2.530955314,26.64076889,37.05943737,24.15492864,93.97058586,5.709976437,103.4506084,pomegranate,Black Soil
80.20484462,53.14810312,40.91859637,23.95478661,80.75973855,5.221853703,234.7510529,rice,Black Soil
41.82129865,78.25667382,86.45245294,17.2959044,14.96625503,6.151573051,76.16626999,chickpea,Peaty Soil
57.13024851,48.64839238,52.90808891,33.28054603,93.62399971,6.713657642,89.59684368,papaya,Loamy Soil
32.93371006,75.45389425,17.63661079,33.00522501,68.62880775,6.68615698,59.07061035,blackgram,Allvial Soil
13.57863647,7.309186187,6.519193836,23.06591679,90.55911386,6.438784385,116.5112278,orange,Clay Soil
21.0092669,73.1471326,17.48398136,31.48246,66.43846259,7.555400705,61.6557516,blackgram,Peaty Soil
19.41821198,122.247998,205,11.87774682,79.48069536,6.50536255,64.60333273,grapes,Peaty Soil
36,67,25,35.95176642,36.52780776,6.418062652,136.0456753,pigeonpeas,Allvial Soil
15.8471101,16.17877187,25.38275247,28.51608167,91.7754167,5.596873241,141.9286386,coconut,Clay Soil
9.51198664,124.00907,196.2285119,22.29917485,90.3992816,5.697677075,112.404298,apple,Laterite Soil
6,77,20,25.78746268,60.2816298,6.058306161,49.14337177,lentil,Clay Soil
107.2477435,20.03571113,50.69291569,29.89096336,91.84855508,6.309514353,22.20101316,muskmelon,Laterite Soil
22.71993203,7.531955628,33.95659364,26.02841269,91.76352667,5.812901311,134.1751404,coconut,Allvial Soil
103.3033319,41.64585224,15.41905883,24.35495065,84.79047714,6.54708248,79.43168994,cotton,Laterite Soil
100.4085931,49.3861881,17.58137898,23.90982243,83.90564869,7.820614957,66.96088455,cotton,Allvial Soil
120.5417039,16.38330619,51.01120739,28.06489238,91.72648819,6.586120172,24.3431902,muskmelon,Sandy Soil
20.67649743,8.712934504,39.89140335,24.66387554,90.39234838,5.974123032,106.5219143,pomegranate,Loamy Soil
86,18,45,28.96586565,90.71832938,6.566759102,22.25838137,muskmelon,Loamy Soil
51,57,55,24.70528368,90.14732171,6.676407337,108.4103158,papaya,Laterite Soil
67,55,44,26.284017,75.14640198,7.251847296,182.2685447,jute,Black Soil
6,47,18,29.16174608,80.28038146,6.715276663,40.16545979,mungbean,Clay Soil
9.189000441,59.86205032,24.72012529,31.77645716,56.94944094,6.249855042,65.21803684,mothbeans,Loamy Soil
25.34573853,143.8351553,199.9582787,22.72956753,91.07565467,6.067010874,108.1435211,apple,Peaty Soil
22.69177234,62.99096913,19.49197123,15.98779461,20.34538037,5.979590395,107.7609977,kidneybeans,Laterite Soil
99.08786622,32.50954876,34.36445581,26.8634675,61.81110958,6.902023051,141.9249538,coffee,Red Soil
130.5338122,42.36405672,14.65578749,25.79173641,78.20274773,6.737383604,78.5806785,cotton,Allvial Soil
89.52618719,34.44791218,43.64481205,24.28364349,82.92013081,5.926412456,269.3720468,rice,Allvial Soil
34.85632694,52.59641577,16.89051864,26.98105329,88.33822585,6.693228592,37.17224247,mungbean,Allvial Soil
81.56343206,23.24562856,48.00873665,26.93998768,87.71696268,6.858359647,52.77643258,watermelon,Allvial Soil
76,49,42,24.958779,84.47963372,5.206373153,196.9560008,rice,Laterite Soil
73,57,41,21.44653958,84.94375962,5.824709117,272.2017204,rice,Laterite Soil
36.16740966,8.121379142,37.72560757,20.06028676,86.80732428,5.755684533,108.7742343,pomegranate,Black Soil
8.146250286,6.546705552,40.67988079,22.53346279,90.19895135,6.557263183,110.1977761,pomegranate,Black Soil
110,15,48,28.57819995,92.86597437,6.212567211,27.5987178,muskmelon,Sandy Soil
39,21,9,13.20844373,94.02769434,6.354022554,106.2696156,orange,Allvial Soil
119,5,55,29.68846716,94.30111601,6.168757984,26.83924845,muskmelon,Black Soil
94.34564127,81.43644192,49.93835456,27.73105022,76.05998633,6.025187725,102.5746137,banana,Loamy Soil
115.6940494,39.68012981,32.74311468,24.90633264,55.41580332,7.036584699,127.7875644,coffee,Laterite Soil
5.226774824,58.8038586,25.87618521,27.78640478,83.08068828,6.224380492,55.62669537,mungbean,Black Soil
28.78015002,6.293510219,7.914198567,34.43960934,92.39019843,6.733348401,114.4829361,orange,Clay Soil
81.95700521,36.77372306,41.03487558,25.53744428,81.51641852,6.701761736,172.2731231,jute,Sandy Soil
1,76,19,24.18553163,46.68746847,6.669529416,177.3377996,pigeonpeas,Loamy Soil
39.5353025,61.80300344,18.82043236,27.54190704,34.02269785,4.74316081,96.61954709,pigeonpeas,Peaty Soil
100,32,26,25.234661,57.53161469,6.043485685,124.2261737,coffee,Peaty Soil
32,68,19,24.62835037,18.18325169,5.514234138,149.7441028,kidneybeans,Allvial Soil
110,39,25,22.60612115,77.34264002,7.208795456,75.13617229,cotton,Allvial Soil
78.80626165,44.54654851,21.46443244,23.97677135,59.72922891,5.732339008,89.51890661,maize,Black Soil
37,73,21,29.50304807,63.46513414,5.560224583,189.5208915,pigeonpeas,Allvial Soil
84,39,35,23.17714381,52.13864034,6.959404135,117.3113562,coffee,Allvial Soil
103.9650702,25.74483839,32.95062607,24.50521498,62.24889397,6.377685622,149.1960528,coffee,Red Soil
31.61750178,77.09241104,21.24709599,23.96043428,63.12946081,7.004980128,52.64846297,lentil,Sandy Soil
107,71,55,29.42017919,83.96754496,6.088064451,117.229079,banana,Peaty Soil
112.4888136,74.28274684,48.60125502,29.17247453,77.39680881,5.757052986,91.71896495,banana,Clay Soil
23.38673182,28.08983307,37.13280587,22.92455411,85.72199451,6.972814663,109.0800778,pomegranate,Sandy Soil
20.68035325,49.94135425,15.00489012,29.14405346,89.71223589,6.690542235,46.65846279,mungbean,Red Soil
92.545555,43.1446168,17.37165128,18.67063303,67.03310707,6.096666474,93.12472637,maize,Allvial Soil
2,75,22,23.89271875,61.78779413,6.658605362,52.55730112,lentil,Red Soil
9.577862868,73.59647369,18.29579813,18.50623283,68.46184048,7.724161035,35.76917396,lentil,Sandy Soil
91.68920451,85.2029169,52.10901577,29.07004432,78.22222775,6.412239123,119.5748984,banana,Peaty Soil
35.28055089,55.69753903,20.74687098,25.38944332,50.02272092,7.428211488,33.25609989,mothbeans,Loamy Soil
30.75090886,120.5494138,200.9237367,23.30497362,90.63240248,5.742175236,113.0860018,apple,Loamy Soil
24.68515512,78.34889987,20.81261126,19.29039576,23.03937134,5.596356855,105.7113964,kidneybeans,Red Soil
90,49,21,24.84016732,68.3584573,6.472523287,74.05474936,maize,Peaty Soil
118.1585017,81.86860281,42.40193586,25.4327517,79.99950899,5.602480208,105.7143487,banana,Clay Soil
42,60,47,33.46873719,92.12746225,6.834808348,136.8277041,papaya,Allvial Soil
30.29056935,7.368710608,14.65547847,33.20772188,91.24610346,7.848301075,114.2097808,orange,Allvial Soil
98,7,45,27.79161808,92.51054946,6.157724816,26.85422624,muskmelon,Sandy Soil
23,65,20,23.0429097,22.42610972,5.833940084,108.3684316,kidneybeans,Peaty Soil
35.32687604,131.4602324,195.3191438,20.44345398,81.33325768,5.961204429,69.5189031,grapes,Loamy Soil
25.16170717,14.10339324,6.375557276,17.08903907,95.42636808,6.922342035,108.2560457,orange,Laterite Soil
107,42,24,22.04612876,84.62978302,6.144631795,86.00758678,cotton,Clay Soil
30.70384054,21.1458437,40.30219417,22.50142674,93.20547901,7.093267836,110.6206152,pomegranate,Peaty Soil
24.36156997,60.4077087,18.30526131,19.74831038,61.69033201,6.747987663,42.5586619,lentil,Laterite Soil
38.61901801,5.533286666,34.35276986,25.87541143,92.69983569,5.776430426,153.4092907,coconut,Clay Soil
5.720603965,59.03672134,18.4628881,26.16035357,68.14720005,7.675413474,38.61092264,lentil,Allvial Soil
96.46954272,26.30754054,28.92917433,25.89979733,53.53218866,7.457185793,174.3427081,coffee,Black Soil
108.0159369,23.29664309,51.76929386,26.79987141,83.53616124,6.111275252,41.24815319,watermelon,Red Soil
16.6864563,42.53275518,22.29621063,30.30926268,45.05325557,5.488828252,41.49727477,mothbeans,Red Soil
26.20923614,63.57654212,13.99563127,20.08531111,24.65607769,5.539108011,138.3339943,kidneybeans,Loamy Soil
101,75,50,26.59386409,81.40740301,6.242528278,109.9825551,banana,Sandy Soil
0.46050949,35.29834339,32.08189044,30.97171545,46.2351765,6.25634363,93.82846014,mango,Clay Soil
112.1352167,33.04360185,35.69423796,25.56261642,69.55738215,6.417316011,169.4077609,coffee,Loamy Soil
65,37,40,23.35905428,83.59512273,5.333322606,188.413665,rice,Red Soil
73.92231749,57.82024298,18.73410276,20.00137297,56.08985084,6.744703358,108.9909305,maize,Red Soil
118,12,47,27.96872279,92.17444796,6.010739645,28.94766949,muskmelon,Black Soil
20.98109283,16.87657688,27.27357163,29.28213928,89.74869141,6.009583877,190.1908317,coconut,Loamy Soil
47.85387754,78.90332899,78.90704903,17.77091461,14.62403902,6.589925816,62.22798542,chickpea,Allvial Soil
5.225048442,45.1744483,20.75060664,28.40202929,87.48554644,6.46808961,46.13597713,mungbean,Red Soil
25.51624017,23.46152006,34.43417475,31.48247604,52.97116088,6.79168833,87.27373595,mango,Laterite Soil
4.8949577,12.32690752,38.96734407,22.37030712,89.29958657,5.629985252,100.0768792,pomegranate,Clay Soil
30.55984699,126.1530374,202.5656275,22.25827113,91.81953885,6.171284491,100.5671687,apple,Loamy Soil
24.889363,71.55615378,83.89354035,18.96692488,18.27126487,6.951193053,80.41092766,chickpea,Allvial Soil
0.576287936,24.41523644,33.04882045,28.92058761,55.37884712,6.469956157,97.99601558,mango,Red Soil
8.469383473,58.50865567,13.11168224,29.70520419,89.01577345,6.293667161,58.45286568,mungbean,Allvial Soil
117.5129599,85.58107098,48.12352175,28.66828554,81.6435469,6.210061406,117.2843148,banana,Red Soil
109,26,45,28.27973674,90.38971208,6.224535449,21.58992507,muskmelon,Laterite Soil
25,51,24,25.5042419,61.66852372,9.392694614,65.07981523,mothbeans,Sandy Soil
16.39818566,9.313650218,38.0749922,19.29189695,88.86436748,5.635902359,105.3624556,pomegranate,Peaty Soil
26.17739836,72.88685828,84.85649616,18.65705138,19.69990815,6.509186968,70.46832233,chickpea,Peaty Soil
9.531950521,77.52121656,18.85845122,20.08860883,24.40209912,5.804059033,102.2677805,kidneybeans,Loamy Soil
22,55,20,33.95309131,69.96100028,7.423530351,61.16350463,blackgram,Clay Soil
20.93504708,138.9259612,195.6154965,27.63023812,83.7342756,6.214204816,74.1306288,grapes,Peaty Soil
99.32318848,15.54643373,27.46804453,27.12342252,57.57054135,6.503059639,167.172743,coffee,Black Soil
55.98779442,78.97984024,23.4309329,33.46456758,62.97824616,6.59201519,63.89705806,blackgram,Peaty Soil
93.15596987,39.48326373,16.10031216,24.05567775,57.39767801,5.914099571,108.1414222,maize,Laterite Soil
35.35977971,57.45275553,24.14599471,26.86718373,43.02362066,8.346523632,71.6687472,mothbeans,Peaty Soil
91.34883257,35.12506223,38.29521631,24.71118822,81.07945168,6.134315537,182.6845726,rice,Loamy Soil
4.334716462,28.39479475,44.90277107,21.22168089,92.11732171,5.557936341,105.4304781,pomegranate,Loamy Soil
45.57262922,56.47600794,52.57956308,42.52418338,89.79124556,6.93730569,77.24252376,papaya,Clay Soil
63.48448264,38.42060039,44.7579734,23.50015252,70.70887478,6.758404718,184.3624477,jute,Clay Soil
25.16763681,27.61584066,10.26978803,18.85286221,93.57066157,6.140181974,117.9461597,orange,Clay Soil
31.44267703,77.8714741,15.03623099,23.77714112,20.89420062,5.713013182,81.68137556,kidneybeans,Sandy Soil
57.91864693,68.56879212,82.39341528,17.40335007,18.21946433,7.563806208,87.64175889,chickpea,Peaty Soil
0,50.27425075,17.73936196,29.47682418,87.83171607,7.00471461,41.37377467,mungbean,Black Soil
116.8364915,14.58619699,52.96299998,24.23737447,91.03073562,6.049968767,45.06196679,watermelon,Loamy Soil
31.47336039,74.59320863,79.17155743,20.57412325,15.8662716,5.990126898,89.49884935,chickpea,Loamy Soil
8,54,20,28.3340432,80.77275974,7.034214276,38.7976407,mungbean,Allvial Soil
11.38940868,27.81322349,29.07622124,27.39757286,48.70178393,6.356743223,90.18863738,mango,Allvial Soil
87.89154453,12.31303634,45.69824866,30.0021416,96.24910476,6.328207979,28.24791795,muskmelon,Red Soil
31.93995529,138.4665315,199.5918162,35.96340908,82.3796811,6.360941981,67.93467598,grapes,Black Soil
32.34532835,49.69651488,24.71950692,27.5650983,84.86834154,7.18430115,51.46481531,mungbean,Peaty Soil
39.8984608,135.6615614,203.6602706,22.59932055,95.04219339,5.942970451,117.9213822,apple,Allvial Soil
43.78877392,55.19257472,47.93539144,39.0811294,90.94927865,6.528263983,63.19178348,papaya,Clay Soil
109,91,53,29.66727337,83.51014178,6.010095853,110.2511102,banana,Sandy Soil
30.03554138,135.7241129,195.4927248,22.03793336,94.24149131,6.440245626,118.0386023,apple,Loamy Soil
30,127,204,22.50050273,92.45878335,6.126436584,100.9343903,apple,Loamy Soil
114.9669615,12.7025715,48.90720095,24.69091162,90.41306617,6.649593638,40.50564574,watermelon,Sandy Soil
17.01445748,133.9711317,204.8314936,39.01430311,79.31576486,6.488675878,73.08909673,grapes,Allvial Soil
90,52,25,25.97482359,69.36385721,6.822586546,103.2234212,maize,Sandy Soil
81,34,30,25.17787724,62.26244581,6.647765997,135.0119649,coffee,Red Soil
31,26,9,11.69894639,93.25638873,7.566165721,103.2005992,orange,Red Soil
108,23,51,26.84366082,83.85039964,6.106500787,40.228644,watermelon,Red Soil
27.58235086,42.47082321,22.79980573,31.51385365,55.7991975,5.860752005,46.39006703,mothbeans,Black Soil
16.61690538,8.790572818,41.55128132,19.30304941,87.81695151,5.651027121,102.8046823,pomegranate,Peaty Soil
19,35,24,27.11030369,83.64274107,6.883308033,49.11964582,mungbean,Clay Soil
0,123.8356723,205,22.44200342,92.17079557,5.726691358,123.1938066,apple,Black Soil
32.28269642,19.22359389,32.83149907,31.89072552,54.17434421,6.243282731,90.61096137,mango,Laterite Soil
22,30,12,15.78144173,92.51077745,6.354006744,119.035002,orange,Black Soil
115.5017953,16.53329231,53.43068851,27.59710601,94.19804928,6.8082173,29.2041956,muskmelon,Black Soil
9,11,8,24.85903405,94.39000473,6.559236744,111.7803734,orange,Peaty Soil
80.64888335,26.21002789,50.13981812,29.98354999,91.92445822,6.123067876,23.6853937,muskmelon,Loamy Soil
33.52463308,20.1465771,43.2523395,18.46803251,90.41737347,6.67676925,110.4288413,pomegranate,Red Soil
126.5353657,46.26830327,19.7303187,24.26073304,80.58453383,6.28341587,97.55489619,cotton,Loamy Soil
90,50,44,26.91643698,73.48655995,6.253408852,171.4716375,jute,Red Soil
27.11824716,124.3429502,202.4118623,22.35602337,94.47085518,5.634227951,108.1630016,apple,Clay Soil
48.41924235,76.4085232,19.30044607,27.06100811,66.52884941,7.377670451,60.75201945,blackgram,Loamy Soil
26.88868445,31.56789075,6.328353803,32.62529153,91.8336962,7.674791901,115.1327195,orange,Peaty Soil
98.61374494,29.27286563,29.84540035,25.42033657,61.81873917,6.235976759,200.985157,coffee,Clay Soil
39.45792995,77.34603899,20.94616234,22.79520615,61.30983064,4.608752309,160.5342791,pigeonpeas,Laterite Soil
38.08979959,78.35436174,21.04463257,28.16720766,68.43239891,6.317834423,37.0490391,lentil,Black Soil
41.49067611,59.13989655,24.96720625,27.5147415,62.15868182,6.518666589,71.61790727,blackgram,Allvial Soil
118.8882021,7.042922677,43.57067271,29.67244848,90.14245602,6.697641894,31.51813389,muskmelon,Loamy Soil
104.3137963,27.15210297,51.21260769,28.90065491,94.39306098,6.452004019,23.1923835,muskmelon,Black Soil
123,39,24,25.00755095,78.17952126,7.453106264,86.06411872,cotton,Laterite Soil
84.63012972,44.700685,22.07462207,22.08201701,62.82753823,5.832672824,109.5041202,maize,Sandy Soil
47.81192423,57.98869492,56.03947424,29.10234923,89.11097702,6.610864186,128.417685,papaya,Allvial Soil
99.7710637,5.865029905,44.52901942,26.27276426,87.57049346,5.963107434,39.02893062,watermelon,Black Soil
88.66359737,22.93602898,31.07082141,24.32436188,65.734229,7.215022335,181.3116937,coffee,Laterite Soil
88,50,40,25.63215038,79.95150917,7.051822472,182.2582277,jute,Laterite Soil
37.23082695,39.3987972,31.62000491,32.13624179,44.70769901,5.441176538,91.97373995,mango,Sandy Soil
17.55862082,123.5829668,201.6522659,22.68655873,91.47293585,6.125578442,102.2753448,apple,Red Soil
95.68798873,16.53487768,55.33942141,25.29847335,87.81063938,6.62238372,39.46371263,watermelon,Red Soil
38,19,31,34.73823882,49.08864345,5.855119268,90.65022183,mango,Laterite Soil
23.17103942,62.43863288,17.5434081,15.83697805,20.59012201,5.491945217,92.18383871,kidneybeans,Clay Soil
5.343558281,134.0187918,197.7906528,28.62777315,80.52976271,5.86404165,72.84355304,grapes,Laterite Soil
33.44187793,134.6088414,204.4578292,21.15875917,95.81088551,6.070251127,114.6814208,apple,Loamy Soil
7.611939337,48.43045053,22.81712896,27.73270828,86.5079212,6.397662248,49.49065606,mungbean,Peaty Soil
120,19,49,25.79448878,84.26830701,6.762471629,56.45229202,watermelon,Clay Soil
7,16,9,18.87957654,92.04304496,7.813916603,114.6659511,orange,Red Soil
121.7184653,38.94802015,24.8112813,24.92624487,77.84744339,7.462850393,86.58418763,cotton,Laterite Soil
105.9529574,73.48466183,45.70359655,29.0781807,80.93159105,6.278880559,90.9780621,banana,Sandy Soil
22.93402135,19.22778005,35.89505587,30.57695663,52.43592092,6.675993037,94.82405694,mango,Loamy Soil
27.08150141,72.4355232,17.2881546,29.21544393,56.92941278,6.346330947,122.3296495,pigeonpeas,Laterite Soil
37.10825868,66.9048722,53.66589365,35.31510214,91.91241595,6.518083715,236.1575532,papaya,Peaty Soil
21.16497457,79.39641086,19.25477636,26.85761342,66.12722078,6.951695871,69.91217665,blackgram,Black Soil
18.25470408,57.56962823,18.55688711,18.73174498,22.71129481,5.67271891,133.9141089,kidneybeans,Sandy Soil
112.4864938,51.36873814,20.44235266,23.91475339,78.49183837,6.417402624,84.45591307,cotton,Clay Soil
77.12793387,39.46108969,38.57119221,26.53808209,83.7678777,7.53987903,243.76618,rice,Loamy Soil
29,139,205,23.64142354,93.74461474,6.155939453,116.6912176,apple,Peaty Soil
30.11458088,62.5675286,15.3926929,23.77682859,22.15448619,5.524888385,101.7020374,kidneybeans,Sandy Soil
0.585614083,28.60422585,6.958159791,11.95716339,91.59161604,7.262128697,102.2237824,orange,Black Soil
8.259525566,10.29790254,10.09212645,24.72781132,95.18951958,6.533374931,113.4301648,orange,Peaty Soil
13.87444935,5,40.90634378,18.01777166,90.48233824,6.98904943,109.5916998,pomegranate,Allvial Soil
36.98670045,133.3989523,199.0101354,25.69784934,84.16118174,6.260208388,68.2394236,grapes,Laterite Soil
70.77124379,36.37340067,37.97315585,24.2563253,77.56882532,7.017207183,162.1888002,jute,Peaty Soil
82,25,51,24.31334971,87.47409052,6.074209622,48.11248366,watermelon,Clay Soil
91,35,38,24.8972823,80.52586088,6.13428721,183.6793207,rice,Loamy Soil
27.41002848,117.4086164,201.790793,21.52909547,92.42775194,6.139939937,114.6996193,apple,Peaty Soil
23,70,15,34.6008247,63.11296779,7.403623355,60.41790253,blackgram,Sandy Soil
39.44155915,21.86262096,7.397441056,24.52352549,93.36527754,6.510974806,119.4109203,orange,Loamy Soil
113.1883793,48.81872236,24.35142792,25.61276313,77.40735095,6.47337176,67.68931558,cotton,Red Soil
58.03534007,59.43838715,49.77208018,36.90319467,93.760423,6.725914744,171.8141227,papaya,Red Soil
90.25303348,56.63479385,41.99936956,26.85217858,73.53524411,6.991883247,176.1082662,jute,Clay Soil
119.6309629,28.50263288,28.10038879,26.42822629,65.14467968,6.479586746,162.6818711,coffee,Loamy Soil
10.47042278,40.00462023,22.59507273,29.61373693,64.41466551,5.820590839,50.94052317,mothbeans,Allvial Soil
14.99115985,14.30112919,11.42036039,27.84703247,90.36679032,6.535749214,114.4812319,orange,Black Soil
36.614228,50.43011179,53.46849901,32.47725371,91.9090408,6.897344986,76.80163401,papaya,Loamy Soil
87.25744463,5.476000415,46.74462968,29.9704305,92.06780735,6.430667056,23.54325065,muskmelon,Loamy Soil
69.2554873,41.42606603,17.27305778,26.19150054,64.787959,6.649843138,107.2553119,maize,Loamy Soil
10.55842079,9.622852877,44.04324746,22.57194368,90.75720855,6.556034344,113.4042269,pomegranate,Black Soil
36.96140257,55.1838483,15.04955871,28.62914171,56.82154511,8.299329108,57.3411902,mothbeans,Laterite Soil
30.11946061,121.8916623,196.0358366,41.73977417,79.85171927,5.624531572,73.42120314,grapes,Peaty Soil
104.9207335,35.83458014,30.15454225,27.39675166,51.93106531,6.962195562,145.6929583,coffee,Black Soil
99.66719153,34.84584768,19.75103216,20.40701994,64.8974386,6.678325376,76.38701532,maize,Laterite Soil
34.22970683,57.3111172,16.57648665,33.29836975,35.3178053,4.544848046,140.4927577,pigeonpeas,Sandy Soil
41.07111615,137.8075796,202.1134876,21.44380818,82.80430275,6.408527522,75.35107133,grapes,Allvial Soil
11.07007307,124.0087392,205,13.4957041,79.2719719,6.400230239,71.15925147,grapes,Laterite Soil
125.0253958,61.12842419,18.15571569,24.35351079,84.5223189,6.781739151,81.67247511,cotton,Sandy Soil
14,41,17,29.12939524,88.48312598,7.085982325,36.45012824,mungbean,Black Soil
43.16322353,75.49744566,85.19118978,19.92922718,18.83376318,7.163503404,77.22740134,chickpea,Red Soil
57.05164016,72.23959498,85.06817474,18.6910064,14.73749963,7.36697863,92.39492843,chickpea,Laterite Soil
27.15209606,70.80489448,20.99726634,25.50672841,59.63628564,7.43131631,40.10564313,lentil,Red Soil
30.07948773,23.42559117,42.88697003,19.58116025,87.29649721,5.553660325,106.0748197,pomegranate,Clay Soil
39.45747887,136.0568272,201.392629,22.74433249,95.44243773,5.927655914,115.8010155,apple,Allvial Soil
5,45,21,28.36291385,88.00989267,6.487124217,43.05130077,mungbean,Red Soil
8.421611174,57.49805847,23.04793406,26.3611896,39.20804933,5.57480734,54.68840448,mothbeans,Loamy Soil
23.13069816,23.13722584,27.57971667,34.67752411,51.61726963,5.150541138,100.3318674,mango,Peaty Soil
99.31448703,48.38808021,38.83732326,23.56199123,82.02749524,7.355313634,224.6952836,rice,Black Soil
123,44,21,25.78544484,75.00539324,7.641116569,91.39578861,cotton,Clay Soil
27,22,29,28.83214859,92.17170353,6.000248647,145.4172387,coconut,Black Soil
72.332351,44.25543965,33.47694748,24.96980967,83.78116376,5.760349364,196.1898059,rice,Allvial Soil
71.34049145,60.87423382,24.41096005,18.42321226,68.33517975,5.755821793,86.55315227,maize,Allvial Soil
70.00238015,66.53118173,46.08637952,33.90197215,93.55815428,6.975664831,204.872731,papaya,Allvial Soil
32.13352345,58.77330702,19.094911,22.5402201,21.2927939,6.00069489,120.3421616,kidneybeans,Peaty Soil
35.94715245,43.1353659,24.1963426,27.04069355,43.74228725,3.519910623,39.44507824,mothbeans,Allvial Soil
25.93804866,133.1148522,203.0164586,33.71080302,81.76182243,5.647478595,74.11576595,grapes,Laterite Soil
94.93180459,6.886563718,45.28880203,27.45489339,89.92049423,6.063463207,24.59981997,muskmelon,Sandy Soil
101.4667955,73.2672488,54.42429503,26.41405682,84.61651217,5.712526806,112.2440753,banana,Allvial Soil
109.1028306,36.69812377,24.20948783,23.34333602,76.97792072,7.448498848,79.43867249,cotton,Red Soil
57.0351524,61.51844523,47.4332164,43.28233345,94.11607474,6.915910379,113.9211704,papaya,Allvial Soil
16,56,17,33.80020039,40.03262418,7.445444883,176.6165894,pigeonpeas,Red Soil
28,46,16,29.008124,84.96089355,6.664187809,45.91011391,mungbean,Loamy Soil
26.19438954,21.97399001,24.86520606,33.26175298,46.95479099,5.970870191,94.52745738,mango,Peaty Soil
2.8573973,68.38693694,23.76289311,28.6228163,64.09570189,7.298730757,42.88331429,lentil,Sandy Soil
100,17,48,29.72791119,94.29753295,6.367800632,26.52364146,muskmelon,Laterite Soil
14.17904433,36.892062,15.01419445,27.71398185,83.90988194,6.603196384,49.97669031,mungbean,Allvial Soil
96.09602087,49.39658013,39.8571689,24.38447703,80.77361336,7.070950479,258.2338314,rice,Red Soil
112.9413472,38.01328844,25.51373488,22.22727225,79.79833321,7.395928919,91.9943862,cotton,Black Soil
7.124500317,77.58089525,24.80149264,20.40616839,24.30404846,5.793033103,70.70595121,kidneybeans,Red Soil
63.52907658,51.97630228,15.73218536,22.12997245,58.16055121,6.943095829,64.8129423,maize,Black Soil
110,14,51,27.02415146,91.66737633,6.085444691,21.26034986,muskmelon,Allvial Soil
92.53891813,81.3328481,51.84432096,27.96609192,76.93262164,5.915623586,102.6080775,banana,Black Soil
22,56,17,29.87888063,87.32761241,6.89077995,44.75215854,mungbean,Sandy Soil
34,133,202,15.31413469,80.09711412,5.804799142,74.82144653,grapes,Black Soil
41.24573404,122.220361,197.3980426,26.36864304,81.31726851,6.337738258,63.525353,grapes,Clay Soil
26.3226454,62.82816809,18.86501278,20.91294956,20.86999535,5.519276505,132.1492717,kidneybeans,Laterite Soil
30.48351096,121.7515469,203.518997,22.18328064,94.14798752,5.617265483,115.1083767,apple,Laterite Soil
27,76,83,19.12829388,14.92241479,6.289614016,89.61857826,chickpea,Peaty Soil
3.437408365,47.56097766,19.88101998,26.22937398,64.99920341,4.197051932,70.81497079,mothbeans,Clay Soil
108,60,17,22.75805656,76.75768356,6.558902588,97.76600619,cotton,Laterite Soil
20.80638541,145,197.8682549,21.94058648,90.88205609,6.492649678,118.6448379,apple,Sandy Soil
24.44690908,140.9604715,204.1348226,12.4173487,83.0739663,5.843567003,67.82767297,grapes,Allvial Soil
83,57,19,25.73044432,70.74739256,6.877869005,98.73771338,maize,Peaty Soil
18,55,23,21.9989826,56.31006755,6.98571967,136.8274312,pigeonpeas,Loamy Soil
91.82170224,92.90032892,42.8290471,29.42600815,75.62662263,6.149822918,93.62471156,banana,Black Soil
21.8102213,17.47804614,25.674921,28.56643926,47.02368781,4.753890522,98.30094729,mango,Loamy Soil
37,77,17,36.20970524,31.94550613,5.617122801,191.0658531,pigeonpeas,Peaty Soil
99.17143356,53.5895869,38.80585311,20.01096945,82.31430777,4.992609673,271.4855052,rice,Allvial Soil
69.10705034,52.81816808,46.21900692,39.7878598,90.8137908,6.938664189,122.0151943,papaya,Allvial Soil
29.31329269,50.23552685,24.47355556,27.7291825,84.9177593,7.216711625,54.1277682,mungbean,Peaty Soil
58,67,45,38.72382798,91.72514851,6.702424548,62.62377075,papaya,Allvial Soil
76.59228142,52.53176743,43.15794339,23.20527397,83.34142711,7.08993467,169.5567059,jute,Red Soil
33.94246969,77.3401936,74.55452148,17.94371483,15.3442544,8.489063528,89.40956737,chickpea,Laterite Soil
25.26791839,77.80855815,74.98934152,17.72153711,14.94950783,7.220129779,66.8204936,chickpea,Clay Soil
3.926527895,61.77651196,19.86285273,20.41448584,18.116357,5.801928314,121.3525599,kidneybeans,Allvial Soil
118.6003712,17.75842876,51.58433612,28.03765914,91.994355,6.555252806,22.49693255,muskmelon,Sandy Soil
12.8105785,70.5657627,19.78011189,24.41395308,21.21511256,5.832101311,58.65239219,kidneybeans,Red Soil
22,60,18,19.59221047,61.28633405,6.74398035,41.7704893,lentil,Laterite Soil
93,43,38,23.61475336,86.14290267,6.987332927,150.2355238,jute,Laterite Soil
5,21,38,22.43377991,90.3396556,6.107054808,112.459697,pomegranate,Red Soil
64.47482883,59.15420452,42.7117096,21.72231299,81.90568021,5.657832535,228.9182838,rice,Loamy Soil
106,10,49,27.72653142,92.00687531,6.350623739,20.21126747,muskmelon,Sandy Soil
33,120,205,35.12158265,82.26890793,5.550832178,69.71518491,grapes,Black Soil
2.959177691,11.41939102,10.54974196,34.46710192,90.96014563,7.816457303,116.9286093,orange,Laterite Soil
100.2067116,19.27724085,49.10932955,24.74434945,81.75452451,6.218406973,58.91644071,watermelon,Allvial Soil
39.44214095,135.9786475,204.3483019,22.70894785,94.88079755,5.90883021,114.1195467,apple,Allvial Soil
4.365374044,41.6043625,16.40298542,29.033418,61.21832394,8.857711005,72.81657679,mothbeans,Peaty Soil
87.40217365,44.95155566,39.47615245,22.56806854,83.64886787,6.587887471,195.0816749,rice,Peaty Soil
68.47309833,69.30166753,50.36128873,27.68213666,93.15298451,6.827072267,83.91400478,papaya,Clay Soil
96,41,40,23.58419277,72.00460848,6.090060478,190.4242157,jute,Sandy Soil
26.8099489,65.62951924,19.40933132,19.94353055,23.8859453,5.57917286,73.88700218,kidneybeans,Red Soil
12.88706764,5,36.2913523,24.83787208,85.09897142,5.833782894,104.5374674,pomegranate,Laterite Soil
93,94,53,25.86632408,84.42379269,6.079178788,114.5357503,banana,Loamy Soil
128.9828658,43.1506065,14.78518859,25.57744525,78.86122767,6.711405912,81.40462432,cotton,Allvial Soil
8.992094845,37.15265498,33.87643302,28.06084543,55.8221945,6.105985903,96.86854883,mango,Black Soil
100.4914889,9.949933708,47.54458481,28.97843683,92.9233275,6.351975163,23.89095095,muskmelon,Black Soil
24.78691816,39.65189496,25.79094897,28.84872749,44.17300264,7.972709894,33.74753759,mothbeans,Peaty Soil
103,27,31,27.15998538,51.59100753,6.691541233,126.1752206,coffee,Sandy Soil
41.22997046,17.51964568,35.29152228,34.33548166,54.62956671,4.938777446,98.84677693,mango,Peaty Soil
89,40,43,26.24532085,72.97198375,7.124050134,189.9711184,jute,Allvial Soil
6.656563239,14.66456138,11.09373797,10.08585918,91.72418187,6.473514253,107.191984,orange,Sandy Soil
43,68,81,17.47809436,17.93253975,6.761599706,78.92060234,chickpea,Loamy Soil
57.44600203,67.36351245,49.51132086,38.36640189,90.72182157,6.729962925,62.2843466,papaya,Allvial Soil
21.40106066,43.70049656,19.17538668,27.21938484,87.12434101,7.158011069,52.96775384,mungbean,Loamy Soil
112.0294979,23.3780992,51.70056576,24.94177325,86.31878423,6.901319685,55.72076068,watermelon,Loamy Soil
4.80605447,68.81541668,17.05428863,18.94237372,61.37625391,4.960723453,139.9407992,pigeonpeas,Black Soil
3.201591183,69.35589416,26.88979379,23.63376797,24.1105549,5.923769621,117.8883464,kidneybeans,Allvial Soil
122.9652616,39.87059448,18.91557126,24.86101309,82.34379143,7.938108218,95.09842664,cotton,Sandy Soil
28,74,81,18.01272266,18.30968112,8.753795334,81.98568791,chickpea,Allvial Soil
58.84801868,61.22259616,51.04561497,43.59745993,92.79389725,6.614218233,103.1284579,papaya,Peaty Soil
19.7571209,6.896829468,14.89286777,25.68927612,95.03823342,7.263696607,118.1789039,orange,Clay Soil
39.87660091,37.49427616,10.51295483,29.03398106,83.664309,6.840473415,60.43327033,mungbean,Black Soil
29.45189046,75.58413271,81.35431844,20.71074078,14.59485833,6.628332737,85.98797385,chickpea,Laterite Soil
76.90060989,37.44340448,35.39519467,22.13898352,79.59024766,5.960779749,224.4476011,rice,Clay Soil
61,51,51,39.30050027,94.16193416,6.574677594,120.9512466,papaya,Black Soil
100.5936228,55.41737118,40.92400499,26.39642273,83.6499764,7.50187227,177.8535076,jute,Allvial Soil
6,62,22,20.53052663,18.09224048,5.824090984,120.4509288,kidneybeans,Allvial Soil
99.32374009,35.58905877,39.18687528,25.19713026,71.5709507,6.363312714,186.7798494,jute,Loamy Soil
119.2588665,7.9315477,46.20417982,29.65335699,90.33744166,6.7057633,26.15198341,muskmelon,Loamy Soil
9.522482507,59.33899907,14.16330336,29.85620761,88.35915741,6.313799053,61.45542523,mungbean,Allvial Soil
6.551539692,57.50073031,23.97528343,29.67695931,90.25536457,7.179857529,47.03707278,mungbean,Loamy Soil
13,132,203,23.60115364,82.48336987,6.423216506,73.23901752,grapes,Clay Soil
7.165937175,126.434283,203.1352692,16.8967421,80.95614801,5.65120837,70.92792122,grapes,Peaty Soil
35.77147339,70.39977675,26.55163404,19.53168016,26.22101829,5.823057579,85.42921824,kidneybeans,Loamy Soil
32.80219106,35.55735768,28.03389165,33.81025083,53.48443464,6.452549089,96.17526895,mango,Peaty Soil
33.37099551,24.59712098,39.31754135,24.87523161,93.44324692,6.994769926,101.8851399,pomegranate,Allvial Soil
85,33,25,26.20811417,52.50987966,6.910823945,189.0944824,coffee,Peaty Soil
130.2139996,59.96240044,23.33897359,24.58512911,78.40562644,6.000340091,70.66329821,cotton,Loamy Soil
11.24107314,78.26879165,22.32750128,15.80140572,19.28776903,5.970603479,88.47271459,kidneybeans,Clay Soil
108.4728612,68.92547221,52.72737563,29.30984085,84.7610667,6.060128625,116.2459672,banana,Peaty Soil
109,79,45,27.66752761,79.68542782,6.490074429,108.66464,banana,Allvial Soil
20.59386667,63.89190785,19.75541904,25.24259567,67.69504335,6.862010314,73.78973535,blackgram,Allvial Soil
33.34489209,28.95233687,32.13519133,31.84859251,49.94311985,6.835068443,93.35401605,mango,Red Soil
58.87323879,67.89213021,83.22757569,17.65346883,19.01464838,7.54827772,81.23061224,chickpea,Peaty Soil
139,35,15,25.248679,83.4630147,5.898293044,86.55517751,cotton,Black Soil
11,72,20,19.52226241,24.92607153,5.951177452,113.334026,kidneybeans,Laterite Soil
83.7010478,24.99347205,27.01605819,24.56304791,54.25745603,6.096971825,183.7966296,coffee,Peaty Soil
6.776411431,48.54395121,23.93257895,28.51882903,83.57901533,6.765312608,50.2962582,mungbean,Peaty Soil
131,52,16,23.65724079,84.47601498,6.486068274,88.54479121,cotton,Laterite Soil
82.59001934,43.99091095,20.43807814,18.84141629,59.51319025,5.752909015,78.58786248,maize,Red Soil
68.70388113,59.58094592,36.1037278,25.07474986,80.24009641,7.21184102,163.561119,jute,Black Soil
22,36,16,30.58139475,50.77148138,8.18422855,64.58559639,mothbeans,Sandy Soil
9,143,197,23.75033085,92.88160462,5.570020684,117.6602827,apple,Laterite Soil
41.09728845,26.03147442,45.68896424,21.50986582,94.64169807,5.881694577,113.3163702,pomegranate,Allvial Soil
95,37,35,27.31317116,68.4233391,6.348337519,192.4288139,coffee,Peaty Soil
85.27770026,52.43048387,36.9185102,24.86059749,73.31633205,6.566566132,155.8816301,jute,Sandy Soil
60.11917558,69.26158313,80.40005224,18.91062054,17.04010377,8.141881865,68.59335927,chickpea,Clay Soil
17.64706317,26.7082422,33.6827999,32.50079082,47.5553321,5.431152627,87.83440411,mango,Peaty Soil
3,28,33,30.33723921,48.88704844,5.755049971,94.42850522,mango,Red Soil
6.134869055,30.45652001,26.27283461,31.25882993,48.14151008,6.556184822,94.58058581,mango,Laterite Soil
33.73260056,57.2085134,22.35818407,35.62600656,68.57886995,5.269497463,109.402938,pigeonpeas,Clay Soil
35.18685371,58.64787036,26.67004618,29.89522439,85.24626342,6.835208885,42.5643238,mungbean,Peaty Soil
22.36109057,36.09986758,16.95514971,26.55459973,47.77010956,5.421731294,36.71820113,mothbeans,Sandy Soil
13,61,24,18.29783597,69.6897615,7.629910253,49.39111479,lentil,Loamy Soil
27.52837298,9.182694613,28.93616019,26.45266191,98.06074387,6.022975979,221.7756865,coconut,Laterite Soil
100.3585252,74.74210443,45.9715329,25.41233339,76.18450464,5.580224807,99.48946569,banana,Clay Soil
18.9419316,11.84732886,9.797534082,12.69311736,93.06510413,6.20612693,121.3923217,orange,Peaty Soil
72,45,35,25.42977518,82.94682591,5.758506323,195.3574542,rice,Allvial Soil
95,16,55,25.26931156,87.55055105,6.612847999,40.12650421,watermelon,Red Soil
20.81781754,25.43302565,28.26341372,27.15589503,47.59337714,5.703599961,98.07794577,mango,Laterite Soil
24,18,6,26.56608303,94.45239715,6.285312759,116.3796525,orange,Laterite Soil
3,63,16,24.38041875,61.18458224,6.868881708,53.13946695,lentil,Peaty Soil
32.39687701,48.06831588,47.35091315,29.02413361,93.48791151,6.831037084,209.3468821,papaya,Peaty Soil
9.604579195,55.96687874,17.45847867,28.10960875,81.04437917,6.874055364,38.02231764,mungbean,Red Soil
22.08804348,78.05620461,73.9698033,17.80265622,19.02093912,8.584124763,75.41583239,chickpea,Allvial Soil
94.84921788,87.21607819,46.3597128,28.3167382,85.36496085,5.633302027,110.2487767,banana,Peaty Soil
18.47015569,123.0734489,202.2543879,22.56327653,91.25876134,6.15129784,100.4477211,apple,Red Soil
15,9,11,11.54785707,94.14861001,7.907956251,108.8289171,orange,Allvial Soil
36.43724583,76.16007708,19.64062459,25.97984453,69.239213,7.074467232,52.72193449,lentil,Clay Soil
23.59892587,134.1690869,201.3650234,23.8186331,80.38725762,6.016350621,68.0953919,grapes,Loamy Soil
85.18830533,37.22358758,39.23921561,24.65161684,82.76540292,6.374436478,225.9034013,rice,Black Soil
73.7571325,56.71836328,41.37408516,21.27864159,84.19435463,5.784206493,271.7265816,rice,Laterite Soil
135.2262376,37.83774686,19.34096884,23.08873378,85.31572957,6.907574173,74.06656819,cotton,Loamy Soil
33.89182454,138.8080388,197.1228817,22.22940232,90.66620847,6.186382583,123.082687,apple,Black Soil
11.53246994,61.26512646,21.95327457,19.38138297,64.49103988,7.74172961,45.10674644,lentil,Allvial Soil
133.4293033,47.05155045,23.88659105,24.5226026,79.80519714,7.267594361,91.45958867,cotton,Sandy Soil
23.65892176,74.90043499,25.34943443,31.20773314,47.41956065,7.061256039,88.41662758,pigeonpeas,Loamy Soil
53,74,15,29.43463808,64.94329356,7.517097,72.17818157,blackgram,Loamy Soil
85.74437788,80.07530727,47.13814337,27.74331258,82.16187257,5.802011867,97.66218614,banana,Clay Soil
29.48518518,121.2232949,202.3258139,23.24222333,90.44663425,5.716057807,109.269905,apple,Loamy Soil
105.8043472,5.239107053,52.83474833,26.72341243,90.06205372,6.889373473,55.85014452,watermelon,Peaty Soil
28.55668868,46.41037746,25.34483021,29.6712602,80.68124774,6.535181559,57.2163376,mungbean,Laterite Soil
25.58157981,20.19988633,29.35447876,35.55395997,53.11592573,5.055060451,90.20298533,mango,Clay Soil
68.23552636,47.14726323,41.83976119,23.89480075,79.15660717,5.042872918,263.5024694,rice,Sandy Soil
60.38669401,40.31101002,43.10286819,24.26949029,80.99972548,6.573876281,160.636999,jute,Red Soil
106.5726323,5.400547422,51.39837604,26.59884256,89.79201396,6.863935663,57.18017166,watermelon,Peaty Soil
0,24.67140116,35.9849031,22.22669517,90.68041707,6.753453186,111.8722157,pomegranate,Black Soil
9,29,34,29.38471637,45.88744691,5.72742254,100.8124659,mango,Red Soil
10.67966286,70.99764114,15.95044034,19.59112606,65.74093594,6.15386219,172.5757733,pigeonpeas,Clay Soil
32.90261863,62.9159218,23.15736494,20.12550276,48.43611419,4.541619417,124.2801478,pigeonpeas,Red Soil
92,40,30,23.35723208,55.18792166,6.026287448,171.6976946,coffee,Sandy Soil
6.167318498,61.11078818,23.95470637,20.73209698,39.31481537,4.743162391,137.5717895,pigeonpeas,Clay Soil
28.43739091,11.93885763,5,13.53947964,91.43348002,7.352486221,110.2424397,orange,Clay Soil
19.34001266,38.47524232,27.19355146,31.34626926,49.20232528,4.54784367,95.75894776,mango,Red Soil
11.95431131,23.5855091,9.334600064,17.28626157,91.00166039,6.489703346,112.0134327,orange,Loamy Soil
15,123,204,22.52709326,92.54780429,6.365972688,115.3830068,apple,Clay Soil
86,37,16,20.51716779,59.21235483,5.561510732,67.61013737,maize,Sandy Soil
29.34258829,34.33793761,23.47653373,30.16270767,46.51884817,7.684602809,65.81070234,mothbeans,Sandy Soil
71,54,35,26.63952463,70.95705996,7.311077075,199.3355744,jute,Peaty Soil
90.82223886,23.6014577,48.41979315,26.94335697,92.33572093,6.37220827,28.0070337,muskmelon,Laterite Soil
92.27054309,58.06695682,22.39907148,18.71002572,71.62445064,5.7153355,69.32004608,maize,Loamy Soil
115.4893459,84.57183896,52.58881813,24.89635779,82.51983283,5.730590523,115.0285721,banana,Red Soil
13.03387601,33.90346141,32.71333199,29.22653119,49.18962676,6.809927626,96.24066393,mango,Laterite Soil
97.98890609,26.03470397,48.84184862,27.34007137,91.01920335,6.132107453,24.34684012,muskmelon,Allvial Soil
100.0828168,76.38443753,46.59947759,25.48342921,76.3205595,5.558315453,101.7718273,banana,Clay Soil
38,14,30,26.92449525,91.20106019,5.570745386,194.9022136,coconut,Black Soil
27.40841681,137.3335518,202.3771155,33.82450837,81.20559355,5.714324637,72.74384569,grapes,Laterite Soil
72.28849959,35.89552708,38.42304961,24.89426784,81.74772146,4.974815212,186.4333768,rice,Loamy Soil
38.75025569,58.16856095,84.01097262,17.65893883,14.91771836,5.991817397,67.04429887,chickpea,Clay Soil
22.94353875,37.52560121,13.52540134,30.84558118,50.61009685,8.204622183,63.7042396,mothbeans,Sandy Soil
117.8375084,14.37869024,47.21967215,24.22389562,84.866034,6.556570346,50.58115395,watermelon,Clay Soil
8.611920546,8.553616988,27.80808078,29.04954588,92.81978839,6.303188974,147.4933703,coconut,Black Soil
133.0838236,56.94459501,20.39853227,23.51387887,74.93634301,7.928039005,86.38165857,cotton,Sandy Soil
14,67,25,25.28710601,60.85993533,7.241151936,49.37369982,lentil,Clay Soil
99.23751219,15.57132996,32.11741193,23.57665802,64.77330422,6.429579745,186.8193568,coffee,Loamy Soil
18.42444131,73.15909453,12.75878812,35.93658627,56.77756591,7.336323339,134.4223043,pigeonpeas,Red Soil
7.203029113,32.09936132,40.32058014,22.70245074,91.85161003,6.37802781,108.4437426,pomegranate,Red Soil
30.86978526,29.67548455,36.18361725,27.35668299,91.42964488,6.120517361,143.3050789,coconut,Loamy Soil
12.12291104,17.31711131,41.31506129,21.55952912,95.47795988,5.8920364,105.0366049,pomegranate,Loamy Soil
99,41,36,24.45802087,82.74835604,6.738652179,182.5616319,rice,Allvial Soil
61.48473194,40.37718576,47.93830262,24.57971996,82.33466076,6.536783079,156.5657402,jute,Red Soil
114.2765083,40.42073923,18.81502181,24.97525281,80.06276591,7.257430927,94.35486951,cotton,Clay Soil
25.58631475,64.55571985,23.03143998,17.83365596,19.10587289,5.943936545,140.3796847,kidneybeans,Allvial Soil
23,62,19,16.51783455,20.4555596,5.609435128,98.77794225,kidneybeans,Clay Soil
21.76604384,45.25399872,22.21575647,24.26114649,55.53265509,6.019554599,59.46283066,mothbeans,Clay Soil
39.54406047,69.48037273,19.2971445,34.13669732,65.34820903,7.737152482,72.83040523,blackgram,Sandy Soil
61.11934867,61.64450967,13.35422048,24.74959529,68.73833284,6.280157148,91.00272326,maize,Clay Soil
94.00050822,53.67448135,38.92620741,26.95353762,81.59512733,7.062726877,294.2653196,rice,Clay Soil
138.4198974,36.57799408,16.07314912,24.23568424,76.36599063,6.009369019,70.43335203,cotton,Black Soil
10.93448032,6.163105589,6.24506693,30.81311508,92.16362719,6.402550292,107.6845117,orange,Loamy Soil
32.73237542,70.30746724,87.60219757,20.75082452,16.18022963,6.412647685,93.87383744,chickpea,Sandy Soil
85.78502073,36.45957631,40.04331957,21.67695544,82.13599092,6.217157438,276.5896705,rice,Black Soil
83.75860088,21.86847325,51.01162411,25.64450161,82.22918333,6.292404944,54.46966679,watermelon,Black Soil
5,68,20,18.72987676,61.33186249,5.001038726,139.8710041,pigeonpeas,Black Soil
35.34012866,57.28695788,23.92606917,26.92724564,42.54082765,8.392583566,72.58107118,mothbeans,Peaty Soil
36.60458381,59.17932751,77.5199406,18.79837492,18.17431243,8.908411968,76.93882859,chickpea,Black Soil
11.34310238,48.36520634,22.04507839,27.87890156,86.47757704,6.431133944,50.04484505,mungbean,Peaty Soil
0,29.87919361,29.43022969,27.6258891,48.50411391,6.066651898,94.51509949,mango,Sandy Soil
12,71,19,24.91079638,60.71367427,7.142611056,42.19740397,lentil,Sandy Soil
62.3063463,34.81816537,20.42748515,22.83025332,61.96111459,5.682964123,60.7926296,maize,Loamy Soil
59.10703866,59.98632865,79.28981691,20.68630426,21.17435769,6.299260745,92.95977079,chickpea,Clay Soil
7.707234064,29.56952325,35.87224776,23.9782476,86.82308694,6.063738811,111.1920868,pomegranate,Peaty Soil
28.33708429,138.250964,203.7707291,23.65100866,93.58909503,6.190694913,116.548933,apple,Peaty Soil
25.74009073,126.5661746,195.5107656,21.52755428,93.40143757,5.84893823,118.8127833,apple,Black Soil
31.64351953,69.20778175,21.85962304,21.29294334,45.87935601,6.180512235,195.4939501,pigeonpeas,Laterite Soil
32.84632696,71.79261608,20.26917014,34.14702879,64.25142519,7.745580573,65.57657794,blackgram,Clay Soil
85.92686521,47.92828057,37.91036046,23.7276852,81.1005404,7.144922736,190.1889984,jute,Loamy Soil
120.6315216,46.70704325,16.31742085,24.76835022,76.22397785,6.319723414,59.82628058,cotton,Red Soil
16.21866606,59.85302924,18.43494921,28.08513763,85.75644607,6.403591925,39.36799438,mungbean,Laterite Soil
95,82,48,27.39489579,83.31172003,5.719014989,92.78133617,banana,Red Soil
14.19812615,68.68751829,17.97617831,20.86860658,62.56043087,7.236426968,52.34837015,lentil,Red Soil
39.96750091,70.94381355,84.31008309,20.20748441,16.46761141,8.112267958,81.86527304,chickpea,Allvial Soil
117.4892361,25.75356777,54.77134263,29.10287253,93.1802631,6.421226425,25.40879006,muskmelon,Allvial Soil
27.8752396,68.8627212,22.98290757,23.76174577,18.52960212,5.822664775,117.203854,kidneybeans,Black Soil
41.78410503,141.9637686,201.8875601,24.87787021,83.43165718,6.467365692,69.6535627,grapes,Black Soil
16.18132567,73.58417606,20.94495927,18.47616481,23.22612956,5.69555931,84.94816855,kidneybeans,Allvial Soil
11.24955601,19.13030569,45.45212874,21.67224055,95.90193001,5.979319743,101.0659019,pomegranate,Loamy Soil
8.894552336,23.27344759,34.63527862,18.75978731,86.94593674,6.785970629,103.6867564,pomegranate,Laterite Soil
24.06271647,22.75061313,29.19133831,34.92220871,51.21976136,5.166938265,97.03717309,mango,Peaty Soil
78,43,42,21.32376327,83.00320459,7.283736617,192.3197536,rice,Allvial Soil
35.23921294,52.76549395,44.22405814,42.54707043,94.9312943,6.630741902,209.9187892,papaya,Sandy Soil
37.62941615,17.67477805,11.19285517,10.36114648,89.80031524,7.389646253,105.8991489,orange,Loamy Soil
16.4382751,59.23223103,20.39234192,28.4089292,45.62787381,3.778080291,64.86609962,mothbeans,Allvial Soil
20.1074419,37.93137856,15.46894759,29.21314281,81.44436123,6.876281291,48.55512315,mungbean,Peaty Soil
39,24,31,33.55695561,53.72979826,4.757114897,98.67527561,mango,Loamy Soil
39.11418092,65.05999811,23.49173176,25.40868924,69.64205786,7.686421505,41.42648325,lentil,Red Soil
11.29664259,60.39288637,22.35626295,16.95826918,21.531172,5.668590635,129.2199497,kidneybeans,Sandy Soil
108.7003019,24.33444142,31.57979274,24.22199209,55.98193258,6.463294268,143.7700067,coffee,Peaty Soil
94.1987166,23.76226803,49.85150406,26.42531627,80.87521311,6.887307818,39.10670071,watermelon,Black Soil
66,53,19,23.09348056,60.1159381,6.033550195,65.49730729,maize,Laterite Soil
84,55,38,26.8748389,79.78725152,6.956682743,173.1017097,jute,Laterite Soil
89.13507426,17.15106824,54.04705457,29.83035364,90.72143827,6.64276314,25.90468348,muskmelon,Red Soil
80.30522952,49.97898504,19.98610814,18.12076065,59.49337119,5.504919381,104.9298128,maize,Allvial Soil
65,39,45,23.66805429,70.89000744,6.768001309,184.4633281,jute,Clay Soil
54.81394907,67.05582682,79.42881046,17.58323974,16.76719724,8.250743443,76.3206496,chickpea,Peaty Soil
3.520008292,38.95128855,31.64435823,32.54756381,53.43252678,4.731425216,89.41536632,mango,Sandy Soil
16.49991487,140.5313338,197.5652136,13.28597738,83.90233715,5.71334372,64.42285465,grapes,Black Soil
4,136,204,29.93707596,81.77713468,5.898944282,65.52279323,grapes,Red Soil
31.22391009,52.56401752,14.34033404,29.1031056,86.21369538,6.477333215,45.90711271,mungbean,Loamy Soil
37.84102608,16.23350948,25.31183211,33.70700791,47.46553401,6.738206718,91.47074456,mango,Sandy Soil
26.17081209,68.33676497,20.2861186,17.73273441,24.45216695,5.958555548,68.53515922,kidneybeans,Black Soil
102.5183266,21.23953993,52.34868808,28.69733186,94.24773312,6.310866406,22.74211216,muskmelon,Allvial Soil
110.2849888,5.057480942,53.93727191,29.85141926,93.89686857,6.130780832,22.49074138,muskmelon,Allvial Soil
75.51665013,53.56578675,19.40469539,19.50362654,62.48066961,5.687298388,61.04427897,maize,Black Soil
17.83687524,16.31143235,31.71413048,31.57730131,44.10461361,5.661620985,93.41660626,mango,Red Soil
17.95117483,27.30062727,39.29417354,22.42614317,93.43874967,7.15804489,104.424039,pomegranate,Sandy Soil
31.07289953,27.38614648,30.55084903,31.70520684,53.23535133,5.085839138,99.37128647,mango,Loamy Soil
16.96875409,21.85748952,35.54212829,29.99846655,52.49724241,5.036839581,96.5725589,mango,Clay Soil
81,49,20,18.04185513,60.61494304,5.513697923,104.2321615,maize,Allvial Soil
36,11,13,17.34083741,93.04897191,7.1917274,112.7194284,orange,Red Soil
27.11358023,6.387181848,36.78097659,22.09425794,91.73495622,6.755139005,105.2497322,pomegranate,Peaty Soil
11.29174875,11.17764468,45.98387245,22.53154637,88.57125821,6.368889897,108.9648383,pomegranate,Red Soil
81,16,45,26.90435747,86.25426228,6.727468157,59.75980023,watermelon,Laterite Soil
39,52,53,32.51247398,94.65904123,6.704204398,51.07048113,papaya,Black Soil
14.60328023,71.69781454,19.91221923,18.21832485,34.35595011,4.676382847,161.7183423,pigeonpeas,Sandy Soil
35.68618087,65.43656919,79.62559102,19.28213706,16.06915586,6.132164522,84.78415781,chickpea,Sandy Soil
35.58380312,17.86477053,36.7905557,24.15374998,93.98889441,6.416729896,110.8347285,pomegranate,Peaty Soil
84,50,44,25.48591986,81.40633547,5.935344406,182.6549356,rice,Peaty Soil
80.36233591,31.86812075,28.57983712,24.68211125,51.27544862,7.048271138,131.513924,coffee,Allvial Soil
34.7430312,38.77844902,18.66411103,28.2916352,87.40491432,6.330520686,56.99375584,mungbean,Red Soil
27,57,24,27.33534897,43.35795962,6.09186275,142.3303677,pigeonpeas,Red Soil
2.340967574,22.36890409,35.56328515,28.68413762,54.64081035,6.456321608,92.55570981,mango,Red Soil
103.5184846,38.21135135,21.48923594,25.4685768,78.01289603,5.919805737,75.10304764,cotton,Red Soil
32.84996536,24.49275781,9.616332117,10.31272982,93.38453626,7.784690353,99.76154548,orange,Black Soil
24.73004206,70.80603308,22.74362059,28.67585483,61.21402439,7.19960952,73.88377864,blackgram,Allvial Soil
79.08728556,19.02163173,49.72738417,27.99360092,91.36612016,6.719688262,20.52774822,muskmelon,Clay Soil
12.37544321,67.13259068,26.31914511,25.57908738,63.0068092,6.592930564,47.14324874,lentil,Allvial Soil
13.63556647,140.0553176,198.7765223,21.57956884,93.75695469,6.06135924,122.0415131,apple,Clay Soil
117,76,47,25.56202173,77.38229006,6.119216009,93.10247183,banana,Red Soil
12.19524222,37.69927164,28.50212104,31.16817693,46.82043765,4.574280148,91.10796984,mango,Loamy Soil
100,6,53,29.05248036,93.92217834,6.105909623,23.66620626,muskmelon,Loamy Soil
94.81696242,14.9028078,44.70509307,27.25115614,89.21198426,6.726597261,23.5999546,muskmelon,Red Soil
16.1872314,26.18623403,41.63560224,20.19390008,89.66961971,6.415703512,103.8465945,pomegranate,Black Soil
63.19447764,35.48201173,18.92400714,23.01213925,62.22521667,5.689461431,63.71683347,maize,Loamy Soil
39,129,203,34.38922481,83.18392806,5.863996687,71.03001556,grapes,Laterite Soil
44.29186997,68.45440959,76.97805007,18.92055968,15.66064653,7.153907431,78.00418675,chickpea,Red Soil
29.02209094,38.31710794,24.20516698,29.75935743,80.74923471,7.080319076,53.61245563,mungbean,Sandy Soil
81.20700254,60.20594104,16.45456028,20.36120184,63.33395656,6.637119974,108.9143412,maize,Laterite Soil
140,45,15,25.5308271,80.04662756,5.801047545,99.39557151,cotton,Clay Soil
95,74,50,25.90113128,80.47152737,6.002481605,110.10323,banana,Loamy Soil
38.21640379,59.32642609,16.37181843,35.04469921,30.2098696,5.021730308,112.9121341,pigeonpeas,Peaty Soil
25.50025276,34.89302669,30.25360396,33.36548479,52.43284422,5.300834735,96.59515398,mango,Allvial Soil
37.93421029,38.12466409,17.79267356,26.66927869,61.75829248,6.26549343,36.56544847,mothbeans,Laterite Soil
47.31720085,74.88540947,78.44864858,18.56413707,19.57062093,6.945433772,82.12531568,chickpea,Laterite Soil
14,128,205,22.60800988,94.58900601,6.226289556,116.0396587,apple,Laterite Soil
91.46381995,36.84033776,46.19700152,24.27593191,81.22370708,5.959008663,268.0856884,rice,Allvial Soil
1.966268102,16.77070502,28.43375117,35.3103382,48.12000199,6.273433013,98.25613043,mango,Red Soil
22.7730166,62.24469675,83.11872104,18.72136923,19.10907586,8.472338699,80.4686611,chickpea,Loamy Soil
29.24140552,26.95148451,31.41499429,28.74104511,93.00148052,5.785277698,191.8014041,coconut,Black Soil
9.407737537,136.0448346,199.6968813,41.81947364,82.27356611,5.616814231,72.26952761,grapes,Red Soil
27,56,20,29.2114218,87.11497805,6.41874299,51.53848218,mungbean,Laterite Soil
87.90743647,6.809081102,46.60607818,29.73798692,89.99267923,6.380727663,21.79087326,muskmelon,Loamy Soil
75.40235156,39.74313433,40.03955866,25.09456428,83.24702786,6.387010674,168.3065394,jute,Allvial Soil
83.5955187,30.17377529,48.27772571,30.22490403,92.51988124,6.274540591,20.21126747,muskmelon,Peaty Soil
80,43,16,23.55882094,71.59351368,6.657964753,66.71995467,maize,Laterite Soil
12,20,39,19.86173586,86.19740917,6.026999326,111.0217929,pomegranate,Loamy Soil
22.47781426,137.3144166,193.2810372,22.62382335,92.11941812,5.823665698,124.536218,apple,Peaty Soil
23.68749839,43.78494839,23.30949282,28.62848182,85.94779781,6.957759025,57.32071706,mungbean,Clay Soil
133.6676067,58.6615709,18.99116215,23.80666923,84.34036492,6.714701439,68.54058108,cotton,Peaty Soil
27.99892007,26.99787233,7.438891993,11.9409639,92.91413432,7.564087209,102.0915683,orange,Red Soil
20.66573465,28.87545493,25.03733643,24.97787409,91.51265701,6.057201234,157.1340523,coconut,Sandy Soil
37.67361399,18.54470485,34.94704307,27.05507819,51.05707677,4.951875123,92.36855208,mango,Clay Soil
68.90986426,57.16999896,34.79202892,24.29300299,77.75505827,6.193435052,183.4509713,jute,Laterite Soil
43.71278369,68.66582517,81.22929375,17.38343276,17.84763621,6.775653703,80.15410574,chickpea,Loamy Soil
49.531614,64.8011072,25.43064291,28.61546441,63.08577261,6.758911187,66.60973893,blackgram,Black Soil
55.89809019,55.86332891,76.3387603,17.64711337,18.14802902,8.837365533,69.92494438,chickpea,Peaty Soil
3.993878079,139.4943279,197.3872514,22.02394003,92.14672454,6.147234985,113.3620156,apple,Allvial Soil
111.7404989,27.30549095,30.53694516,23.83063379,53.89112291,6.090821084,192.7948815,coffee,Black Soil
17.89745228,77.50221685,24.43311702,20.6513745,18.24454033,5.553768543,110.5376626,kidneybeans,Allvial Soil
0.805956615,18.26795318,15.1786001,29.74947508,91.24758107,7.206830986,113.1944211,orange,Peaty Soil
108,38,24,23.41022496,76.43836957,7.442217061,78.82199603,cotton,Red Soil
112.4537922,39.36957056,17.63026418,24.23824197,79.65186075,6.341957166,67.10521078,cotton,Black Soil
24.34241857,79.63679069,18.85144165,19.63612656,23.0259167,5.5782491,101.8464207,kidneybeans,Red Soil
92.45027569,7.278401877,51.2605396,25.1249518,89.08560155,6.462271023,41.81667526,watermelon,Loamy Soil
99.26914681,5.526376068,48.41377631,24.15315397,85.05504129,6.65376943,51.33089132,watermelon,Loamy Soil
38.65653881,18.37684268,16.25136103,21.53786752,91.98603942,7.873117203,105.5900906,orange,Clay Soil
31.89344565,72.88126585,80.69783343,20.61580476,15.04893954,6.016831236,94.32947522,chickpea,Loamy Soil
39.9128999,120.2562827,199.677788,26.19535332,82.78592447,6.366856817,63.21670111,grapes,Clay Soil
29.63685409,63.63577218,29.21814147,32.89957123,64.73433683,7.701788581,69.09248242,blackgram,Laterite Soil
22,43,24,25.42517036,53.2208266,4.52363558,46.19374559,mothbeans,Black Soil
9,141,202,21.01245395,81.17931863,6.119495295,66.38448261,grapes,Allvial Soil
47,63,16,27.44003279,67.10464369,6.661870999,72.50669768,blackgram,Red Soil
102.8736624,72.58461089,51.13300213,27.90240677,82.93222964,6.381182413,88.7551302,banana,Loamy Soil
62.12837955,58.67227292,49.7719756,26.78884674,91.27680884,6.845817287,145.5762081,papaya,Clay Soil
27.34881806,123.1615339,203.3483061,22.83956009,93.01318374,6.486753765,116.6550348,apple,Red Soil
20,29,27,25.09897688,92.36099489,6.047044342,157.7592626,coconut,Sandy Soil
96.16381904,34.17185733,28.06981517,25.0693185,54.36919289,6.360672712,164.6305615,coffee,Clay Soil
110.7257866,15.4655007,48.91774324,28.51345943,91.80274837,6.22772868,25.67563827,muskmelon,Sandy Soil
96.26706704,46.36359598,20.87395324,20.60713423,68.91197401,6.499487596,64.09331119,maize,Allvial Soil
6.328105295,64.98845113,15.6500416,21.48134068,18.60287997,5.88124357,110.0007039,kidneybeans,Red Soil
114,40,17,24.32630461,80.13456404,6.363406102,69.45072055,cotton,Black Soil
26.78497851,66.89109585,19.59557113,21.87813627,64.15609102,6.223815439,47.43682369,lentil,Loamy Soil
118.8239396,5,55.40039239,29.71209639,92.84823613,6.181711508,25.41378973,muskmelon,Black Soil
23.36807102,7.268307807,40.45979499,24.28818723,89.75480413,5.958504195,107.7396512,pomegranate,Loamy Soil
19.42845291,15.41616349,34.78489156,26.19505133,99.98187601,5.708292603,213.0191422,coconut,Laterite Soil
74.18547737,57.41082656,46.7858739,25.23345144,73.75769532,6.109599869,168.2521541,jute,Clay Soil
60.95315113,34.37498158,43.5492395,23.40118269,83.60033443,5.264254975,220.8786152,rice,Clay Soil
12.70830506,29.09414383,31.77388672,28.21319636,95.59984366,5.675817216,149.8358372,coconut,Clay Soil
86.77826031,54.85192481,19.65237574,25.50250771,63.8103449,6.597547196,108.3598721,maize,Allvial Soil
45.53108765,55.84827907,52.13014869,39.26539678,91.07201324,6.512557979,64.30733997,papaya,Clay Soil
110,7,45,26.63838589,84.69546874,6.189213927,48.32428609,watermelon,Sandy Soil
90.24348009,92.16705767,45.58304697,29.37326619,76.21826313,6.136937716,94.3566636,banana,Black Soil
90.38037495,40.08280672,35.36140858,24.44193326,81.68833493,6.140802202,193.0541072,jute,Allvial Soil
15.96152316,13.67805719,7.65965693,9.820708575,89.50580428,6.245875617,116.951485,orange,Allvial Soil
108,89,53,29.12036889,80.18080728,5.908770059,112.3982055,banana,Clay Soil
92.43184805,55.56368178,37.87708602,26.87713595,82.09628312,7.069128303,290.8521694,rice,Clay Soil
92.5475688,37.6598515,39.20305734,26.6833362,78.67920489,7.257688809,157.7386105,jute,Sandy Soil
49,71,76,19.71098332,17.63879418,6.613072145,85.57925437,chickpea,Allvial Soil
38.9857421,22.57281621,33.91341807,28.36317662,97.3945371,6.025949271,144.068823,coconut,Clay Soil
7.029783497,75.93316286,17.92684308,20.70982099,60.6280164,6.624298056,192.9877565,pigeonpeas,Allvial Soil
39.1591892,65.18800675,48.32552006,35.45590249,91.80240889,6.63580254,163.0519163,papaya,Clay Soil
80.28306552,77.11365883,47.51798449,29.00952675,82.21158493,5.89437097,96.34579142,banana,Allvial Soil
71,52,43,26.47549543,73.96164569,6.732826127,180.2513601,jute,Allvial Soil
71.86996536,34.49536665,34.96628165,24.84108982,80.91955296,4.999513613,184.93592,rice,Loamy Soil
4,43,18,29.02955344,61.09387478,8.840656256,72.98016599,mothbeans,Peaty Soil
25.84144605,128.3387738,199.1775429,39.65787899,82.11713288,5.572444921,72.81982503,grapes,Clay Soil
15.76662456,67.23524417,16.88120179,31.4524444,56.18790763,5.601330001,130.9937496,pigeonpeas,Sandy Soil
101,20,48,24.6774157,82.75411437,6.206247494,57.05709413,watermelon,Allvial Soil
53.76315049,73.72290683,79.29377556,19.63166648,18.11310837,7.344551915,76.10093395,chickpea,Red Soil
22.55358763,20.90538259,27.41325272,26.45844917,93.2227383,5.915884352,148.2795837,coconut,Allvial Soil
86.54794004,21.17825186,53.90734703,27.28319384,94.90690188,6.094131304,27.53105967,muskmelon,Red Soil
90.90298214,56.4109767,43.75507644,26.77849917,73.23569566,6.986593633,175.9869201,jute,Clay Soil
11,61,21,18.62328774,23.02410338,5.532100554,135.3378033,kidneybeans,Sandy Soil
18.00577109,34.6815111,22.1087078,25.20522199,59.52904991,6.153890872,58.53399373,mothbeans,Sandy Soil
114.6496517,21.88587463,54.5137302,25.51875714,88.24010106,6.467064469,57.03689479,watermelon,Peaty Soil
63,37,43,23.41798979,85.08640476,6.661957897,185.7446728,jute,Laterite Soil
97.33083799,41.85114062,33.37824965,24.08364457,71.18793019,7.045110111,164.0127289,coffee,Laterite Soil
103.8711749,42.14034957,15.26575067,24.24859291,83.44483893,6.57397003,81.88209503,cotton,Laterite Soil
33.09846731,15.14422325,34.39190344,27.29485586,90.01065455,5.606118261,223.1241706,coconut,Allvial Soil
92.23342551,90.75040916,48.10418947,28.14317948,84.16648803,6.105850685,113.5279425,banana,Laterite Soil
103.8676603,48.93729125,17.96609021,24.04988045,76.49602413,7.660012117,89.51221068,cotton,Laterite Soil
32.91970004,59.88556629,16.11948052,31.14081175,64.68034682,7.332008353,64.11621461,blackgram,Laterite Soil
13,17,45,21.25433607,92.65058936,7.159520979,106.2784673,pomegranate,Loamy Soil
86.63795082,6.786641052,51.49422655,26.03390385,83.27425136,6.94411384,42.1731225,watermelon,Laterite Soil
16.69387615,22.01291727,36.52620952,30.1117389,53.56744949,5.08220467,97.83309061,mango,Clay Soil
14,18,35,31.09154239,47.02058367,4.791146778,91.46664318,mango,Black Soil
22,42,22,25.54249137,56.96640758,7.887658711,48.46797044,mothbeans,Peaty Soil
50,64,25,28.84079155,63.37230676,6.734447425,70.25496749,blackgram,Black Soil
10.58513423,15.49843508,38.08220956,18.31853275,91.08498733,6.132804313,105.1206505,pomegranate,Red Soil
39.78780986,36.41987228,22.40431241,28.18206152,85.20594314,6.56704432,39.38018139,mungbean,Black Soil
3.095146567,36.09797759,19.77426381,27.69601204,85.70026452,6.998975038,43.97899242,mungbean,Allvial Soil
57.15732663,65.31030172,74.66709804,17.58968904,17.08979095,8.268677703,80.61050126,chickpea,Peaty Soil
64.35113377,48.51503647,50.61248097,28.70489935,93.17543004,6.711433191,114.8981167,papaya,Sandy Soil
25.63940757,61.85600185,23.04763328,26.77684243,68.88366152,7.058923821,69.62412831,blackgram,Loamy Soil
73.37265427,38.76382839,26.17910959,22.60452827,65.55320772,6.831771837,88.16653844,maize,Black Soil
31.14646442,42.25109762,22.54044701,32.25485361,53.75298092,5.284614762,74.07469821,mothbeans,Allvial Soil
100.8598024,73.54739922,53.65258111,26.46240503,80.94580569,5.847589481,119.9684312,banana,Laterite Soil
35.13224539,34.24117666,21.72900461,28.38541832,82.59497721,6.656681299,58.64373989,mungbean,Black Soil
65.50055629,61.5252248,37.45079416,22.16003815,83.64385209,6.380560477,230.640572,rice,Loamy Soil
97.65514256,29.2307393,49.95477154,29.43049544,90.33227537,6.601171427,27.7087519,muskmelon,Loamy Soil
23.0371637,7.341445983,41.63023348,24.48392014,90.09005026,5.934534629,104.61175,pomegranate,Loamy Soil
25.47157905,80.83986313,17.62199455,19.30326748,22.92404529,5.569357574,103.7856506,kidneybeans,Red Soil
29,45,16,28.43683487,87.91332682,6.583381939,43.12063289,mungbean,Loamy Soil
35.57845036,26.903867,25.59018384,26.89854583,95.06513999,6.262989813,171.733581,coconut,Allvial Soil
24.13341693,49.05350242,19.35351623,27.36662654,51.37751988,6.062753379,30.44234389,mothbeans,Sandy Soil
32,13,42,23.50128217,92.97527546,5.786058032,106.61905,pomegranate,Laterite Soil
36.59953622,56.60837684,79.23462332,19.56424717,16.63903376,7.508953471,78.83890052,chickpea,Clay Soil
81,41,38,22.67846116,83.72874389,7.524080076,200.9133156,rice,Peaty Soil
35.31696663,69.23449466,23.13833829,16.78039786,23.97613683,5.57190325,74.64622233,kidneybeans,Black Soil
24.96771361,73.36768746,21.48128385,19.57204762,31.82260928,4.599820568,178.1880274,pigeonpeas,Red Soil
99.61093912,5,47.96751766,24.25108765,84.60329582,6.645041524,49.65532292,watermelon,Loamy Soil
37.17825272,15.37803063,29.35624118,29.06720737,47.89348671,5.040596926,97.68840799,mango,Sandy Soil
31.60349753,79.53633479,14.4610246,23.87752301,19.53240035,5.714095935,81.63934246,kidneybeans,Sandy Soil
17.81981186,43.2973781,22.82633141,30.13945288,46.49743157,5.535373213,36.76958006,mothbeans,Red Soil
79.93516937,78.76237996,46.16506259,24.83991086,85.24332622,5.727177078,114.3958024,banana,Loamy Soil
3.129659927,10.84912396,8.22216034,19.96351681,91.15096204,6.971329963,115.1098378,orange,Red Soil
88,21,27,24.43011925,66.02411187,7.231166546,181.6368274,coffee,Laterite Soil
68.97783074,55.45498134,37.5134142,22.76895029,83.04623121,5.721937356,269.5094172,rice,Laterite Soil
71.55820525,44.16148423,17.1902905,24.67462727,73.33333477,6.640394609,95.33806903,maize,Peaty Soil
23,75,25,31.07508973,47.19847683,7.077170002,91.31256412,pigeonpeas,Loamy Soil
48.95222121,62.1963148,44.93375139,32.91773744,95.33474212,6.739027966,241.0286757,papaya,Black Soil
10.27648176,121.324231,201.5622315,21.30756468,91.01748944,6.330025519,122.3874344,apple,Peaty Soil
0,35.71328869,22.8853587,34.30348351,51.87425754,5.084648868,94.87046713,mango,Black Soil
112.4417696,53.36301624,16.56522231,25.48880581,80.92516297,6.152445417,75.6304438,cotton,Black Soil
104.3245764,41.93791362,28.50310144,27.32923132,55.23044569,6.374450512,141.6016194,coffee,Laterite Soil
58,46,45,42.39413392,90.79028064,6.576261427,88.46607497,papaya,Loamy Soil
12.53155868,43.54188559,15.88343334,26.26147281,56.33459032,8.010957252,34.6397109,mothbeans,Black Soil
69,46,41,23.64124821,80.28597873,5.012139669,263.1103304,rice,Sandy Soil
33,31,34,31.32995611,50.22287593,5.421265283,89.78216168,mango,Black Soil
79,43,39,21.66628296,80.70960551,7.062779015,210.8142087,rice,Black Soil
93,81,50,27.71822477,76.57853189,6.036079266,102.2099836,banana,Loamy Soil
87.64770831,28.56952982,34.64055874,26.58674982,57.15512687,6.766535521,152.7357322,coffee,Allvial Soil
7,63,24,19.55750776,64.45268309,6.818681086,53.04669416,lentil,Black Soil
66.23941135,37.86350112,47.35767726,23.76869703,71.27279301,6.764181659,182.441578,jute,Clay Soil
37.41646236,55.73059493,84.48438897,19.17012513,19.09920633,7.450684958,67.81529958,chickpea,Allvial Soil
113.0675752,29.27040094,52.31226387,25.88003345,84.70343655,6.284434215,43.91532132,watermelon,Sandy Soil
48.39389732,44.97468025,47.18812925,24.7130761,90.06005979,6.699882263,219.8060047,papaya,Red Soil
89,11,47,29.78714005,94.65343534,6.327822962,27.8659442,muskmelon,Red Soil
78.42010821,42.57905452,16.35417602,23.54620036,70.81145441,6.666207954,68.60068892,maize,Laterite Soil
19.02176287,37.26027047,25.27828243,31.20248131,48.13673499,4.570359955,96.0569194,mango,Red Soil
5.890121018,127.3275592,202.0493766,25.75636699,83.2061981,5.855609848,69.45482137,grapes,Loamy Soil
95.42182306,81.91094371,49.38261521,29.73037649,82.57592626,5.760165642,109.6522953,banana,Peaty Soil
28,76,82,20.56601874,14.25803981,6.654425315,83.75937135,chickpea,Laterite Soil
105,14,50,26.2148837,87.6883982,6.419052193,59.65590798,watermelon,Black Soil
64,45,43,25.62980105,83.52842314,5.534878156,209.9001977,rice,Allvial Soil
44,63,15,26.42333018,64.51136845,7.338929556,63.46546487,blackgram,Allvial Soil
24.36892355,131.2390778,198.5823169,22.38169713,91.63271979,5.757434623,98.60090272,apple,Sandy Soil
73.09863021,53.95088278,17.63457223,17.78621938,62.95574594,6.257284026,81.22175337,maize,Peaty Soil
70,54,46,39.73149053,91.12220596,6.919342407,122.7628653,papaya,Allvial Soil
33.75134476,74.69140419,20.44480827,32.93941791,69.32907038,6.72304673,61.60372369,blackgram,Allvial Soil
26,52,23,29.98835437,49.60384796,4.931890506,52.92929636,mothbeans,Red Soil
39.77143841,78.04622745,19.22829343,21.21066625,62.84631447,6.379231736,37.37772691,lentil,Peaty Soil
107.0085704,9.276858631,49.56526774,25.68253492,88.60415808,6.742867412,45.74029832,watermelon,Red Soil
28.25981364,136.3622107,202.2272007,22.95405247,92.12495217,6.243486748,114.1837842,apple,Allvial Soil
31.98751447,79.70383322,19.92218476,17.94850849,70.05078046,6.244706876,47.43824312,lentil,Laterite Soil
87,21,52,27.3506296,94.2911951,6.067665498,27.21244021,muskmelon,Red Soil
109.4131748,23.59587886,25.89929745,25.05417192,69.49908065,6.939413987,195.0686142,coffee,Red Soil
84.72070694,42.65075753,21.78903325,21.89043667,61.81426619,5.814356582,107.0989175,maize,Sandy Soil
83,58,45,25.75528612,83.51827127,5.875345751,245.6626799,rice,Loamy Soil
22.15087259,20.62529065,37.08996115,22.62311966,90.14916832,6.331448179,104.6069963,pomegranate,Clay Soil
39.55334237,20.14350418,27.50094867,27.46831981,99.98187601,5.742510857,175.1856498,coconut,Allvial Soil
36.1723997,53.01132757,15.65202922,28.92346225,61.84065466,9.911286495,65.28537227,mothbeans,Clay Soil
33,73,23,29.23540524,59.38967583,5.985792703,103.3301803,pigeonpeas,Clay Soil
40,73,20,21.59343016,20.31871249,5.811314232,61.13872036,kidneybeans,Sandy Soil
91,38,36,26.5232969,77.17331847,7.287318723,157.8548562,jute,Sandy Soil
17.28493823,52.32766107,16.38342628,28.03680514,86.44030427,6.30865549,45.77300906,mungbean,Red Soil
76,48,18,19.29563411,69.63481219,5.77597783,83.21030571,maize,Sandy Soil
79.45086361,76.01407863,48.61931659,26.26056514,79.72499183,5.529038421,110.2764393,banana,Sandy Soil
41.50995236,79.08202655,85.44253193,17.11181144,15.52945563,6.143502186,76.79180592,chickpea,Peaty Soil
38.64745176,63.70508524,12.76730925,29.32381252,65.40778881,7.336867337,64.34694166,blackgram,Allvial Soil
103.7107408,70.653089,52.96826799,25.85464633,78.0982209,5.745757567,114.2852071,banana,Laterite Soil
30.7195864,59.94422638,21.3823652,25.50191916,66.19398026,7.742224174,49.46245107,lentil,Allvial Soil
28.74913588,29.43852007,34.01996347,24.91875366,95.2189668,6.016920181,165.8171919,coconut,Red Soil
98,8,51,26.1793464,86.52258079,6.25933595,49.43050977,watermelon,Laterite Soil
7.43618996,47.90183785,20.85385213,27.85950174,86.36466135,6.432191313,47.3358074,mungbean,Peaty Soil
39,28,10,31.34920143,91.48247612,7.181907673,109.1549823,orange,Red Soil
19.1220272,20.63110003,33.30213628,29.85707406,52.65106957,5.094285319,98.56115189,mango,Clay Soil
33,75,21,33.04687968,68.93875631,6.690655045,62.30278274,blackgram,Allvial Soil
15.22490858,66.82041819,19.36677731,20.95799554,63.4141849,7.283795054,53.60765005,lentil,Red Soil
35,72,21,34.03619494,64.28791388,7.741418772,66.85510868,blackgram,Clay Soil
61.03728529,47.17817371,52.63643048,32.73554081,92.92649205,6.848048548,47.76238644,papaya,Peaty Soil
72.04351094,44.85873476,32.85896098,25.47102889,84.26587707,5.724472578,194.3050931,rice,Allvial Soil
82.47695241,50.59590724,44.62957606,25.55508221,81.387325,5.936287437,183.0033061,rice,Peaty Soil
7.724901686,51.76509989,20.72296722,26.94050397,49.3155311,5.538670132,47.12930629,mothbeans,Clay Soil
31.55362988,69.27091664,86.24336706,20.50213299,15.13226644,6.428417131,90.16227548,chickpea,Sandy Soil
23.50729588,40.31579059,23.06216851,27.68206306,82.94731304,6.259379764,45.38217427,mungbean,Peaty Soil
18.63845665,124.521809,204.6191992,22.53802894,94.8692678,6.080314963,111.8150188,apple,Black Soil
23,6,33,29.18032562,92.73041222,6.025789594,204.9603677,coconut,Clay Soil
96.82838086,26.97753708,27.57584001,24.88106667,50.83620061,7.259458806,198.5894957,coffee,Clay Soil
1.091821181,77.60905731,21.40150568,21.35447772,66.37230565,7.307853019,41.46797229,lentil,Black Soil
11.20023513,31.82015642,26.6977548,35.78878512,52.76812132,5.395318839,100.9369611,mango,Sandy Soil
3.481535998,77.09045696,26.16950613,24.74641336,23.78705171,5.614762425,59.82533176,kidneybeans,Allvial Soil
17.48617099,59.64223443,25.64331221,31.18565073,44.00988647,6.447225869,34.90563919,mothbeans,Peaty Soil
16.10144982,64.73167393,18.02121086,30.71182677,33.75990045,7.162686651,182.4393105,pigeonpeas,Loamy Soil
54.14173815,52.04862514,54.09113541,38.38268731,94.23918177,6.96890601,209.9080882,papaya,Allvial Soil
79.3889528,40.49665892,45.2964482,25.6904968,81.4174771,6.38667803,173.4732419,jute,Clay Soil
17.78306175,63.93734966,16.23352741,21.23442541,24.47837206,5.655828847,124.4347183,kidneybeans,Clay Soil
114.6251643,52.70859065,16.53394261,22.98304863,76.09697605,6.131830597,71.12375667,cotton,Laterite Soil
8.727283085,5.042165086,43.11951687,20.44690818,91.75408287,6.905988821,108.1878659,pomegranate,Sandy Soil
39,65,23,25.43459777,69.12613376,7.685959305,41.02682925,lentil,Red Soil
35.91830387,70.91684992,20.78374591,34.31244067,64.22250309,7.738775903,68.16704552,blackgram,Clay Soil
81.58496365,74.09477186,54.53275756,27.38130298,78.88578601,6.284063818,90.47665278,banana,Clay Soil
27,61,18,33.30711818,67.07780816,5.266227032,108.5090168,pigeonpeas,Black Soil
22.4522462,58.15739956,21.32597687,24.19016434,58.16476143,5.207512558,59.21078212,mothbeans,Clay Soil
95.13800147,13.46413743,49.27521915,25.7468263,83.59422235,6.728654766,44.87184483,watermelon,Red Soil
41.24755138,23.69875487,23.92820646,28.73408485,50.42161145,5.389437675,92.88546141,mango,Clay Soil
121.1164645,47.84398997,15.61723697,23.38860829,79.20488028,7.722985736,74.46271121,cotton,Sandy Soil
37.77302234,13.33811599,27.99726828,33.97019051,48.33991163,6.783923576,92.48328888,mango,Sandy Soil
39,16,27,35.53845018,52.94641947,4.934964765,91.54560427,mango,Allvial Soil
35.64706743,5.290650623,31.2415745,27.26426291,97.31102979,5.939527975,171.7276344,coconut,Sandy Soil
96.06450085,75.82040152,44.8025295,29.12275122,83.23081704,5.857364255,109.5796664,banana,Laterite Soil
1.11175047,74.92855003,16.58961069,28.42666112,53.25716211,6.006093815,149.1597183,pigeonpeas,Red Soil
78.16113646,57.07654003,44.90819538,26.63380497,80.60119682,5.085867177,284.8729719,rice,Sandy Soil
18.67207199,139.4594105,205,23.55576411,92.40246935,5.700191426,109.2141131,apple,Peaty Soil
80.72326147,38.01255593,48.50785721,25.87446016,81.71649813,6.448117341,173.0057029,jute,Clay Soil
12.99734072,7.400317778,11.94405265,11.71554498,94.70232248,7.909772183,106.1360411,orange,Allvial Soil
27,71,23,23.45379018,46.48714759,7.10959773,150.8712202,pigeonpeas,Allvial Soil
18.30412304,24.41181379,14.93656391,20.36850952,93.49065545,7.209073281,112.5844245,orange,Black Soil
100.4425298,10.7489843,46.62402385,25.35999418,83.83836983,6.93739242,56.74890702,watermelon,Black Soil
24.91486444,52.80942945,16.36668252,28.55621644,88.67403083,6.278808394,44.39535198,mungbean,Clay Soil
61,38,20,18.47891261,62.69503871,5.970458434,65.43835393,maize,Black Soil
119.2432575,89.84935336,47.86971151,25.37358506,79.66644133,6.172367194,103.5590231,banana,Laterite Soil
17,16,14,16.39624284,92.18151927,6.625538653,102.944161,orange,Black Soil
10,141,201,22.12659387,90.97818277,6.386021424,104.5412275,apple,Loamy Soil
106.3947978,12.43469969,55.35625948,28.55431071,91.53024328,6.098246937,31.22178161,muskmelon,Allvial Soil
76.13866248,55.48941453,17.10820813,19.35996417,62.02513835,5.680452604,60.85957567,maize,Black Soil
23.48378338,28.45699127,27.04149289,27.90545253,44.46762116,4.972146333,95.44573066,mango,Black Soil
32.27467993,25.36220174,9.144099993,10.22110697,92.88256252,7.745661105,102.6307489,orange,Black Soil
95,23,45,27.82424457,90.56698742,6.266208727,21.19014526,muskmelon,Red Soil
27,62,77,18.19737048,14.71070537,6.576415562,70.18185181,chickpea,Laterite Soil
28.59963956,30.92433261,6.288878141,32.75541789,90.53395358,7.667009105,113.4129009,orange,Peaty Soil
111.4839437,79.41472693,50.5207201,26.02381556,79.65958141,5.925174036,95.86621671,banana,Loamy Soil
89.99474323,27.74576674,33.30360022,26.41973029,54.40300107,6.990677124,175.8048393,coffee,Peaty Soil
25.40204683,14.1767997,33.19687059,29.26211114,92.6168175,6.364787174,215.2399997,coconut,Sandy Soil
87,14,48,29.69238699,92.58862544,6.606033244,29.1102594,muskmelon,Red Soil
82.06023724,15.08474506,47.47785252,28.93955617,90.7727099,6.476407802,26.02819814,muskmelon,Red Soil
33.02243592,12.15147247,14.77293005,30.32111501,92.48683719,6.074831072,114.5843691,orange,Peaty Soil
68,40,19,26.14384005,66.20569924,6.655426355,107.2361366,maize,Loamy Soil
3.766424455,29.7348313,28.29617006,26.01596502,94.11936344,6.328581158,210.1627054,coconut,Sandy Soil
40.82124729,70.63342129,83.13017439,19.79357489,16.51713011,6.722116802,66.66525493,chickpea,Red Soil
16.95890966,29.97571185,11.48024509,32.27399737,93.13755295,6.206626282,117.3956228,orange,Clay Soil
118.9004534,33.37672283,30.78993066,24.1042158,66.45322683,6.360826503,172.2845588,coffee,Loamy Soil
20.41461008,62.89462946,17.99214848,16.47034287,20.19323366,5.611752541,98.29297991,kidneybeans,Clay Soil
8.050472419,77.20203492,16.15059017,22.0006927,64.10884968,6.294953829,37.0172696,lentil,Black Soil
7.463182798,24.91368846,37.89894594,19.70944768,95.19562212,6.819844517,102.2771694,pomegranate,Laterite Soil
114.5510779,7.592677394,51.29933347,24.60096382,89.44485104,6.610809903,58.32788558,watermelon,Peaty Soil
1.18709835,69.36847202,21.64706383,26.12735829,62.47354515,7.104749118,36.4901348,lentil,Red Soil
118.4962495,74.2008714,48.2371847,25.4913533,77.33549961,6.100107949,94.91479594,banana,Red Soil
61,52,41,24.97669518,83.891805,6.880431223,204.8001847,rice,Laterite Soil
32,48,18,26.45707778,56.40226277,5.993513566,64.16167699,mothbeans,Black Soil
24,131,196,22.03296178,83.74372787,5.732453638,65.34440794,grapes,Sandy Soil
34.78402875,138.9402128,195.2042049,17.09654343,82.60171891,6.160682865,69.85039585,grapes,Laterite Soil
99.58074824,52.93967479,36.78650501,20.85173039,79.76123897,5.632478641,195.7868225,rice,Clay Soil
35.67584513,37.48602301,20.39459321,26.14422706,60.70794394,6.283248855,37.87028087,mothbeans,Laterite Soil
89.10616743,13.94167596,46.31787844,29.75084133,93.75388958,6.601647667,29.17802383,muskmelon,Red Soil
29.49558703,18.57127729,39.90085482,22.57343603,93.00194426,7.074556605,109.7283323,pomegranate,Peaty Soil
10.38833973,67.51282313,21.02937725,27.67128049,62.83334968,7.300826897,40.51735424,lentil,Laterite Soil
53.02843497,66.8255256,75.78506672,20.2978178,16.3223272,8.731733558,74.7156191,chickpea,Black Soil
116.8862422,86.06902522,55.69389209,25.12505162,82.74875751,5.712935208,114.0414208,banana,Red Soil
61.28731101,68.54782672,79.94921204,18.95806166,19.39156403,6.588235645,83.85035367,chickpea,Peaty Soil
30,61,18,27.14911056,67.02664337,6.157782589,52.50812701,lentil,Loamy Soil
31.74969368,27.31428923,33.79604423,31.26117856,49.44327496,6.835086579,92.73545886,mango,Red Soil
67,35,22,23.30546753,63.24648023,6.385684214,108.7603001,maize,Sandy Soil
109.7842931,11.8854405,48.15691293,29.51254695,91.81685926,6.721771637,20.21126747,muskmelon,Peaty Soil
6.807555204,46.99722339,22.7738477,26.00045294,64.46724941,4.204456025,73.71478864,mothbeans,Clay Soil
35.90696722,37.70405245,24.29569299,32.82971881,53.37924563,4.657733246,94.3215176,mango,Laterite Soil
109.0877323,13.50427779,48.67582451,29.40210165,90.86643411,6.687689158,20.21126747,muskmelon,Peaty Soil
110.6412494,6.203728174,54.05358719,26.58020191,87.97853672,6.306360524,45.07682959,watermelon,Clay Soil
31.72129047,57.19209781,14.69873896,28.18013918,60.44810631,6.196675679,41.98048883,lentil,Laterite Soil
98.58686439,21.69893514,49.79032602,29.03526315,92.39418121,6.32835136,30.37783602,muskmelon,Allvial Soil
27.70046104,61.51015863,17.34043179,27.2000291,66.5787659,6.164461389,52.24456236,lentil,Loamy Soil
36.93365298,71.89120281,18.20602879,29.5099856,64.21554246,5.576132538,187.1678669,pigeonpeas,Allvial Soil
0.939668394,77.32935436,22.94460322,21.22981939,66.83948598,7.301064869,43.87836349,lentil,Black Soil
119.8409773,88.98763948,47.32176012,28.68372978,79.96201613,5.981035417,121.0663086,banana,Allvial Soil
117.3469157,30.57252765,48.11181738,24.8340349,86.5514216,6.799770168,47.48706585,watermelon,Red Soil
82.62952493,78.04211984,46.91986928,25.00774548,85.04997676,5.760797328,112.3886134,banana,Loamy Soil
33.70204704,56.47218842,16.48978726,33.58808097,35.06741246,4.543169478,140.2770555,pigeonpeas,Sandy Soil
132.9410964,56.16471932,19.29733144,23.79952832,75.41197798,7.953821639,84.45853852,cotton,Sandy Soil
10.51072886,140.0363422,195.5923335,22.05179665,90.25940366,6.177875716,124.3067134,apple,Peaty Soil
58.76141044,56.44595568,16.5317878,31.79468326,62.53887688,7.305242928,69.19852498,blackgram,Sandy Soil
39.6081018,56.15762087,18.78921669,30.27644021,40.17696413,7.128208011,47.60714879,mothbeans,Black Soil
59.19661134,61.34968326,77.65722033,20.69197535,19.17998309,6.329857012,92.04247643,chickpea,Clay Soil
21.04122194,41.45146518,22.85543316,25.63359164,57.50393523,7.898785664,47.49503412,mothbeans,Peaty Soil
30.99042147,26.40393569,7.614596659,11.81708435,92.84731377,7.53803447,102.9756842,orange,Red Soil
29.68706644,41.58417568,21.80500914,29.61631791,85.63728762,6.351840891,53.3852753,mungbean,Peaty Soil
12.06348129,17.44311798,32.1993444,29.8490996,52.27669493,5.192270858,96.54658443,mango,Laterite Soil
82.60158925,54.10161196,41.21978052,23.70567993,81.88996077,5.202411547,233.4606878,rice,Black Soil
25,78,76,17.48042641,15.7559405,7.228963452,66.96980581,chickpea,Clay Soil
28.25503092,145,205,22.87113336,92.3843156,6.214006819,111.0101258,apple,Black Soil
118.944444,24.57003442,25.21360107,27.7082474,68.58494429,7.065418726,113.8140341,coffee,Red Soil
24.00115978,79.5557836,21.34682354,16.74988687,20.02496264,5.630861305,94.47997684,kidneybeans,Peaty Soil
11.07095007,33.81257157,29.96790878,33.27748446,45.4618902,6.118596933,98.16491634,mango,Loamy Soil
87.23889064,43.7810803,40.13432778,23.75801824,87.05773203,6.729419584,179.0210822,jute,Peaty Soil
19,123,200,34.76086052,81.03544763,6.167013532,65.70430027,grapes,Sandy Soil
24,63,19,19.3479443,55.96805489,4.681576043,194.5921148,pigeonpeas,Sandy Soil
35.39150909,8.542962735,37.37266166,23.06748759,84.60471634,6.285365525,109.0175168,pomegranate,Clay Soil
89,57,43,26.91515043,73.19897535,6.998787171,177.2233048,jute,Clay Soil
20.09557936,17.90363723,7.23756004,24.19487338,90.58195032,6.930628553,101.5747155,orange,Allvial Soil
39.42175219,47.14426128,21.74780352,29.34604973,58.99657265,6.891004875,41.42802126,mothbeans,Allvial Soil
82.38666331,33.26005725,31.60251738,25.283457,63.45618271,6.629013127,134.8381132,coffee,Red Soil
33.21334096,57.14512826,13.95926922,27.20661102,83.83714549,7.139701779,52.71576486,mungbean,Allvial Soil
3,18,31,31.65333432,48.20662669,6.392313973,91.09745581,mango,Laterite Soil
20,60,78,18.17234999,14.70085967,6.358740355,90.7760707,chickpea,Laterite Soil
40,62,19,27.32198928,34.13737127,4.697750704,96.51524028,pigeonpeas,Peaty Soil
0,23.53150697,14.82797781,22.79576456,93.78839773,7.584757164,107.9328054,orange,Allvial Soil
88.24076002,60.19385094,16.92637296,24.77110805,66.78282782,5.908905695,76.83280246,maize,Red Soil
106.2027527,34.64098602,25.59361761,23.81738987,60.6351773,7.016093659,162.7205961,coffee,Sandy Soil
21,72,17,31.52104732,66.55723677,7.580527339,61.71111448,blackgram,Peaty Soil
92,20,55,25.10474753,87.5267616,6.587791262,59.26519444,watermelon,Allvial Soil
17,58,20,28.06642822,85.91625451,6.42937879,39.23831035,mungbean,Laterite Soil
13,144,204,30.7280404,82.42614055,6.092241627,68.38135469,grapes,Allvial Soil
38.29166742,19.32912711,44.27541679,19.47032602,86.42126342,5.755555192,109.4142405,pomegranate,Sandy Soil
21.36587097,67.88744237,16.94661305,27.84517276,63.2160348,7.706997577,36.90295774,lentil,Loamy Soil
109.9921369,20.59295962,47.6020556,29.2454978,92.59433031,6.264733626,27.69076478,muskmelon,Clay Soil
59.07377944,36.75625106,40.60541793,26.76065796,82.36810633,6.050026625,163.469389,jute,Allvial Soil
8.980914588,25.90798075,25.50533808,25.45794894,90.72280736,5.709941528,213.8134558,coconut,Sandy Soil
0.368962022,24.40980332,13.66010313,19.33641196,93.25976447,6.373265254,117.1049297,orange,Loamy Soil
97.60893875,25.7975396,51.89829354,26.98366346,91.96850463,6.178250822,29.43117252,muskmelon,Clay Soil
34,60,22,17.66148158,18.15302753,5.635231778,100.6711761,kidneybeans,Black Soil
19.25376955,59.1872319,15.80836585,21.4556887,38.50134207,4.942907678,179.9124251,pigeonpeas,Black Soil
106.399519,43.61424569,18.97204157,22.35412824,82.64920788,6.748117006,65.93688567,cotton,Allvial Soil
35.95694561,41.49897655,18.2637084,28.82578592,83.32750445,6.723131699,59.51425055,mungbean,Laterite Soil
75,36,44,23.28081,74.27607475,6.613341343,153.7447398,jute,Peaty Soil
139.2272782,40.92933479,17.12565532,22.74702272,77.35203429,6.045021788,77.97169546,cotton,Laterite Soil
6.034771987,15.92134625,31.57632271,35.98093699,49.50802577,4.513973676,97.7145061,mango,Laterite Soil
82.1957659,29.96239623,25.74035459,26.38042414,66.2909428,7.42602845,151.3457484,coffee,Loamy Soil
102.7242919,24.58396155,53.79180132,28.93915045,94.75869583,6.771652279,23.52475908,muskmelon,Clay Soil
115.838862,30.46947817,33.16765725,24.23685834,66.44082537,6.836692875,122.7567452,coffee,Loamy Soil
35,125,204,19.6491772,80.15215777,6.107741788,73.69529586,grapes,Allvial Soil
65.9270933,46.22110845,33.96101981,25.1086692,73.64067052,6.578967828,174.7462442,jute,Black Soil
8.238497561,126.8217109,193.4406971,27.23978609,83.13232297,5.811221057,68.84296971,grapes,Black Soil
25.77490216,122.7192406,201.0170312,30.5172341,81.31453189,5.579222567,67.2308876,grapes,Peaty Soil
67.79152036,54.72905353,40.25982989,23.39222806,86.99376461,6.524677089,176.703277,jute,Laterite Soil
53.40806309,61.11634147,81.16599351,17.45526798,16.07413629,7.505670494,79.38809223,chickpea,Black Soil
30.78726136,76.12237467,75.54848823,17.30374734,15.06059023,7.774881713,72.91099486,chickpea,Loamy Soil
26.28001741,77.02184296,25.07127182,15.387468,25.93122535,5.577141561,134.6660009,kidneybeans,Sandy Soil
24.04239584,23.45080191,44.76275341,20.07268981,90.76171039,6.187270442,107.1774926,pomegranate,Clay Soil
6.307795509,44.370848,20.78428999,25.71420645,44.10761384,9.933302756,74.10130707,mothbeans,Laterite Soil
1,132,200,16.27852801,82.94270065,5.620745638,66.57462809,grapes,Clay Soil
74.35639038,33.05054567,40.91724742,26.71295581,80.38538254,6.975362927,241.1379059,rice,Red Soil
111,6,53,26.4930645,88.59143088,6.313512999,46.06382209,watermelon,Clay Soil
120,8,46,29.55657523,90.70937262,6.732834334,28.36535596,muskmelon,Loamy Soil
115.9820633,50.3505167,19.10079008,22.79986005,82.06089277,6.342763753,66.45210004,cotton,Clay Soil
58.16416005,52.02364699,44.9500619,42.33105567,91.69635582,6.788175726,196.867171,papaya,Laterite Soil
74,54,38,25.65553461,83.47021081,7.120272972,217.3788583,rice,Black Soil
13.14238977,48.75700461,22.32550004,29.47838177,84.78950621,6.983938362,50.91927166,mungbean,Red Soil
13.97635726,77.67829461,17.77044856,25.45968978,67.1071777,7.368082534,46.34770488,lentil,Sandy Soil
11.93219348,77.08854347,20.59332227,28.92265617,62.36147897,7.004384948,35.2927287,lentil,Red Soil
28,10,30,29.8690834,91.14723422,6.305740522,192.7678575,coconut,Sandy Soil
17.57193915,31.54075211,27.31689288,28.80834234,91.00435282,5.885232934,204.9033089,coconut,Laterite Soil
10.3679015,141.3702293,197.592467,22.08828847,90.26626587,6.245457963,126.7413474,apple,Peaty Soil
11.37670722,35.25371826,28.18190218,33.25754363,45.74468854,6.105991744,95.86142746,mango,Loamy Soil
30.94873382,139.3507892,195.291978,23.65600209,91.19648653,5.541596352,118.1134041,apple,Peaty Soil
59,62,52,43.67549305,93.10887229,6.608667684,103.8235658,papaya,Peaty Soil
7.128289217,79.4601181,19.91684424,21.90081989,18.51000978,5.942063322,123.8919602,kidneybeans,Loamy Soil
22.33637652,58.09504293,18.3873396,22.05679982,23.85276049,5.891016571,129.0641872,kidneybeans,Black Soil
51.15940907,58.99176089,15.42983222,30.71629658,60.36987091,7.188389661,74.63770718,blackgram,Sandy Soil
75.59744416,50.04720797,15.53554364,18.80393374,70.18084983,5.80050655,84.87018707,maize,Sandy Soil
24,80,19,29.67892453,69.0854554,6.808041722,65.66436565,blackgram,Sandy Soil
39.11161985,25.89140184,35.23044521,18.8461626,95.30179425,5.561040534,109.3093628,pomegranate,Allvial Soil
33,14,8,21.03200078,92.9641969,7.684420446,110.6823944,orange,Black Soil
26,50,19,27.3179125,51.66921088,6.005242945,32.55919573,mothbeans,Sandy Soil
11.81206142,26.90554727,39.08037903,19.69021246,90.15764794,6.590541369,108.8527211,pomegranate,Sandy Soil
25.56095655,74.93222635,21.5005802,24.57756981,50.80772986,5.996128609,114.8899043,pigeonpeas,Peaty Soil
35.61640037,134.5926072,200.7994017,21.777695,80.44636425,6.412776002,68.46579807,grapes,Allvial Soil
23.51299797,70.70602597,13.62674271,25.25357836,69.31523671,6.538489411,36.76244496,lentil,Allvial Soil
113.5034362,27.26353771,49.06465389,27.86932949,93.77032223,6.535590012,29.2968679,muskmelon,Allvial Soil
17,73,18,19.50112224,34.51086611,5.632353113,197.3752649,pigeonpeas,Red Soil
12.88638401,67.60952972,21.4995137,17.30185971,20.16440336,5.837857265,115.1342866,kidneybeans,Red Soil
17,59,17,18.4167001,23.42829938,5.689858133,132.9801054,kidneybeans,Sandy Soil
33,134,205,21.0365275,94.33919546,6.08551916,114.7412734,apple,Loamy Soil
29.06024161,7.566156647,12.78654952,33.26327752,91.0557106,7.812158622,114.0396868,orange,Allvial Soil
81.84703604,30.47040763,30.34711524,24.57252247,52.52330853,7.03446009,134.1712173,coffee,Allvial Soil
68.19369885,68.08775813,51.97534215,27.95900578,93.56492856,6.83383679,84.03725956,papaya,Clay Soil
40,59,23,36.89163721,62.73178224,5.269084669,163.7266551,pigeonpeas,Allvial Soil
7.347370729,120.2911765,196.7154573,24.13682182,83.63426156,6.045887835,69.2933467,grapes,Peaty Soil
9,56,17,26.13708256,66.7729209,6.261937875,46.48280681,lentil,Allvial Soil
35.11230257,58.37253117,17.39812551,29.42064952,63.85701137,5.79537421,90.16263124,pigeonpeas,Black Soil
0.352715679,26.98549195,32.54055655,27.75843575,98.31344976,5.84834089,172.3661839,coconut,Allvial Soil
31.50791839,78.42835196,19.94966388,27.5025913,64.13877123,5.92070903,52.9532982,lentil,Loamy Soil
28.21012554,137.1125762,198.6634655,22.9914917,92.55257968,6.248642962,114.0035472,apple,Allvial Soil
17.34644086,57.04388845,15.13463819,21.63265732,38.45293755,4.934642257,180.1254395,pigeonpeas,Black Soil
100.4251191,53.89689845,35.3176725,21.22610736,80.35915065,5.628834738,198.7121063,rice,Clay Soil
113.0235985,14.87387355,27.75230589,27.08230338,63.2841352,6.771915916,186.9819045,coffee,Allvial Soil
53,65,76,20.19137759,16.41998269,8.719960893,77.33795356,chickpea,Black Soil
24.71007519,60.65591262,19.94493624,16.71710394,20.78348777,5.567268011,98.85721613,kidneybeans,Clay Soil
26.26039313,65.33688679,20.50902738,17.91761599,19.05462127,5.951995454,142.7434897,kidneybeans,Allvial Soil
40.55912105,129.6682795,202.6107524,34.17635734,83.37326987,5.846228655,70.6949125,grapes,Laterite Soil
22.71338318,56.79148363,16.69457333,21.03106464,70.05941842,5.115179344,185.0793779,pigeonpeas,Clay Soil
31,56,23,31.46846241,35.39454002,5.661826398,174.5723999,pigeonpeas,Sandy Soil
33.14827169,80.56312924,21.06105274,27.43261439,62.96428081,5.889198728,53.96383114,lentil,Loamy Soil
28.95967128,58.69662136,20.26746905,28.0659379,52.39403179,4.425436689,38.78648651,mothbeans,Peaty Soil
107.5657176,77.92812732,45.56213014,27.76816302,80.58910986,6.470847861,105.9184171,banana,Allvial Soil
25.99606196,58.5874609,23.94901231,27.16330823,43.61126859,6.043171894,142.8324487,pigeonpeas,Red Soil
20.51544295,40.6801471,19.64837433,29.19246346,90.3857788,7.060889561,50.8520222,mungbean,Laterite Soil
57,60,17,26.23773129,67.88521396,7.504608385,73.58663968,blackgram,Allvial Soil
101.9132003,21.086798,53.52599887,27.63360271,91.27825469,6.643755047,22.87427654,muskmelon,Sandy Soil
83.93972171,14.65758805,46.53958728,29.14440119,90.1907195,6.453055199,21.52039998,muskmelon,Red Soil
20.75497643,120.8442881,199.2864152,34.61448853,81.19690904,6.186821328,63.52427531,grapes,Sandy Soil
56.54069641,66.24486093,45.16205116,38.26234927,93.05237009,6.721338547,218.9369186,papaya,Peaty Soil
6.459074315,11.49652839,32.03403491,28.98481533,95.74196508,5.563273853,184.1660727,coconut,Loamy Soil
29.78677297,27.77488008,31.72413241,31.84081399,52.38458755,5.058333501,98.18474203,mango,Loamy Soil
16.141676,137.0388097,196.1475589,23.73820703,89.88892373,5.91181573,101.7924753,apple,Sandy Soil
10.02820176,26.83698906,26.18882266,25.4277104,90.89928252,5.715150506,215.1315555,coconut,Sandy Soil
39.86018999,27.18329859,47.29061747,21.52065297,94.59809843,5.941527561,109.6267973,pomegranate,Allvial Soil
26.44004905,36.96034384,30.8950653,35.3548274,49.57108222,6.199281248,97.67277431,mango,Loamy Soil
26.78244933,17.84606031,27.10081918,31.97405944,51.46215578,6.312015002,95.18553794,mango,Sandy Soil
14,21,35,29.52501367,91.91185319,6.121005506,194.3100272,coconut,Peaty Soil
113,38,20,22.10718988,78.58320116,6.364729934,74.94136567,cotton,Red Soil
81.29168764,15.00338028,29.93938558,23.50365054,67.69585663,6.703878983,158.2789175,coffee,Sandy Soil
34.27967085,38.65789535,31.59594789,35.305362,45.90179912,6.426745234,97.43382828,mango,Laterite Soil
26.73589254,12.88293055,7.886615281,13.30816483,91.73508552,7.338272223,111.6329737,orange,Clay Soil
13.52095481,35.49004825,27.06617594,27.71952145,53.56875658,5.653653379,91.4678793,mango,Loamy Soil
22.25527189,67.99230552,17.40856554,27.93796522,63.22713615,7.771063173,34.98638415,lentil,Loamy Soil
32,76,15,28.05153602,63.49802189,7.604110177,43.35795377,lentil,Black Soil
37.31218508,49.95689258,17.8813618,28.70953952,49.51453571,3.521912814,41.50974693,mothbeans,Allvial Soil
116.2401342,38.22812569,31.98932358,23.12117673,66.5554751,6.8376337,164.2289049,coffee,Allvial Soil
81,25,49,29.86895762,93.25103208,6.076459669,26.26243014,muskmelon,Loamy Soil
21.27389583,74.02048026,16.70861964,36.23836427,43.37023957,4.768683814,158.8994476,pigeonpeas,Sandy Soil
91,56,37,23.43191632,80.56887849,6.363472208,269.5039162,rice,Loamy Soil
107.4396083,5,49.75264524,26.68403644,89.52608343,6.885915182,55.95205641,watermelon,Peaty Soil
27.8152945,29.91001345,28.74309409,29.05415003,91.21957813,5.745770385,148.2567919,coconut,Black Soil
21.89255322,54.21247731,21.94830271,28.722663,83.34670438,6.702449671,39.60557707,mungbean,Sandy Soil
12,129,205,22.36238282,91.15761594,6.119432215,118.6832725,apple,Clay Soil
38.90032967,48.55588904,49.05261846,43.01519877,91.45250832,6.508921958,246.9897089,papaya,Laterite Soil
92.89220429,23.79583817,51.45082351,26.54909966,81.21846024,6.957380117,41.31310796,watermelon,Black Soil
97,74,45,26.47522633,78.51833782,5.677719902,113.1161095,banana,Clay Soil
40.16780808,17.766685,15.94048518,21.3484905,90.21385624,7.893215688,105.104837,orange,Clay Soil
69.40791953,49.23945245,53.39715817,37.75605184,90.42153017,6.896955829,174.023234,papaya,Laterite Soil
31.15792141,77.39800659,75.72302236,17.42974171,16.34863998,7.779354409,75.08728662,chickpea,Loamy Soil
72.9187581,45.03775087,21.47443817,24.65504699,73.82014308,6.658086928,99.13686362,maize,Peaty Soil
105.8526152,37.37251389,32.20245409,23.4040294,64.27549221,6.787738229,122.7082811,coffee,Clay Soil
42.69191382,63.82344676,46.35517337,38.7452247,92.21467547,6.845464634,103.3883161,papaya,Sandy Soil
18,125,203,22.44307715,91.59234006,6.160267496,102.5565807,apple,Red Soil
13.87532657,140.1697017,195.181547,23.43168984,89.81230706,6.065954363,111.3222175,apple,Allvial Soil
30.36831727,145,203.654078,23.12391346,93.09423634,6.213702724,111.2403328,apple,Black Soil
30.30877344,7.854050937,8.284236087,34.30615828,94.05325323,7.171352728,102.4299041,orange,Black Soil
38,61,21,30.27374995,67.38680755,4.696518678,127.7767134,pigeonpeas,Allvial Soil
125.4770302,38.68068887,20.65443629,25.19960293,80.87456234,7.917593212,95.69648684,cotton,Sandy Soil
16.78470457,71.77002964,18.50665393,18.48887145,35.93049344,4.644365775,165.7791359,pigeonpeas,Sandy Soil
71.75048406,46.09560466,37.00459318,23.8868075,75.61804044,6.729197639,182.2723806,jute,Red Soil
15.12462875,51.32703136,20.56625337,31.02963647,50.46676638,3.542586744,34.04274977,mothbeans,Peaty Soil
39.70753058,49.66099345,46.63424604,42.67332753,91.02625141,6.477549368,249.0201009,papaya,Laterite Soil
81.16788879,36.10688594,38.48664283,23.76432634,87.8925136,6.313361181,148.2870154,jute,Peaty Soil
0,70,21,36.30049702,56.03021253,4.672437054,101.6073988,pigeonpeas,Loamy Soil
88,29,51,24.71885473,88.94568335,6.095689937,48.45978627,watermelon,Allvial Soil
37.79838773,64.9055325,16.01001365,16.47860611,24.56513411,5.877462906,139.4729712,kidneybeans,Peaty Soil
4.588777798,134.9105554,199.7581849,28.84385765,80.88023209,5.84127295,74.81735455,grapes,Laterite Soil
52,51,53,38.38231475,93.10378595,6.985804083,210.2735346,papaya,Allvial Soil
10.94501344,22.20537053,32.90792637,32.26308275,53.58966363,5.880867859,95.35908582,mango,Red Soil
33,80,22,28.57006111,65.71765781,6.593961761,70.0866434,blackgram,Peaty Soil
97.35939731,38.37606413,29.96854106,24.3091613,69.83161943,7.079717494,160.8727623,coffee,Laterite Soil
10.38507615,14.12612697,5,11.45728625,94.62393816,6.971200113,116.3467676,orange,Red Soil
22.92072721,17.04913669,28.32499818,29.21491876,89.97030227,6.044666506,189.4440076,coconut,Loamy Soil
135.6078617,34.62030111,25.01465149,22.7398047,80.12253739,7.586717584,89.87025876,cotton,Laterite Soil
19.17073554,39.89994795,15.56148645,29.55026198,87.39051902,7.241396082,45.05118805,mungbean,Loamy Soil
4.854307208,75.62717112,14.47551589,22.68803552,63.54163577,5.659500174,94.14009003,pigeonpeas,Loamy Soil
31.71116994,37.39604854,21.61182819,27.27792886,85.97346371,6.77451303,32.63129456,mungbean,Peaty Soil
99.44157723,46.3337203,18.23053677,24.4149087,76.01535392,6.438494882,69.6620342,cotton,Loamy Soil
13.5704919,16.76640633,29.84113418,29.84880987,51.51637502,5.241740945,95.75993625,mango,Laterite Soil
20,74,16,36.04353699,43.61444121,4.759490199,159.8938645,pigeonpeas,Sandy Soil
15,133,199,23.99686172,91.61001707,5.824778636,117.6102915,apple,Allvial Soil
108.2353308,71.51678053,56.05509309,29.37055404,82.09890537,6.117780643,115.6629413,banana,Peaty Soil
35.41910289,47.53741608,47.08000012,41.0672395,91.56859272,6.790816549,181.4561912,papaya,Black Soil
85.41331963,29.41249278,48.61588977,29.81298785,94.08021708,6.245059943,20.47753084,muskmelon,Peaty Soil
69.28351477,60.03048953,21.20649176,26.02175303,57.92752832,6.221434877,80.51093997,maize,Clay Soil
88,78,45,29.10403455,79.19588629,6.324270089,92.07835761,banana,Allvial Soil
98.35189692,72.84045614,54.10735326,26.48470348,81.83495273,5.893622203,120.6665023,banana,Laterite Soil
17.50490427,13.14835367,9.108575447,12.94695481,92.14642053,6.183221976,121.47725,orange,Peaty Soil
33.18095701,30.51068929,25.77272301,26.56732834,90.54855187,5.591254814,179.1726873,coconut,Black Soil
26.734781,23.35042921,38.99104748,24.27444616,90.77782458,6.640244665,107.813775,pomegranate,Red Soil
45.94748049,48.57315927,45.61891487,38.68286062,95.52692406,6.57558275,219.4927833,papaya,Peaty Soil
35.39149858,36.68434257,16.61031076,28.39353411,87.70389762,6.293042209,57.43848231,mungbean,Red Soil
56,76,16,28.27265858,61.18956161,7.513151076,63.29900785,blackgram,Loamy Soil
106.1305742,37.43275358,21.48277601,25.07581678,76.09812621,6.209577703,61.27918289,cotton,Allvial Soil
41.98811412,145,193.742383,22.86347816,92.04349137,5.979757972,109.8890777,apple,Loamy Soil
6.37549751,144.4662398,193.206881,23.38639957,93.04981783,5.80203727,101.821021,apple,Peaty Soil
10,59,15,29.83040388,89.30428305,6.32400451,58.86687093,mungbean,Allvial Soil
87.53131336,20.51560784,53.66174362,27.18877618,94.59544317,6.044282474,27.8864042,muskmelon,Red Soil
31.30599301,78.376203,17.05216467,24.04688537,21.47046773,5.706083036,80.09139386,kidneybeans,Sandy Soil
39.32944628,76.76227773,20.43590371,25.42777636,59.66136951,6.577790727,69.10307225,blackgram,Sandy Soil
92.08532028,23.98958345,55.20432077,28.30202278,89.57729941,6.157805262,27.29963367,muskmelon,Peaty Soil
11,36,33,35.99009679,52.22780489,5.978634285,95.3713484,mango,Sandy Soil
65.51095448,60.58568808,21.80876675,25.35527129,72.83065878,6.644073069,108.7905519,maize,Clay Soil
11.09566159,31.13411677,26.18613606,35.82679217,52.63515719,5.394864541,102.4186322,mango,Sandy Soil
85,9,53,28.20619412,92.86798698,6.447662945,28.78654515,muskmelon,Sandy Soil
92.21468256,47.16688519,16.19749661,18.64447924,65.41519164,6.081872017,99.6425187,maize,Allvial Soil
94.39228807,48.77852065,39.69472536,24.5870363,79.94080275,7.081222134,258.64383,rice,Red Soil
29.19050466,67.61256444,21.35698588,34.60249914,61.17457117,7.739224304,72.41594293,blackgram,Laterite Soil
72.17792484,57.1344977,39.99638313,21.49774459,84.10519905,5.829306125,268.8553838,rice,Laterite Soil
86.86101718,86.72778087,56.59558405,27.98561529,83.38433443,5.592300711,97.2000059,banana,Clay Soil
84.11725904,38.84040235,33.13166645,25.65457712,53.13979285,7.164834421,138.6305298,coffee,Laterite Soil
113.7486789,31.0277787,51.16177654,29.25765488,90.05371215,6.048109589,28.00194594,muskmelon,Peaty Soil
32,25,9,10.35609594,93.75652041,7.796034006,101.1456947,orange,Black Soil
35.60241524,66.87137329,45.88616715,31.72673335,90.73671618,6.938001517,49.43391791,papaya,Clay Soil
4,36,22,27.60887393,86.13316408,7.012740397,43.80041104,mungbean,Allvial Soil
39.12984697,15.23780951,14.54777057,21.50655003,91.39587467,7.921857627,109.4898062,orange,Clay Soil
87.74892169,50.07395606,41.48220754,23.06197878,81.62604642,6.143726532,196.9475984,jute,Loamy Soil
99,40,32,24.18471151,69.94807345,7.045543056,163.2708732,coffee,Laterite Soil
93.97331572,47.99888044,20.97405012,20.50758855,68.19341821,6.490264115,66.66490722,maize,Allvial Soil
26.4325065,139.8272739,200.4268709,23.73081117,93.60801392,5.931888461,101.9967245,apple,Sandy Soil
38.93903664,55.51254456,24.8979275,25.82332806,45.71006333,7.84707691,67.6930842,mothbeans,Peaty Soil
14.56028044,10.63023952,38.14131299,23.02325911,92.57218691,6.613335357,110.5701351,pomegranate,Loamy Soil
52.12545518,60.61909698,77.58839007,18.89667196,16.00405063,6.149759777,78.80395452,chickpea,Peaty Soil
8.835858793,60.2412259,23.56860804,31.92034313,57.11601608,6.258146522,63.06667077,mothbeans,Loamy Soil
0,11.27173935,5.603657266,20.27091864,90.78469526,6.951476564,118.620753,orange,Red Soil
92.09960857,80.83561098,52.83300176,28.02319939,76.68082288,5.863971216,105.2155927,banana,Black Soil
76.10949655,57.98650953,14.77801138,25.07219456,69.11384426,6.535292136,60.34241525,maize,Sandy Soil
35.59960147,23.14739028,13.50381652,31.62681472,90.03965173,6.409517075,113.7918597,orange,Sandy Soil
38.0266956,58.57998389,22.42591675,37.06536836,62.87510543,5.303521888,163.7218886,pigeonpeas,Allvial Soil
20,30,27,27.81005614,51.59445462,4.74910393,95.89898581,mango,Sandy Soil
29.76493923,31.30417768,34.27824126,31.27650225,49.21910318,6.845536238,93.55558192,mango,Red Soil
117.2240714,19.01347746,53.85726437,28.46040065,91.64208286,6.141922339,27.7277954,muskmelon,Black Soil
71.03682118,51.82670028,20.6059814,25.21914653,54.95275361,5.807231373,78.32621097,maize,Peaty Soil
4.442481664,13.3023463,7.79360131,15.97585924,94.42268132,7.575654333,101.0376972,orange,Sandy Soil
120,48,16,22.46054478,75.40989245,7.456971816,71.85436078,cotton,Loamy Soil
115.678578,26.36033537,26.9983607,27.96465009,68.344407,7.029715061,116.4899198,coffee,Red Soil
28.23380937,23.5576009,25.78613246,29.84702705,49.08925194,5.702741985,94.49542007,mango,Loamy Soil
37.17296054,36.86283631,16.9368543,25.46984826,63.84689453,9.103926154,33.63688478,mothbeans,Laterite Soil
29.47372518,28.64939758,24.19410803,28.16065423,47.08788099,5.030926839,95.04792477,mango,Black Soil
25.53842674,55.86645111,22.76037303,27.67991809,57.90140736,7.008960885,34.31270834,mothbeans,Sandy Soil
74.91279853,35.98766992,40.14476495,23.31535494,84.46594981,6.194628064,282.5424542,rice,Peaty Soil
93.31835493,88.64427972,51.97181616,27.98681673,78.3817565,6.247483249,94.94052373,banana,Red Soil
81,30,48,28.52379742,92.09688432,6.041027474,29.86681385,muskmelon,Clay Soil
84.41439284,10.38444454,43.66853538,25.86553818,89.29888625,6.044797525,48.84318898,watermelon,Loamy Soil
35.18167548,5.646123427,34.27254149,25.79151483,94.21735298,5.793353431,151.8539534,coconut,Clay Soil
44.82993994,62.90891031,76.46840278,19.40470692,16.12583881,6.512407358,83.13834259,chickpea,Sandy Soil
77.08759315,35.07936326,47.22987531,26.54086343,84.44685737,7.082870557,183.3887011,rice,Clay Soil
28.19309576,7.896433368,34.0235345,27.074932,96.02170794,5.613191209,146.7336732,coconut,Sandy Soil
40,79,17,21.12695586,63.18738532,6.403683619,38.71834464,lentil,Peaty Soil
90.18933647,92.19206851,54.26940376,27.28091208,80.55018806,6.12807676,95.65160154,banana,Laterite Soil
67.25042992,66.74251744,48.94353216,40.02457239,89.29218234,6.541188748,96.613366,papaya,Clay Soil
6.208917818,75.70730315,27.61830886,20.52573382,24.04974815,5.775957272,68.74861645,kidneybeans,Red Soil
118,21,34,24.38534644,64.72543073,7.234258375,119.6324109,coffee,Red Soil
35,67,49,41.31330062,91.1508798,6.617066674,239.7427554,papaya,Loamy Soil
31.87809405,70.88972179,75.04968076,20.86766738,14.82927066,6.489762255,89.53679873,chickpea,Red Soil
99.89987033,24.73740265,54.26049049,29.09925429,93.9729682,6.725300814,23.32853062,muskmelon,Clay Soil
19.89507923,12.39432626,8.007680654,12.64145069,91.61929885,6.225875477,119.6651892,orange,Peaty Soil
69.61215788,56.10947348,35.42430515,24.39160518,78.537856,6.172104746,185.1126423,jute,Laterite Soil
111.6264479,27.63832444,54.0981378,24.97270548,84.6467876,6.745079714,58.80024122,watermelon,Black Soil
74,56,22,18.28362235,66.65952796,6.829199275,80.97573281,maize,Clay Soil
99,38,21,22.88330922,71.59722446,6.352471866,67.72777298,maize,Red Soil
80.22726268,19.18861556,30.25225297,23.84225009,58.9293829,7.284729998,134.236159,coffee,Sandy Soil
50.28935554,46.03073376,52.3600065,31.27289434,89.93402783,6.729263415,54.89142456,papaya,Sandy Soil
93.81847053,34.76930249,41.31296112,22.36906008,80.0902122,6.395550146,200.5693898,rice,Peaty Soil
117.6211717,11.95345165,47.81207244,27.9238572,91.73858689,6.009154678,28.98694626,muskmelon,Black Soil
0.710707388,143.7990338,205,21.02050469,89.71782389,5.509884408,113.8131104,apple,Sandy Soil
22,17,26,28.69818144,47.71875722,4.754435025,99.642454,mango,Loamy Soil
28.64349106,25.42300741,35.23511627,28.25917153,91.97253458,5.548061848,160.9220147,coconut,Red Soil
11,143,197,22.98458907,93.3204487,5.875718516,122.1952483,apple,Sandy Soil
27.24544742,30.87014943,30.60703598,29.10338674,89.48651138,5.707453291,147.808041,coconut,Black Soil
14.17169792,7.798161818,6.091224531,24.40746756,91.84143845,7.65060849,112.458121,orange,Red Soil
97.87661114,12.25285724,46.31815439,25.11661736,88.97816266,6.788584904,55.50097158,watermelon,Red Soil
23,138,195,22.49095104,91.70292746,5.795985716,124.3915101,apple,Peaty Soil
101.9287663,78.95684845,54.70272888,27.4187289,81.07362167,5.854414486,107.8902367,banana,Allvial Soil
0,73.68773549,15.45474588,23.14887967,63.35290545,7.223876365,49.3122262,lentil,Laterite Soil
40.52819192,23.87560088,30.04890537,33.84773182,53.16621205,4.727797726,98.0788897,mango,Loamy Soil
5.516584704,61.07061645,22.98445874,20.58357197,17.00037136,5.833104071,120.258955,kidneybeans,Allvial Soil
0.927696858,27.51220033,45.18291178,24.27702326,90.88049711,6.613700959,108.3200768,pomegranate,Laterite Soil
100.1521737,10.45998799,45.87674899,28.82852276,93.59140954,6.377969413,24.68512776,muskmelon,Black Soil
117,37,32,23.1069385,67.06230539,6.787658922,162.5769606,coffee,Allvial Soil
5.953093273,10.90790598,12.99466639,31.15255136,90.07496039,7.028120556,107.5579717,orange,Sandy Soil
25.48435857,52.21101791,16.6478133,29.05993619,89.44603535,6.394048921,59.93972545,mungbean,Red Soil
27.03840821,62.99640521,20.85467027,33.27555502,31.42245098,4.793359604,106.3313063,pigeonpeas,Red Soil
28.01171225,123.6919165,200.687116,23.01492669,94.0368795,6.461221098,120.7779921,apple,Red Soil
86,31,35,27.01207284,60.76645256,6.485761419,191.4508931,coffee,Laterite Soil
82,20,54,29.34033587,90.01506395,6.541150335,21.44532907,muskmelon,Black Soil
101.7134326,38.22370713,34.08847534,27.96993088,53.22939109,6.966533989,177.2318905,coffee,Red Soil
114.3673606,77.8892731,51.24464613,26.0236879,82.79536892,6.29961718,113.3210146,banana,Black Soil
84.15664466,52.97245647,34.17415119,22.23774453,81.15472918,6.020599953,198.8883247,rice,Loamy Soil
90.61679579,46.3258315,40.11957712,23.89534809,81.5614758,7.561386589,250.8411128,rice,Red Soil
110.5011302,14.04156062,51.52306061,27.70032718,93.63524495,6.181038946,22.26512556,muskmelon,Clay Soil
38.90378274,13.87915247,27.58512841,33.63674039,47.66352452,6.796830816,93.08860438,mango,Sandy Soil
98.30617432,75.66923854,53.34711172,25.39481983,82.03088961,5.832588808,95.87953967,banana,Laterite Soil
48.75617869,60.65170976,46.38800592,25.20436252,92.87921056,6.790719179,177.470563,papaya,Laterite Soil
111.9802323,40.22779755,31.47869466,26.22001711,62.73737619,6.738787742,148.5090545,coffee,Black Soil
37.56777737,27.94774628,35.31622221,27.59058363,54.0792631,6.781691772,98.28172682,mango,Black Soil
118.4400117,16.57724551,52.71273457,27.97860742,90.72418891,6.550553074,20.21126747,muskmelon,Red Soil
71.96119015,52.84481406,41.91683998,26.62498234,74.39648677,6.702425894,180.0404774,jute,Allvial Soil
123,50,16,23.04920461,75.53835214,6.498052108,70.65644296,cotton,Black Soil
30,41,15,24.83206631,44.17085032,5.88509677,52.0810886,mothbeans,Red Soil
4.583049871,144.1106786,200.864397,27.14431212,83.12857133,6.21238028,69.92456553,grapes,Allvial Soil
2,24,34,28.89409382,54.80750249,6.472774648,94.76322976,mango,Red Soil
28,130,196,22.13450646,94.67695747,6.062356467,112.9203223,apple,Black Soil
37.94444996,55.66316285,20.81704142,29.27542846,46.64200689,6.460812943,166.1336044,pigeonpeas,Red Soil
40.80214279,69.65810374,20.78664319,21.52283078,20.15737782,5.803264843,63.33244467,kidneybeans,Sandy Soil
83.38154964,75.88295108,56.4065261,27.41382051,78.32801727,6.24638843,92.00993759,banana,Clay Soil
28.28339515,55.01925619,20.67268689,29.13996115,86.15216779,6.431313615,50.00919198,mungbean,Laterite Soil
37.40923301,61.24191147,20.58943949,34.64938885,38.7237207,5.607591979,167.7056297,pigeonpeas,Clay Soil
93.70783573,22.05750743,51.82962032,29.00089331,91.93596019,6.778774656,22.8848227,muskmelon,Loamy Soil
24.65629747,69.33886221,15.00531868,34.71174475,63.47354703,7.382291142,60.31726897,blackgram,Sandy Soil
36,144,196,23.65167552,94.50528753,6.496934492,115.3611268,apple,Laterite Soil
17.12175852,54.8684179,15.91119627,33.96244745,41.01863736,7.472985236,178.1999712,pigeonpeas,Red Soil
13,60,25,17.13692774,20.59541693,5.68597166,128.256862,kidneybeans,Sandy Soil
22.74609962,18.40177072,33.7113994,30.07192404,52.62504664,6.634124238,93.41044849,mango,Loamy Soil
23.01346778,42.33455502,22.07111781,25.67448806,55.373128,7.882575525,49.82486684,mothbeans,Peaty Soil
2.261674607,122.8724506,205,22.39489548,90.90726565,5.731399727,125.4018158,apple,Black Soil
57.84995576,46.25593383,21.21717305,24.87965312,66.30219924,6.676500002,89.34912831,maize,Laterite Soil
0,122.5515223,205,21.90779384,93.03254039,5.789556463,121.2422615,apple,Red Soil
65.68758311,36.00360201,13.78737477,22.34891362,64.33066965,6.304846621,82.84720757,maize,Peaty Soil
79.95043002,51.18993232,39.87378456,26.21605297,76.30681774,7.144359545,198.4852596,jute,Allvial Soil
89.55959389,53.52422104,43.91132657,24.71138361,73.47487901,7.276926272,152.2439519,jute,Clay Soil
81,6,55,24.88910524,85.87059083,6.110142735,51.70699144,watermelon,Peaty Soil
15.95244189,16.88477385,25.81474955,28.30409589,91.04159192,5.565715482,146.2275777,coconut,Clay Soil
56.81770579,64.13186217,48.74126944,43.67549305,93.02120845,6.59363815,102.7518031,papaya,Peaty Soil
117.7285828,17.76371013,32.60749542,27.48834033,51.40603102,6.343365809,124.6968801,coffee,Sandy Soil
39,77,21,22.99774444,60.24218572,4.603563116,159.689339,pigeonpeas,Laterite Soil
21.04573804,54.84420417,25.22293273,28.63208635,56.04033563,8.673259448,62.66579088,mothbeans,Black Soil
76.30253236,49.57303074,43.43953867,25.19794992,86.11828509,6.387773599,159.5790982,jute,Red Soil
24.0743593,60.41060582,19.77811416,22.1369965,25.15343384,5.869352818,129.1752862,kidneybeans,Black Soil
35.82444435,65.15588559,14.42182307,30.31751666,68.90008522,6.688119972,71.10102256,blackgram,Red Soil
5.921881943,49.33989553,23.74540823,28.77160389,84.10165009,6.793409378,49.28924521,mungbean,Peaty Soil
37,36,27,27.5529736,47.90859131,5.910634533,90.40332704,mango,Black Soil
23.69282571,28.22780044,9.869952087,18.62914548,93.9526389,6.174029659,119.5590272,orange,Clay Soil
68.10812847,58.13678303,36.98360843,23.67918961,79.87109229,7.3073468,183.1538436,jute,Red Soil
108.4909671,11.57329417,49.15729572,26.51009253,87.4173807,6.5528583,46.15239032,watermelon,Clay Soil
116.6384915,32.24064949,34.02738789,26.25026877,51.71234261,6.739178133,127.5107004,coffee,Laterite Soil
39.61404469,22.61352612,9.911603321,34.67181705,93.1328012,7.422034886,103.2921621,orange,Sandy Soil
80.78076904,30.54617163,48.83137564,28.35889624,90.82754926,6.036286963,31.63730547,muskmelon,Clay Soil
81.03711275,77.66785829,44.5437048,25.14464043,85.22335637,5.778888563,110.4780103,banana,Loamy Soil
5.298272828,7.577424456,10.81786597,24.76230648,92.52998931,6.550888782,116.8185464,orange,Loamy Soil
90.67022567,28.54450335,33.41832837,26.45836174,52.78404302,6.989009736,172.7822838,coffee,Peaty Soil
37.96656967,59.74843559,19.65558773,29.90920935,61.07510775,7.506133627,49.26680522,lentil,Clay Soil
28.20896261,35.39001769,21.12921039,29.61211937,85.52853446,7.161209225,59.45913771,mungbean,Clay Soil
35,52,19,27.10606808,89.89593328,6.698574085,37.45680611,mungbean,Allvial Soil
59.45940976,36.99433944,38.66124916,26.40339519,81.54865414,6.007294677,163.0194411,jute,Allvial Soil
0.439066458,12.02426137,31.66985778,27.89947354,95.85089819,5.568501713,131.6243475,coconut,Peaty Soil
83.11779571,22.63165692,51.60867547,26.0300797,89.71303904,6.86431508,62.29918878,watermelon,Red Soil
7,60,25,28.2753171,82.76020821,6.397636709,56.04995423,mungbean,Clay Soil
90.91818443,6.289731999,52.03624635,24.94861506,88.72238392,6.457883346,45.30946791,watermelon,Loamy Soil
74,39,23,22.6265115,65.77472881,6.78073637,88.17251033,maize,Black Soil
66.14093417,48.42373659,36.36594828,24.86857621,74.44761411,6.595046932,176.8437059,jute,Black Soil
14.98889617,43.43306867,25.32515971,24.10345771,60.75410826,7.206144009,46.80646087,mothbeans,Clay Soil
24.99667783,40.3248208,20.75471006,27.96998653,81.17435979,6.225574314,44.46195619,mungbean,Peaty Soil
52,65,20,32.81705216,66.15665137,6.814301033,68.83924882,blackgram,Clay Soil
34.3692748,73.16258918,21.53414818,33.16903219,69.5357802,6.675590303,62.19218378,blackgram,Allvial Soil
96.82209902,40.2459191,30.9839163,24.19190296,69.62215803,7.049700436,161.1319713,coffee,Laterite Soil
41.78825898,70.85903885,20.08225135,29.66544453,66.88358717,7.482467228,68.54520118,blackgram,Sandy Soil
29.98069161,119.2139041,200.6574774,37.81747402,81.83722304,6.208710321,65.36581147,grapes,Sandy Soil
37.65138377,138.5143071,203.4211588,25.11595654,84.80494182,6.339292558,74.69709072,grapes,Loamy Soil
101.5876093,8.961955759,46.92004488,25.52988477,82.73054934,6.970381448,56.51065994,watermelon,Black Soil
29.663503,10.57493931,5,23.3105129,91.33802947,7.675679123,105.141062,orange,Clay Soil
90,44,38,23.83509503,83.88387074,7.473134377,241.2013513,rice,Red Soil
0,17.74374905,41.59434095,23.2559517,92.71116632,6.844913177,106.5357494,pomegranate,Loamy Soil
75.96263509,56.40195046,19.95224562,17.78663378,63.8873753,6.232863449,85.35314395,maize,Peaty Soil
85.24553785,40.58331526,37.66109082,25.55280676,89.48811656,6.232825087,175.3065268,jute,Red Soil
49.79188035,58.43121037,24.91987361,27.9255972,62.1214944,7.6549654,68.07559779,blackgram,Loamy Soil
102,37,25,25.31468463,77.91757121,5.907930899,72.82902109,cotton,Red Soil
12.05726939,132.0159372,196.8892366,16.34922497,81.70867813,5.706368707,75.17301561,grapes,Clay Soil
22,44,24,24.30935081,56.32938343,6.030447288,58.99536268,mothbeans,Clay Soil
59.15565196,61.22473918,82.50856312,18.31953603,18.62879543,8.069323271,71.68348072,chickpea,Black Soil
4,14,41,19.85139326,89.80732335,6.430163481,102.8186358,pomegranate,Sandy Soil
7.162085698,16.40081332,34.463609,19.86791086,90.46388263,5.939717811,106.6842015,pomegranate,Loamy Soil
98.02598079,25.65745274,48.77213179,26.4250238,81.07107338,6.125225184,52.03081131,watermelon,Laterite Soil
80.60156271,24.41069798,51.40319274,24.14666496,86.36047677,6.054353517,48.68530588,watermelon,Clay Soil
34.77993177,132.3685567,197.5582827,25.66241463,84.83212104,6.231115994,70.50861656,grapes,Laterite Soil
114,27,28,24.99451759,57.93250202,7.162802357,192.8736822,coffee,Clay Soil
108.7452713,27.38246939,45.96396914,28.30476103,89.14050917,6.219521394,21.56381934,muskmelon,Laterite Soil
104,25,55,29.81196601,90.36881284,6.123802502,22.68766503,muskmelon,Red Soil
37.48772078,6.634950159,25.15392428,25.39814006,96.5996643,6.146679852,191.1453415,coconut,Red Soil
33.52456437,66.60575757,45.66989304,43.00363393,90.41243805,6.624826882,235.6569934,papaya,Clay Soil
26.5522492,69.06489539,22.90833271,28.21375892,64.09452131,7.477664157,36.14436664,lentil,Clay Soil
50.68754559,55.1822498,14.29218164,28.75228796,64.41531177,7.570050741,64.61766216,blackgram,Allvial Soil
31.39981595,8.159453775,7.811651056,34.73970157,94.67482164,7.166003394,102.0159601,orange,Black Soil
13.68151321,21.0034591,12.71384897,24.4370743,93.80662245,6.541874487,110.086531,orange,Allvial Soil
20.52740883,10.86905445,30.07783563,27.90341344,95.08976064,5.98369665,219.4624678,coconut,Clay Soil
86.81155424,38.65538206,13.51914149,25.05841408,66.78965963,6.432104279,60.31769369,maize,Allvial Soil
57.67093634,74.20300567,23.88343186,25.22910205,60.95372113,7.22902633,69.5239768,blackgram,Loamy Soil
24.412069,76.9553246,16.12648666,31.8153097,69.37883052,7.240503036,61.47500377,blackgram,Peaty Soil
35,71,17,29.89286629,66.35375127,6.931924963,198.1403003,pigeonpeas,Peaty Soil
90.85178075,54.23537598,40.05464039,26.49277686,80.47609605,5.407485081,264.2208699,rice,Clay Soil
115.8364565,11.76499118,52.91853157,27.52238786,94.20578156,6.705760676,21.78689561,muskmelon,Laterite Soil
112.2833818,37.29544059,20.08469501,21.93698929,78.69727941,6.357877846,76.28523379,cotton,Red Soil
116.5356826,43.38685568,24.32482875,24.76104556,78.30817074,7.842086128,69.15562663,cotton,Red Soil
77,36,23,24.71417533,56.73426469,6.648725327,88.45361858,maize,Peaty Soil
88.3388086,54.13737238,35.48948337,24.60126217,83.55138965,6.659855788,230.9236791,rice,Black Soil
4,40,21,28.79728147,80.45744422,6.725551062,44.30070517,mungbean,Laterite Soil
98.28702777,15.96589857,25.83664589,27.41745538,55.81958003,6.070312404,128.7524951,coffee,Sandy Soil
87.99011504,86.84908358,50.10919341,25.76069947,81.10141702,5.815642961,119.4694328,banana,Peaty Soil
44,57,53,42.30495821,90.51431779,6.93172108,74.876786,papaya,Clay Soil
16.20505782,40.30343139,17.49871631,29.05480955,88.71396883,7.129752967,38.17966009,mungbean,Black Soil
73,45,21,24.60532218,73.58868502,6.636803223,96.59195302,maize,Peaty Soil
88.18897553,35.0100287,35.48235458,27.84870389,58.26655378,6.816178251,118.9397623,coffee,Peaty Soil
53.88941925,75.52044061,85.12109926,17.05576738,16.98607593,7.806381873,81.6299282,chickpea,Sandy Soil
9.567709215,137.2093276,198.9080976,20.92799057,89.94793338,5.637129575,103.5930051,apple,Black Soil
0.237996357,57.96391057,22.55439644,23.22140153,20.66458259,5.923634289,143.0799346,kidneybeans,Laterite Soil
17.08663998,17.13485921,14.56246705,16.45756595,92.56368441,6.68151099,104.5645476,orange,Black Soil
109.9259071,31.98743554,33.61070417,25.53159619,70.53872445,6.401047745,170.154514,coffee,Loamy Soil
35.32048934,43.48030695,24.99881767,26.90898834,43.92841872,3.504752314,40.0359621,mothbeans,Allvial Soil
29.02103046,27.86474839,27.21780373,26.48501368,90.21896425,5.530929187,179.1213759,coconut,Black Soil
129.0413599,52.34921157,16.76805477,23.41245968,84.16119515,6.451767072,87.39406093,cotton,Laterite Soil
99.13248931,37.48262818,17.0271303,19.19119297,67.76626988,6.105947868,91.26444151,maize,Clay Soil
24.05756335,50.95014315,25.08460162,25.34622834,61.51852579,9.393476854,62.97917105,mothbeans,Sandy Soil
19.35098297,39.45728493,21.23879086,28.09147272,81.80141277,7.009208187,45.17194112,mungbean,Allvial Soil
7.358466507,67.98465449,19.49497433,19.28500595,23.76848719,5.60333484,129.139057,kidneybeans,Loamy Soil
47.91342634,67.44277175,25.12228222,28.43636589,61.4077589,7.112652263,66.08188307,blackgram,Laterite Soil
138.3092647,44.69117612,16.58469006,25.86461464,79.60432703,5.801735369,101.9162419,cotton,Clay Soil
106.9825245,36.16771597,21.03946427,25.37520603,75.49375978,6.204835213,62.84794416,cotton,Allvial Soil
39.73878228,138.4328829,203.8598675,25.14768008,82.72180919,6.325934202,74.0774908,grapes,Loamy Soil
39.18805677,144.9952137,199.8727149,22.72843831,92.62830704,5.989552027,107.3908583,apple,Loamy Soil
135.5847913,42.24642696,17.34770549,23.3537653,80.71640528,6.699173527,87.07686531,cotton,Sandy Soil
35.48703194,58.46044097,24.54123936,28.57466755,58.94069835,8.412731289,34.33351078,mothbeans,Laterite Soil
34,56,17,33.4126864,35.42910045,4.548202098,139.6702541,pigeonpeas,Sandy Soil
74.50122762,46.60614425,43.92625043,25.64438082,84.23973977,6.701491895,170.1913925,jute,Red Soil
6.748544559,135.1474432,195.4691043,21.98365223,91.03751051,6.221513028,109.369291,apple,Red Soil
42.56224557,60.96690845,21.56283802,26.36654204,61.9313668,7.451332585,70.65951252,blackgram,Laterite Soil
38,72,21,28.23416057,49.4421345,5.902103172,186.5008581,pigeonpeas,Clay Soil
61.14192451,49.17513303,39.61559612,24.4552285,83.3380515,7.498826043,166.2465722,jute,Laterite Soil
71,54,16,22.61359953,63.69070564,5.749914421,87.75953857,maize,Sandy Soil
16.5599733,18.3510178,31.54858728,27.80356727,92.7916237,6.20288647,162.8412655,coconut,Red Soil
112.9431368,39.12813907,21.39975472,21.99984902,79.58964296,6.343879522,75.54276283,cotton,Red Soil
102.7415218,72.99379637,43.90772442,29.07238818,79.64190613,6.283654522,89.27036423,banana,Sandy Soil
76.92999556,44.41407534,43.56788637,25.62025066,83.75633078,6.755244252,167.2547659,jute,Red Soil
8.710399869,35.19848859,34.80032655,29.43063926,46.77137009,4.934415821,91.38664946,mango,Peaty Soil
75.01020213,50.07538031,17.77596013,21.45662093,72.72561024,5.904506378,101.1839869,maize,Peaty Soil
31.06925701,58.27916679,16.12072429,28.28190479,59.55602392,6.157550771,44.73929258,lentil,Laterite Soil
70.68073059,64.25097746,52.21957563,30.46046714,94.09810252,6.58699519,74.67152797,papaya,Red Soil
99.43240741,37.24463734,18.76658599,22.89307477,83.04046826,7.628486785,90.25888143,cotton,Allvial Soil
39.85078268,24.102929,11.93025041,31.62337549,90.43675462,6.410648699,113.5961452,orange,Sandy Soil
38.30648163,69.07425313,54.43692273,25.91640537,93.51770907,6.974675154,240.3297978,papaya,Peaty Soil
34.75007046,68.44805115,22.64121353,16.84285365,23.32768323,5.852835415,82.43626105,kidneybeans,Clay Soil
32.99825897,15.17514653,6.42671898,15.68937753,91.51537574,7.655944468,110.6112682,orange,Laterite Soil
111,5,52,29.8843055,94.0371147,6.135996372,21.0000988,muskmelon,Allvial Soil
15.17688909,34.5513148,24.15826408,27.7220671,55.14049478,5.631426875,88.72495059,mango,Loamy Soil
107.0952457,34.95752612,18.66126503,25.29105165,74.91354871,6.173032275,64.73279816,cotton,Allvial Soil
60,58,51,42.07213781,92.92203105,6.840802254,165.7412972,papaya,Black Soil
99.36482445,12.36187823,53.57514526,25.46093506,83.79992386,6.829978584,55.84343469,watermelon,Black Soil
109.100884,10.86198107,51.17382422,26.83748401,88.18782475,6.528958001,46.7479709,watermelon,Clay Soil
54.78135127,58.27359196,15.62194738,32.52939939,69.09501853,7.168685771,65.0857629,blackgram,Black Soil
7.084835348,48.26853374,22.73439787,28.71341869,84.2348431,6.765888935,47.12762,mungbean,Peaty Soil
11.35415529,36.55140196,21.39173748,29.05994228,88.79783519,7.055860059,57.90175639,mungbean,Peaty Soil
67.2201425,46.10478337,46.47409375,26.54164414,78.43222073,7.093952819,154.7916589,jute,Red Soil
2.202850658,22.22530447,29.06057091,29.68583712,94.6768217,6.085412637,215.3028896,coconut,Red Soil
34.80847312,78.57589968,26.24843125,27.99807917,44.76971217,4.89415162,195.3750749,pigeonpeas,Laterite Soil
27.32984653,62.88255432,13.88669881,20.17504711,24.83950898,5.475295996,139.5773521,kidneybeans,Loamy Soil
26.39160221,145,205,22.88093032,92.77994296,6.223239412,109.662348,apple,Black Soil
35.86629186,73.73652116,21.62053448,26.92793717,63.56515799,6.903574195,43.46402347,lentil,Peaty Soil
83,21,28,25.5674832,60.49244602,7.466900683,190.2257843,coffee,Allvial Soil
28.17951992,58.26771132,22.52939337,31.13142633,52.54670307,7.081624517,170.6467026,pigeonpeas,Peaty Soil
27.98131961,78.56220527,15.04751454,19.07573492,21.4534241,5.815727919,86.1804717,kidneybeans,Loamy Soil
83.31820224,22.31420932,55.09583888,26.94899372,83.37786919,6.484532215,42.66832321,watermelon,Laterite Soil
14.21513815,74.65536948,22.63712474,24.38139574,57.95194362,6.441462785,117.9833335,pigeonpeas,Peaty Soil
18,27,41,22.36509395,92.30882391,7.175344328,104.8216333,pomegranate,Sandy Soil
15.24025286,13.55500311,9.591674983,10.01964897,90.12804437,6.28743153,118.7325476,orange,Allvial Soil
103.5771476,18.74973089,26.7536839,27.42817608,54.01036597,7.508346278,175.0737011,coffee,Loamy Soil
37.06037444,49.19395215,25.82496293,29.69705666,87.46565426,6.391659372,41.82524387,mungbean,Clay Soil
27.49646369,63.16203033,23.83767258,25.82185608,40.40041002,5.203195098,109.7770581,pigeonpeas,Allvial Soil
49.05202708,71.80327576,14.61987121,31.43358993,67.60353595,7.156985738,73.75594981,blackgram,Red Soil
111.8883939,82.67177165,43.81425663,27.96431146,75.69144912,6.045226283,110.9680903,banana,Sandy Soil
77.51486951,50.13924298,19.23891352,25.42069005,68.95360273,6.61052982,96.22779277,maize,Loamy Soil
68.08690718,64.45329327,49.36763387,33.35219769,91.65178793,6.987340033,198.161584,papaya,Clay Soil
38.26838683,17.91860202,46.54986865,18.10161339,89.91587628,6.938445345,101.8545345,pomegranate,Red Soil
36,125,196,37.46566825,80.65968681,6.15526103,66.83872293,grapes,Red Soil
88.72225332,46.69192144,38.70724734,25.52119627,71.30720183,5.99486793,148.937202,jute,Black Soil
105.6247505,30.47426455,30.35638701,22.98313698,53.72434429,6.77329294,154.4669461,coffee,Sandy Soil
64.82254152,53.45923543,22.63962186,25.10187605,60.25677573,5.902334148,74.39596764,maize,Clay Soil
102,46,19,22.77076388,82.5993307,6.631005298,81.49543437,cotton,Laterite Soil
105.273671,29.73065312,51.44009843,25.29365773,81.25085949,6.408796868,57.08518797,watermelon,Laterite Soil
0.519970939,59.10645746,22.93091588,27.36207501,88.10485836,7.20779604,41.85570247,mungbean,Laterite Soil
18.58115895,125.5273129,199.4705151,18.56973828,79.52294161,5.572107235,68.10046183,grapes,Black Soil
18.35737061,57.62601851,21.56644685,27.31889423,64.16967331,6.111570494,49.38891394,lentil,Loamy Soil
77.97920277,52.04171912,36.65195594,26.20807499,77.88060551,7.191679979,200.8550509,jute,Allvial Soil
73.54661793,39.68707584,36.80277786,23.16184981,84.73748781,7.799223255,233.534951,rice,Peaty Soil
60.03216191,54.79029404,43.82782242,25.06805948,89.14001006,6.978942457,151.0474385,jute,Loamy Soil
95.84165033,52.82575419,36.08492897,26.20456522,85.75340868,5.520358579,287.5597868,rice,Laterite Soil
58.41945694,67.94546105,79.99013385,19.11309294,18.36510934,8.176612278,66.50393342,chickpea,Clay Soil
1.823337956,31.50511952,7.700177537,11.97354808,91.38612299,7.308617041,102.1061606,orange,Black Soil
104.5430448,19.52477872,35.25215149,23.43495311,69.05413445,6.756557048,171.5928223,coffee,Clay Soil
98.73384071,23.23044044,46.27189463,29.04441898,91.16313918,6.361046778,32.33585454,muskmelon,Allvial Soil
136.2263192,35.7982343,17.53354477,23.23867275,85.22584134,6.894629395,73.65073719,cotton,Loamy Soil
107.4328775,31.38142821,29.27679344,23.12110767,51.89380412,6.743099595,152.6815602,coffee,Sandy Soil
21.12998492,20.64067782,27.79203458,25.76359787,99.87469344,5.854989799,168.8238645,coconut,Red Soil
3.171116137,18.2243666,42.61648558,23.58192272,87.36140002,6.32069909,110.6622221,pomegranate,Black Soil
29,71,18,22.17499963,62.13873825,6.410441476,53.46622584,lentil,Loamy Soil
31.71795972,19.46983224,36.89865504,22.55194173,94.13492009,7.024762729,111.927351,pomegranate,Peaty Soil
6.825829502,7.743315226,6.87596167,10.91098157,92.8777155,6.534684209,115.0858741,orange,Allvial Soil
120.4921746,7.289791298,46.84448104,24.09010363,82.94195694,6.615180757,57.06912351,watermelon,Laterite Soil
31.68745189,6.359066091,26.94872071,29.23850618,90.70187539,5.736627752,157.8869091,coconut,Red Soil
16.66432016,80.1959749,20.04754671,31.39191302,56.57096659,7.359585099,124.4909068,pigeonpeas,Loamy Soil
19.01447485,39.14310888,19.27063712,27.08262902,53.10330812,7.412206037,57.72614296,mothbeans,Laterite Soil
101.9330905,32.6197821,31.45104807,26.61058505,50.65202963,7.145817333,125.326507,coffee,Laterite Soil
11,132,197,15.99050693,81.23966573,5.734317007,74.40198861,grapes,Clay Soil
32.85371431,33.82188786,22.91618291,28.56846358,83.63168253,6.692988521,56.19469029,mungbean,Black Soil
32.51818463,8.140344879,5.657057224,34.40348805,93.43225236,7.143939263,108.1379018,orange,Black Soil
128.5151327,46.21070028,22.78361525,24.48711854,81.16183054,6.277236022,101.2892372,cotton,Loamy Soil
10,44,24,30.99256944,43.02151392,8.0344125,58.27600682,mothbeans,Red Soil
12.00716905,60.84570512,22.9973361,17.09935637,21.16318685,5.688071741,128.0915731,kidneybeans,Sandy Soil
22.67141209,79.05947889,21.93843114,23.11534419,18.32812951,5.669635099,101.4653247,kidneybeans,Loamy Soil
85.93847359,52.40957481,39.82696659,23.85217711,88.06358705,6.917051278,153.9423722,jute,Black Soil
97,59,43,26.35927159,84.04403589,6.286500176,271.3586137,rice,Clay Soil
35.5111802,125.4653661,199.9323489,19.48845282,81.22128192,6.049924485,71.13267802,grapes,Allvial Soil
78.66739183,43.21879651,45.46975095,25.60298685,77.96323644,7.189612954,182.46324,jute,Sandy Soil
3.217674993,39.22410827,20.62087281,28.77358016,80.51951958,6.705015628,39.66954788,mungbean,Laterite Soil
107,11,54,28.59052369,91.33617236,6.094016338,29.44008034,muskmelon,Allvial Soil
87.63825181,48.78141677,38.00940832,23.85762891,80.87138505,7.184083192,189.898944,jute,Loamy Soil
105,30,50,25.29954705,81.77527562,6.37620108,57.04147057,watermelon,Laterite Soil
100.6082395,17.76320427,51.31237555,26.11132677,80.72835563,6.889293587,56.78443744,watermelon,Sandy Soil
16.57663511,26.69926243,31.8565929,32.57684529,48.28163231,5.375052055,89.88500737,mango,Peaty Soil
6.585253812,10.79391196,33.2225368,29.23982212,94.66584117,5.541866774,183.4951925,coconut,Loamy Soil
30.64414284,61.995185,51.13242583,33.86686762,93.99991229,6.9720795,181.2046231,papaya,Black Soil
38,132,197,20.42094753,81.54185044,5.931101816,66.93065667,grapes,Loamy Soil
21.79359592,17.57102343,27.8020884,29.32495548,89.60820678,6.028637606,185.9054265,coconut,Loamy Soil
38.16557955,72.83242872,24.04912142,19.80064147,23.76951389,5.849333444,83.40040065,kidneybeans,Loamy Soil
26,67,16,29.10713092,67.90577375,7.17620823,67.83345933,blackgram,Laterite Soil
17,64,16,30.97758716,32.24914235,7.161797643,180.716828,pigeonpeas,Loamy Soil
11.65953045,5,6.116508913,21.20812761,90.58470845,7.822435463,111.9495647,orange,Laterite Soil
27.74097265,66.60809671,23.2471672,21.38334831,24.31053549,5.987151984,118.1069927,kidneybeans,Laterite Soil
39.70341215,16.34533899,32.65744097,31.98598897,49.16950977,6.462009937,90.24968935,mango,Allvial Soil
9,38,25,34.58561471,50.34035336,5.497946899,100.3060719,mango,Loamy Soil
65.46569225,61.29642158,52.64508553,32.22369085,92.48919241,6.490154379,77.49320246,papaya,Loamy Soil
1.366257639,21.05584498,43.62704788,23.74514625,86.59590485,6.298213431,110.7442407,pomegranate,Black Soil
82.76251379,44.74544488,36.18989799,26.52841678,81.15453502,6.172616412,218.8402449,rice,Sandy Soil
22.57569306,19.23398332,28.17089241,30.57172709,47.7978251,5.943697757,92.39373075,mango,Sandy Soil
96.93546969,71.01105387,46.62721027,26.61478102,82.73200201,5.762250549,101.0394048,banana,Black Soil
108.0682347,71.54978501,46.39682568,25.13151712,85.65330269,6.149675389,94.60807001,banana,Laterite Soil
33.03657521,79.81944453,16.12574623,23.92515531,20.53436862,5.703145686,80.93821609,kidneybeans,Sandy Soil
41.11157629,64.00811156,45.28735932,32.5223341,92.77903232,6.87843643,73.98647013,papaya,Loamy Soil
33.67895873,29.30438698,34.84902216,31.27332039,50.27963243,5.398835344,86.66070467,mango,Black Soil
34.75342952,73.30529604,21.34444896,29.12627287,62.31870184,5.559910486,189.4053358,pigeonpeas,Allvial Soil
21,63,17,15.77370214,19.2303162,5.979973965,108.3441414,kidneybeans,Laterite Soil
91,84,52,29.14827211,78.71024836,6.390741836,117.536781,banana,Peaty Soil
66.55466057,47.49014717,36.81101546,24.84404543,73.91821205,6.539203503,175.6334469,jute,Black Soil
46.49745423,81.39423106,78.01912775,17.25948163,16.49015875,7.546245166,74.37681274,chickpea,Peaty Soil
74.03304152,38.74637787,37.71796011,23.27104864,84.85624148,7.79389209,234.159436,rice,Peaty Soil
80,77,49,26.05433004,79.39654531,5.519088423,113.2297373,banana,Sandy Soil
30.16911736,9.326088511,9.818341103,34.33552683,94.1856652,7.138419131,99.99301384,orange,Black Soil
24.73836185,53.78351403,16.97519609,28.5683418,89.0486827,6.231850914,48.17948759,mungbean,Clay Soil
26,18,27,27.45907759,92.90736493,5.836075368,142.1430003,coconut,Laterite Soil
100.6955936,30.977545,24.98188163,26.66897501,70.40611344,6.869882127,157.9886768,coffee,Loamy Soil
113.2467659,51.5355107,15.34380824,25.43459346,79.19140806,7.871487422,84.31873632,cotton,Loamy Soil
27.79429998,17.34125369,26.82491161,27.26210903,92.3955287,5.77269944,141.1042668,coconut,Laterite Soil
36,57,16,28.61409059,57.14218792,8.292875734,57.02891698,mothbeans,Laterite Soil
97.85878183,43.85899718,20.50437471,25.79969412,73.94698526,6.527810767,106.8501033,maize,Peaty Soil
18.61685165,50.05312674,25.22767517,27.0368789,48.47557461,3.504752314,42.24452209,mothbeans,Laterite Soil
72.82267073,35.97983345,21.51978457,22.51984313,59.68187207,5.807951339,65.53436802,maize,Black Soil
11,40,23,29.61253065,63.04749127,5.80428611,50.1978269,mothbeans,Allvial Soil
11.20164209,53.94370311,23.60336174,21.08632231,19.61487361,5.705473925,139.2657987,kidneybeans,Laterite Soil
37.07479961,66.73177807,56.02134126,29.00150481,91.05817573,6.727551914,201.5403594,papaya,Sandy Soil
19.10596133,39.71647738,12.67922031,29.57370287,87.74862481,7.205245952,47.21152221,mungbean,Loamy Soil
0.954414766,26.47665431,40.61921647,24.56332622,91.48213817,7.081039357,102.4210053,pomegranate,Loamy Soil
39,65,53,35.33294932,92.11508608,6.560743093,235.6133585,papaya,Peaty Soil
58.73451219,49.08269492,54.37182215,32.87351112,91.04233829,6.862672193,47.03881635,papaya,Peaty Soil
70.2700426,46.56154922,38.82994664,25.31692436,77.57933705,6.11317312,185.556401,jute,Sandy Soil
4,69,19,19.25100056,47.70351758,5.374358869,149.063196,pigeonpeas,Red Soil
92.64733204,57.0042514,41.35101795,23.88894919,82.08135562,7.394849843,193.3102796,rice,Sandy Soil
30.92541666,21.48256432,34.18305394,32.41635987,55.14228595,6.226941498,92.35176811,mango,Laterite Soil
0.469863304,54.57928934,24.92000884,28.0383431,43.41951482,4.572211124,44.05397555,mothbeans,Loamy Soil
112.7560579,40.04623227,16.38219467,24.33648563,79.3128124,6.386376005,69.77096324,cotton,Black Soil
36.93749098,139.7112577,200.4046865,41.09470109,80.18236733,5.540434898,69.0959754,grapes,Peaty Soil
105.5398254,59.15903855,14.75316761,23.77201444,76.43539705,7.534412651,74.61069137,cotton,Laterite Soil
117.1871,55.35641392,16.15851554,26.22604068,75.55100423,7.326551642,90.2160414,cotton,Peaty Soil
106.4103809,9.905463672,50.47899856,26.13993965,89.02058683,6.752517297,44.78535078,watermelon,Red Soil
81.89515751,10.85773813,51.81945846,24.9491205,84.98530165,6.211579436,49.98517607,watermelon,Loamy Soil
33.70941097,35.2096348,34.98674948,27.09494177,47.60494084,6.431457284,97.12428178,mango,Allvial Soil
108.5158661,47.57145342,15.75070704,24.3355186,85.22483165,6.961714673,62.85631597,cotton,Sandy Soil
40.97253574,63.5423625,52.25399023,28.71369361,94.69333998,6.693586513,64.36839732,papaya,Loamy Soil
135,43,16,23.47986888,81.73049149,6.720449769,86.76287924,cotton,Sandy Soil
87.02458728,14.8810667,53.33886869,29.80660979,90.47228386,6.628657939,26.14197841,muskmelon,Red Soil
113.2163076,14.88886381,29.36626024,27.04980704,63.92806744,6.785034287,192.3539453,coffee,Allvial Soil
42.39989683,62.12947499,18.38715289,27.01375894,61.26439594,6.776812446,58.98794505,blackgram,Peaty Soil
128.9729191,43.44341076,14.71217583,25.28566121,77.50158472,6.759876579,79.27345391,cotton,Allvial Soil
4.863445885,12.97099473,40.37116763,19.69705089,89.36560284,6.463507333,101.1943514,pomegranate,Sandy Soil
86.48144767,54.92413035,21.86498278,21.4776699,58.74554603,6.813141183,110.7280508,maize,Allvial Soil
22.49734112,137.4386333,198.5527862,10.01415892,79.19024054,5.963372578,69.77062611,grapes,Peaty Soil
79.66932857,77.15657127,47.31081694,28.94681041,81.89905811,5.918319333,98.43475404,banana,Allvial Soil
90.76315064,40.58200971,38.32561109,24.29690484,84.16740589,6.107901342,194.5842796,jute,Allvial Soil
37,70,25,19.73136909,24.89487354,5.819403771,84.06354115,kidneybeans,Loamy Soil
109,21,55,24.9004602,89.73524177,6.770278088,57.44942094,watermelon,Loamy Soil
105.4687145,24.00188171,57.64162294,29.7811736,91.67322792,6.113574054,20.21126747,muskmelon,Red Soil
99,50,15,18.14710054,71.09445342,5.573286437,88.07753741,maize,Allvial Soil
89.89100075,44.20300836,37.69240776,23.64610176,82.99446286,7.467670509,240.5892412,rice,Red Soil
3.343445156,23.87476144,30.07845388,29.63108699,95.88458908,6.084605195,215.7058087,coconut,Red Soil
37.50917646,51.76752528,46.26100721,43.22212321,95.1005341,6.557323201,218.051577,papaya,Laterite Soil
16,143,197,22.61711614,93.51978375,5.90402645,116.9256766,apple,Laterite Soil
100,52,19,23.45969093,82.44777468,7.903528673,93.50153555,cotton,Black Soil
31.92256776,73.8807274,22.75161993,26.80519141,62.74293271,6.886975409,43.02627867,lentil,Peaty Soil
35.36293473,54.85258183,17.28499043,27.05384239,84.83077943,6.636138288,54.49058406,mungbean,Clay Soil
31.33750349,11.15752429,39.62816503,23.4916953,92.71809357,5.773548937,106.4374893,pomegranate,Laterite Soil
24.74784247,26.667898,40.00357207,19.09613938,95.50607729,6.939459609,109.0357298,pomegranate,Sandy Soil
119,30,28,26.35770906,64.57578034,6.505203696,163.6269496,coffee,Loamy Soil
24.07677588,119.7329334,197.3352558,30.66342197,82.72283133,5.581569389,69.51626752,grapes,Peaty Soil
30.88983794,134.3963687,205,21.26038441,93.37179498,6.093926761,117.9330864,apple,Loamy Soil
8.151306172,47.83261561,14.27103292,30.92343918,40.55761061,7.680850922,54.99481352,mothbeans,Red Soil
26.77861477,135.3466892,202.8849557,33.61232254,80.73046534,5.731739585,73.01439839,grapes,Laterite Soil
26,51,25,28.76488954,52.62741529,7.792508068,55.21606732,mothbeans,Loamy Soil
44.96630955,56.53299072,54.62205202,42.38471212,89.91669113,6.963877059,73.09963519,papaya,Clay Soil
50.76408875,74.15950157,16.77443003,26.77020441,62.98663411,6.516862971,75.45577058,blackgram,Loamy Soil
8,28,38,23.22594,94.42971362,6.8444019,105.6917856,pomegranate,Loamy Soil
126.6884043,43.85847368,24.2319376,24.26029016,81.1998023,6.758233403,61.30761573,cotton,Red Soil
114,30,51,29.24908541,90.06998135,6.069171847,25.93496537,muskmelon,Peaty Soil
11,45,19,28.70012137,44.359648,3.828031463,44.11622138,mothbeans,Peaty Soil
21.93993409,73.98476535,24.8413876,31.23237755,46.61138029,7.055006194,93.32036268,pigeonpeas,Loamy Soil
33.13639524,41.4365778,15.38811339,28.62273109,61.2114577,7.69807065,69.12574192,mothbeans,Clay Soil
14.9007431,57.92762488,12.06874162,21.38797945,22.37761358,5.794240208,144.7995412,kidneybeans,Peaty Soil
85.76396234,36.7348558,44.14626416,26.48562693,74.02321526,7.227996259,161.3074058,jute,Red Soil
98,26,52,27.33897716,90.69759008,6.150090899,28.69113835,muskmelon,Clay Soil
17.28683477,65.65629467,15.18563159,17.88437441,62.85416439,6.027142491,51.54134618,lentil,Peaty Soil
9.349797511,39.70188892,17.0338236,31.29478185,40.94094547,8.54660599,59.13707498,mothbeans,Allvial Soil
29.3604308,75.84764811,79.88188366,19.65847314,17.08152783,6.406959098,67.96521784,chickpea,Laterite Soil
81.78291905,40.75526932,43.98251939,20.95162715,82.92603219,6.258275563,230.1136522,rice,Peaty Soil
28.29050046,66.06017886,19.42839481,32.94417469,69.30040302,7.547410339,74.63264177,blackgram,Sandy Soil
41.43529354,58.86781046,25.60364012,36.97237752,62.45930477,5.306195681,163.8329478,pigeonpeas,Allvial Soil
3,23,30,29.70143197,95.65754365,6.078807239,215.1968037,coconut,Red Soil
95,21,47,27.93114233,93.56161439,6.431970877,20.66127836,muskmelon,Laterite Soil
69,66,49,40.00439101,90.17015833,6.52711001,92.11877372,papaya,Clay Soil
14.87415932,68.36456445,26.53496684,25.0742635,60.84623732,7.22438913,51.15989515,lentil,Clay Soil
11.47205251,78.75402573,20.29833904,21.79214261,64.67084496,5.959687646,37.82515038,lentil,Allvial Soil
48.15106326,54.32090614,77.93471802,18.5304693,16.10565133,7.86639192,83.4837691,chickpea,Loamy Soil
130.8246805,38.70892096,21.52859021,23.56705978,75.91126526,6.819841047,88.56972677,cotton,Clay Soil
34,6,30,27.0828252,97.00155491,5.948342571,171.7575545,coconut,Sandy Soil
6.126387494,29.93498741,41.21643448,22.70980576,90.27890785,6.350316573,108.9890839,pomegranate,Red Soil
83.76480605,12.28245587,52.38205314,29.63578834,93.16710855,6.164284001,20.67713041,muskmelon,Peaty Soil
76,60,39,20.0454142,80.3477562,6.766240045,208.5810155,rice,Red Soil
93.42012572,90.0769973,48.77008921,28.02390291,84.89258297,6.065040665,115.4311408,banana,Laterite Soil
22.74534704,79.12682807,21.47538106,23.01257805,18.60979563,5.681233526,100.3970963,kidneybeans,Loamy Soil
80.47630632,6.384979171,44.5833702,29.10966883,90.50192937,6.688634461,26.77024317,muskmelon,Sandy Soil
19,57,23,23.6734328,47.2879691,7.342409555,141.1250722,pigeonpeas,Loamy Soil
7.709682362,141.2538942,195.9146861,23.82847753,93.67574327,5.557563906,102.1669684,apple,Loamy Soil
27.11940496,69.54959924,83.53781132,18.5746455,19.76640456,6.520018425,70.91038574,chickpea,Peaty Soil
91.42237613,6.921259271,48.5778166,26.10640396,86.76833261,6.928212028,54.68181048,watermelon,Clay Soil
114.1817965,26.04880501,24.80517059,24.99279536,59.20678021,7.183070659,190.6075587,coffee,Clay Soil
62.30298825,57.32529383,48.41603742,26.79897722,90.77544563,6.864307555,143.8931579,papaya,Clay Soil
34.19660831,59.0341607,24.13541223,17.51449039,18.70218076,5.654013153,100.9097924,kidneybeans,Black Soil
32,11,31,29.51611558,92.56492864,6.461225827,131.2116167,coconut,Clay Soil
55.47552757,67.8082239,14.94474198,34.26671529,70.22056777,6.598134668,69.08045104,blackgram,Red Soil
12,67,23,25.62896213,63.14909763,6.585020303,45.49683991,lentil,Allvial Soil
37.36947123,10.40278672,37.25406863,24.29736123,85.36097257,6.722744176,108.8789613,pomegranate,Black Soil
108.6931402,22.54879936,53.05657093,25.07877403,90.51021269,6.737507462,55.18734344,watermelon,Loamy Soil
114.6613309,12.69534391,51.75542838,27.59659079,95.02731542,6.670238146,21.3670087,muskmelon,Laterite Soil
6.93247463,63.15782853,23.29442983,20.39031364,17.91417984,5.825321752,120.9066009,kidneybeans,Allvial Soil
18.02666621,19.71441351,26.27645832,31.50433132,52.43910062,5.452833376,88.89589287,mango,Clay Soil
24.88328192,72.5441384,84.45832971,18.87277986,14.48537889,6.365054268,88.15470237,chickpea,Red Soil
50.78016172,63.89278,21.96496303,29.51022492,68.58668845,6.906126911,65.52330203,blackgram,Black Soil
14.33098019,66.11972741,24.07305999,25.28946671,60.25714634,7.248390793,47.45626371,lentil,Clay Soil
24,70,21,19.14729038,45.3733757,5.517208078,132.7748215,pigeonpeas,Allvial Soil
78,58,15,25.00933355,67.816568,6.528631266,62.91359494,maize,Sandy Soil
0.679190713,59.1321217,20.83793974,27.49235517,87.13644217,7.18753683,43.40158119,mungbean,Laterite Soil
26.69041134,75.88840343,15.51246611,31.66025404,68.9320471,7.253902623,62.08913993,blackgram,Peaty Soil
54,77,85,17.1418614,17.0662427,7.829211144,83.74606679,chickpea,Sandy Soil
3.480148105,56.58504503,23.84311593,26.90492131,60.13704376,7.543622687,35.90138989,mothbeans,Red Soil
0.85397601,132.1737714,200.475807,22.58602958,90.05325944,5.992638812,123.4379676,apple,Clay Soil
97.72867459,49.26996394,14.45248671,18.37091269,70.12444787,5.612379686,87.07882645,maize,Allvial Soil
101,70,48,25.36059237,75.03193255,6.012696655,116.5531455,banana,Allvial Soil
27.07964623,75.93456821,74.7538273,19.80314959,18.54884233,7.062986595,87.15127322,chickpea,Allvial Soil
67.6257603,70.66389526,54.27611092,31.14742855,92.18224119,7.006599897,52.21908079,papaya,Clay Soil
84.71883158,57.22319217,27.05172447,22.53448101,66.94851841,6.505604216,63.04957053,maize,Sandy Soil
20.64453813,19.95939799,28.45843499,27.7027946,52.74794953,5.394872913,100.9367152,mango,Sandy Soil
5,77,19,31.08564994,66.68832981,6.242052013,175.9303271,pigeonpeas,Peaty Soil
84.32132847,40.30384912,40.15024754,26.18241672,74.02588643,6.676364918,191.5474888,jute,Black Soil
126,50,19,24.69457084,81.7358876,6.628722836,78.58494391,cotton,Allvial Soil
70.12621418,49.21420829,53.86460526,37.81867584,90.39943834,6.961771932,171.1634922,papaya,Laterite Soil
13,61,22,19.44084326,63.27771461,7.728832424,46.83130119,lentil,Allvial Soil
90,23,54,28.55852465,90.45773041,6.159020864,27.26588346,muskmelon,Peaty Soil
30.78851599,80.24292858,26.70793356,23.09341142,21.76793949,5.930081546,62.12352688,kidneybeans,Sandy Soil
59,60,84,19.03025305,18.66725565,7.690962338,94.70992037,chickpea,Red Soil
37.76199016,82.12484126,13.35951739,21.27849589,62.91391273,6.415009136,36.39312329,lentil,Peaty Soil
15,27,28,33.80398664,46.12866113,4.507523551,90.82549241,mango,Black Soil
31.64228834,54.33188212,17.16039804,29.00501008,85.42755886,6.41305352,48.88036993,mungbean,Loamy Soil
125.4568859,37.02524977,18.75075143,25.77488157,84.34917462,6.641269183,77.80577196,cotton,Sandy Soil
2.728119885,75.57320014,20.02798457,28.40969715,52.0669381,6.026675885,147.7292422,pigeonpeas,Red Soil
113.1198532,32.71369701,34.80622289,25.62722728,62.45747382,6.558341101,153.3847478,coffee,Peaty Soil
4.120344094,15.1381944,37.35948351,18.22179946,88.78582946,5.694862906,105.856226,pomegranate,Laterite Soil
81.54419826,24.32797155,33.34533149,26.66788651,66.34314982,6.839392845,122.1563793,coffee,Loamy Soil
101.3796319,72.13580956,45.40912335,28.72067991,79.23148889,5.705195152,100.0994718,banana,Allvial Soil
6.779077126,29.06670762,44.80101851,21.1439125,92.97352448,5.56083205,105.205724,pomegranate,Loamy Soil
94.55588616,16.45289846,45.20330572,26.89325399,90.35454487,6.759907222,27.11510884,muskmelon,Red Soil
50.0330655,58.40776008,54.48482932,24.57022056,91.72629934,6.661642806,108.1170896,papaya,Laterite Soil
92.92989826,95.88926704,43.43134486,29.23846335,76.94799308,6.15114563,94.2810252,banana,Black Soil
24.99090174,57.23627736,19.66685188,16.9079487,19.67868254,5.577293528,92.23893738,kidneybeans,Peaty Soil
67.84619805,59.70673182,38.42188956,25.33133559,79.23974612,5.449411076,219.0594579,rice,Sandy Soil
87,23,28,26.22367404,62.26594559,6.979590627,193.7461968,coffee,Black Soil
27.20521406,79.78812077,15.81115298,19.06535014,21.5308517,5.795921171,84.61985086,kidneybeans,Loamy Soil
21.24271365,54.43879575,21.50045872,28.778793,83.94307881,6.659024291,40.45528941,mungbean,Sandy Soil
10.10742993,142.5432204,198.2683806,23.01083273,92.77459987,5.904586592,120.1050677,apple,Sandy Soil
23.59288066,25.72060603,8.990790339,18.74276801,93.27673917,6.159077082,120.0483533,orange,Clay Soil
8,16,6,12.22816189,90.26457428,7.106650373,108.4161706,orange,Black Soil
75.37240786,39.79789365,38.8765412,25.16373701,83.54498222,6.386157992,170.0003065,jute,Allvial Soil
113.8475137,17.55869916,55.21855199,27.5737917,94.46658897,6.761764873,32.88850243,muskmelon,Black Soil
22.84384253,131.3289939,195.0936084,30.1112526,80.81932677,6.111528059,66.45492246,grapes,Black Soil
84,44,21,21.869274,61.91044947,5.850439831,107.2681929,maize,Sandy Soil
28.48573895,74.58000697,73.7716857,19.49222053,18.73068577,7.051940337,86.66590172,chickpea,Allvial Soil
20.53118689,39.8408703,17.46744791,29.70123455,87.87185371,7.214636738,48.41796023,mungbean,Loamy Soil
0,26.04656474,29.10262041,24.70684139,94.52880543,5.591328944,195.235682,coconut,Clay Soil
60.64532697,42.82878562,43.01370934,24.51463312,81.35333706,6.544709319,158.6889112,jute,Red Soil
111.8444688,39.634105,21.16289295,24.92733948,81.32814419,7.263673392,97.24724724,cotton,Clay Soil
23.19428893,50.96853792,17.5696875,29.49522063,88.80943292,6.706060799,48.58841591,mungbean,Red Soil
67.45449155,61.64632247,38.50024749,24.70769916,78.67324996,7.1557395,159.7413254,jute,Black Soil
80.64117344,48.39302032,20.35967341,17.79436998,61.93286537,5.552862406,105.2840966,maize,Allvial Soil
26.41049221,64.60209186,22.35960799,25.81539872,40.93426128,5.169671903,109.1730909,pigeonpeas,Allvial Soil
40.51062872,72.0720833,20.90071441,21.65325577,19.23820565,5.845388819,61.50508678,kidneybeans,Sandy Soil
110.9809106,49.95219085,28.96142024,25.69920933,78.05103784,6.42375341,67.46313722,cotton,Red Soil
17.61595486,77.93883885,21.26789131,24.53383275,21.88713685,5.669981668,62.68683353,kidneybeans,Clay Soil
34.25845201,79.23725793,23.8253215,33.43807492,48.91525687,7.082711592,100.8054227,pigeonpeas,Black Soil
86.56702443,21.74894358,27.73388128,25.93930797,61.51995894,6.975429556,192.0172304,coffee,Black Soil
33.79929542,33.54225432,20.34945535,28.46549083,83.23419284,6.685744614,58.79020624,mungbean,Black Soil
18.61475082,30.7751664,31.03037833,26.75848989,92.4569262,6.399727134,222.347078,coconut,Black Soil
34.8591612,34.56872418,34.37641213,27.22623467,47.319028,6.410237055,96.42819711,mango,Allvial Soil
55.17599172,62.59144276,77.62283496,18.79310365,15.14419502,6.208861843,79.83098938,chickpea,Peaty Soil
5.604028249,7.641081957,10.55986611,27.68003644,93.2509929,7.197391464,113.9439747,orange,Allvial Soil
10.26766003,50.01232506,14.59738791,31.04565461,41.74059218,7.66430845,55.05580622,mothbeans,Red Soil
98.82721624,44.70213854,21.05403872,25.86028716,74.43034684,6.534953837,106.9554881,maize,Peaty Soil
64.94590475,40.87246056,46.24689611,24.08795085,70.58056291,6.748982578,181.5454543,jute,Clay Soil
88.8528252,82.49947345,42.8398884,28.25594897,78.588624,5.68514367,110.5436179,banana,Loamy Soil
89.01363349,13.56381554,51.84350934,26.95264972,91.54520135,6.455074567,24.20356415,muskmelon,Clay Soil
27.17532434,21.06517547,29.63519594,29.22270822,92.13118737,5.998420687,145.0740495,coconut,Black Soil
36.35876964,64.98572016,79.19279532,18.3712106,16.20970435,6.069794694,74.42335671,chickpea,Clay Soil
57.87391842,59.49024689,17.72915478,28.3137583,66.12691351,7.331009238,62.43433303,blackgram,Peaty Soil
112.2233782,39.56405419,16.67433164,25.11446099,79.11750865,7.364887442,97.95605905,cotton,Loamy Soil
18.52517678,29.40982445,26.90238399,27.71871958,51.0857547,4.751477698,95.17286804,mango,Sandy Soil
4.840249829,20.6388635,37.04633442,25.20581121,91.69657215,6.258580437,181.102542,coconut,Red Soil
26,63,17,29.87854588,65.73085206,6.950300686,44.95654782,lentil,Peaty Soil
33.24385807,65.07892542,15.69563217,35.27362519,65.19976823,7.162080995,69.41051259,blackgram,Black Soil
5,24,40,24.692258,93.87030088,6.297907579,104.6735454,pomegranate,Clay Soil
35.22777137,135.5316757,199.9429065,21.67425216,80.58138954,6.385642817,70.88808751,grapes,Allvial Soil
0.073818645,60.31467183,21.40339116,25.54307455,48.01037712,9.165264916,54.80317184,mothbeans,Laterite Soil
22.34205817,55.90289411,15.23995406,29.80832484,87.61936843,6.868636005,45.59525857,mungbean,Sandy Soil
29.18586894,25.3145557,25.57486905,26.41253772,96.81208102,6.13102195,190.5835824,coconut,Clay Soil
78.61452794,36.3396135,21.7823501,25.08557101,56.7069337,6.625570756,89.89330474,maize,Peaty Soil
24.2964656,51.2338292,23.50687658,25.52574746,61.3485303,9.383271828,64.77505229,mothbeans,Sandy Soil
20.04353995,63.11238964,18.24684009,29.29429323,64.70586727,7.376382205,65.23373205,blackgram,Peaty Soil
43,68,20,29.57812712,66.17587668,7.497469256,69.43895491,blackgram,Sandy Soil
83.19128774,12.7872492,51.94032921,27.23719086,94.89653239,6.446314827,24.32089821,muskmelon,Black Soil
13.12446727,15.05660414,29.01975632,29.65250068,51.25545885,5.203047116,96.35009229,mango,Laterite Soil
24.93980843,58.1108994,21.86258448,21.7632534,21.5078783,5.877194897,132.6495916,kidneybeans,Allvial Soil
16.88841671,78.36828118,19.49348255,31.10361817,55.64074255,7.374389151,122.6411758,pigeonpeas,Loamy Soil
11.79188325,124.405571,201.7177254,13.40613702,80.83135414,6.368797268,70.41943788,grapes,Laterite Soil
7.135968532,12.87995254,7.054630862,34.72197497,89.59693515,7.732326614,118.4038866,orange,Laterite Soil
74.80084343,48.78772548,43.60239863,25.0278873,84.86526186,5.220711198,201.8194122,rice,Laterite Soil
38.5692943,23.43976567,13.08072481,31.24694289,90.21651315,6.429622873,112.108802,orange,Sandy Soil
39.37013137,69.18774588,16.75442345,34.14289542,65.20266186,7.733102084,70.89008755,blackgram,Sandy Soil
27.93490465,40.33714658,21.88096885,31.43709587,62.1665491,8.867905729,61.92945167,mothbeans,Peaty Soil
32.9134191,56.6290509,51.10993117,37.47255964,92.64339126,6.957811576,155.4578899,papaya,Sandy Soil
74.8902518,36.9967433,42.52469999,23.20251544,74.8141831,6.59482944,154.013633,jute,Peaty Soil
84,40,43,25.01157559,88.3313023,7.228268228,169.4168014,jute,Loamy Soil
9,60,23,31.96987867,57.17377029,6.276004336,64.25520357,mothbeans,Loamy Soil
39.55267752,24.88204175,28.66669607,33.35944781,54.95688797,4.71697766,99.34614958,mango,Loamy Soil
45.42540851,46.12712713,57.40367246,23.60913305,91.48129751,6.528297927,206.4864467,papaya,Loamy Soil
83.08642059,58.68228682,23.79128493,19.76631342,59.93470516,6.378532374,65.55152246,maize,Laterite Soil
36.95735011,76.84525335,75.77766852,18.29383755,16.77114429,8.711662822,70.63753215,chickpea,Clay Soil
11.50504262,71.15420082,23.39918919,21.1831267,23.33297526,5.651689168,142.3228473,kidneybeans,Clay Soil
32.16947624,133.0447718,205,21.00965245,94.94747327,6.093913999,113.9069015,apple,Loamy Soil
81.03495961,41.86899848,38.6765884,22.68387121,82.6959289,7.518068054,203.1470668,rice,Peaty Soil
74.66977262,55.2561979,23.38750495,18.27923074,66.75313735,6.828074284,81.29263461,maize,Clay Soil
118.8678583,21.10598944,49.3325073,24.40071212,87.45861213,6.653219189,48.11144171,watermelon,Sandy Soil
19.64950199,7.96729777,13.20698159,25.28979762,94.27041385,7.217749811,117.4776322,orange,Clay Soil
17,136,195,41.20733624,81.61051026,6.389783283,65.90227462,grapes,Red Soil
87.92096715,49.73435146,21.59514174,18.48833548,62.2184462,6.624314307,93.03718397,maize,Allvial Soil
20.22751713,39.28080124,20.09156371,29.50056847,80.96868721,6.92832251,45.11427493,mungbean,Peaty Soil
30.86177182,137.6839641,205,22.69988302,93.36923882,5.794470382,118.8350067,apple,Allvial Soil
114,79,51,26.21009246,82.34429458,6.313197204,112.0700033,banana,Black Soil
13.91561177,20.16636706,35.27305106,30.82801908,46.38743832,4.80977083,90.18387762,mango,Black Soil
37,79,19,27.54384835,69.3478631,7.143942758,69.40878198,blackgram,Black Soil
108.6207963,90.86452341,51.67051962,27.16704786,83.4370182,6.322571064,104.3531182,banana,Clay Soil
53.76938144,67.51801633,14.29564006,31.72081239,68.65732532,7.272533087,64.87618039,blackgram,Loamy Soil
26.95364009,60.43471741,16.60119721,26.50621719,64.19055884,7.029482564,65.55757054,blackgram,Allvial Soil
100,40,20,22.45145981,76.25674874,7.432043735,86.84998693,cotton,Peaty Soil
10.60981887,59.4826799,22.89691076,27.46928755,87.73959289,7.028415497,51.12338071,mungbean,Black Soil
3,67,24,17.00067625,19.90790546,5.520880014,103.2926407,kidneybeans,Peaty Soil
29,121,196,22.84852833,94.32130209,6.079497202,123.5977843,apple,Peaty Soil
68.57208421,57.36426689,41.96440049,25.24756295,80.7921544,5.479507326,220.2618108,rice,Sandy Soil
58.50327183,55.29695783,47.11980931,26.32601137,92.87847326,6.733033104,241.339109,papaya,Allvial Soil
10.85584,127.089288,200.1793593,22.97798935,92.41615272,6.415295974,109.7329628,apple,Black Soil
89.26682451,22.42198327,52.73328211,24.61703367,86.09614551,6.264582843,50.90495904,watermelon,Black Soil
25,62,21,26.73433965,68.13999721,7.040056094,67.15096376,blackgram,Loamy Soil
42.31966637,78.02828385,20.66462168,25.13676033,60.61691645,6.576277915,71.5537155,blackgram,Sandy Soil
22.02643032,67.98642668,21.27844439,29.16076652,64.46964098,7.498203787,55.8360672,lentil,Clay Soil
61.88877873,59.50721603,39.06857482,23.93139812,74.63229788,7.163575292,189.2859842,jute,Sandy Soil
35,51,17,28.79929247,49.84213387,3.558822825,40.85534718,mothbeans,Allvial Soil
23.4115702,49.6548919,24.32286721,25.33997192,61.51110457,9.381570335,61.96557639,mothbeans,Sandy Soil
93.10651238,53.73570501,19.55147752,23.48685866,61.78439961,5.899053694,107.8843503,maize,Clay Soil
39.49768255,73.25315364,18.44135574,21.64069519,21.39511601,5.806510085,59.84965569,kidneybeans,Sandy Soil
32.19843633,72.57870753,81.48167513,20.45140528,14.77993922,5.995708762,89.19824375,chickpea,Loamy Soil
112.9057556,21.42538107,50.80702822,27.49700154,95.23807026,6.458381661,27.12060665,muskmelon,Clay Soil
22.51362454,39.00513281,21.44627972,26.91903742,62.20581791,5.799884467,64.05805119,mothbeans,Laterite Soil
9.265877897,57.88426696,22.56490773,28.76133179,85.99226804,7.124286672,35.5683535,mungbean,Clay Soil
32.89947406,74.28067062,16.59437133,20.99648818,63.38443792,7.626781705,53.34702406,lentil,Clay Soil
115.9025836,80.74429299,55.73900969,26.28822559,83.79397151,5.922178458,95.17768703,banana,Red Soil
57.05507259,62.09756569,14.33298139,30.93743676,62.76981236,7.425503725,64.00052376,blackgram,Loamy Soil
15.80543693,44.27109243,20.62472454,30.13919369,45.99017008,5.483942273,40.15577174,mothbeans,Red Soil
90,86,52,25.85036988,81.95580471,5.793260262,119.0856171,banana,Peaty Soil
111.0928584,52.63002425,17.9797633,25.60938454,79.83905675,6.166373825,79.79822286,cotton,Black Soil
31,30,29,26.58580443,90.98617591,5.558807063,178.8116076,coconut,Black Soil
94.05858122,17.56225604,55.22623744,25.24595021,87.11895257,6.5988009,41.18608669,watermelon,Red Soil
27,72,17,28.98039357,57.23265151,6.347929353,120.7435664,pigeonpeas,Laterite Soil
100,18,52,26.20234499,80.38266489,6.87606733,56.47941847,watermelon,Sandy Soil
58.8501857,62.08642646,46.11884751,43.47175744,93.27128354,6.963522632,115.2214385,papaya,Allvial Soil
35.76078209,44.49299027,21.68456818,28.42238853,83.48131209,6.294175409,37.37608678,mungbean,Allvial Soil
23.80930149,70.55489749,20.43664729,19.39900049,45.42811438,5.524609272,130.3551769,pigeonpeas,Allvial Soil
23.35841178,53.20186347,19.92413006,28.58471055,83.30326761,6.686910542,41.18668298,mungbean,Sandy Soil
70.23203086,46.00172557,41.59671409,20.31053656,82.24598527,7.243203611,190.7147135,rice,Clay Soil
0.065593863,145,205,21.12310381,89.30864087,5.506667118,114.8369074,apple,Sandy Soil
95,30,52,29.48069921,90.33698678,6.640470863,26.0365768,muskmelon,Loamy Soil
58,51,47,42.13473976,91.70445386,6.757470637,197.402901,papaya,Laterite Soil
22.35774269,62.37442787,86.59940554,19.20218719,18.63900237,8.485857663,79.39356009,chickpea,Loamy Soil
83.76330438,73.93700986,54.098044,27.36006539,77.64323154,6.29636812,92.29395059,banana,Clay Soil
19.55785486,57.95561137,14.11005509,21.55732047,38.53208598,4.960258001,179.0543784,pigeonpeas,Black Soil
38,135,203,23.76121837,93.661643,5.965551311,100.825956,apple,Peaty Soil
83,7,45,29.08417927,90.73891887,6.704104127,25.33014238,muskmelon,Sandy Soil
107.8829953,37.28594766,23.34411133,25.50972969,75.81621903,6.182740167,60.74701915,cotton,Allvial Soil
40.56855138,28.65590225,32.71713513,26.3954365,95.08032984,6.184909392,200.9915941,coconut,Laterite Soil
24.34842026,44.07790122,19.81676734,26.84981301,49.33684366,5.911251962,34.73962343,mothbeans,Black Soil
61,64,52,43.30204933,92.83405443,6.641098708,110.562229,papaya,Clay Soil
76,54,45,24.29496635,77.62976013,6.176618831,184.9800516,jute,Black Soil
12.92939088,5,8.97691257,23.76672625,90.33428193,7.438218183,101.6489288,orange,Clay Soil
0,123,205,22.02775403,92.96129462,5.790993052,121.1349176,apple,Red Soil
16.93567732,23.48230871,10.97976193,21.41354242,93.20585537,6.391620305,101.2773596,orange,Loamy Soil
18.81852064,66.74921091,19.18532643,30.26557564,59.04926813,6.615133831,70.65794427,blackgram,Red Soil
0,18.26987658,15.46176824,29.74435177,92.80718088,7.204783396,113.5403673,orange,Peaty Soil
97,8,52,24.9103226,86.97190046,6.237861736,49.48575692,watermelon,Allvial Soil
34,65,19,23.43974653,63.22011726,5.94239222,45.40277297,lentil,Clay Soil
36,19,32,27.10710832,50.70880979,4.94295037,92.37238878,mango,Clay Soil
16.30660336,56.27160266,17.96781936,28.02026936,44.83831891,5.968314915,69.80570634,mothbeans,Clay Soil
31.91781447,5.941998975,28.65094341,28.83854005,91.19426997,5.71204885,156.93108,coconut,Red Soil
42.35698976,62.87145521,47.19993703,38.32798221,92.30874128,6.839170758,98.87870618,papaya,Sandy Soil
102.3320925,25.00921829,52.62519019,27.69468905,91.91822144,6.67673739,22.91422101,muskmelon,Sandy Soil
4.645941586,6.870863623,33.78968527,27.08067651,99.57397105,6.290383537,224.1215632,coconut,Sandy Soil
14,75,24,24.54757829,57.3414485,6.436160044,118.3606557,pigeonpeas,Peaty Soil
40,65,49,35.32876402,91.06138506,6.678449318,163.9069365,papaya,Clay Soil
20.89863782,22.18625079,31.16303742,29.98888068,53.86542243,5.083313958,94.44925721,mango,Clay Soil
7.299056513,26.73966583,36.65591875,18.67803936,86.99847725,6.789174178,104.7851873,pomegranate,Laterite Soil
32.38268873,70.09656509,21.84648873,20.99338153,45.84783148,6.216003189,197.6095772,pigeonpeas,Laterite Soil
85.78033248,37.71404337,40.38613794,21.45755752,82.78784139,6.263029677,279.6709827,rice,Black Soil
26.62761377,123.449631,201.1391599,22.67455562,95.16695651,5.659161138,105.2295784,apple,Clay Soil
88.74615064,46.23652817,45.11456522,24.19123393,71.90248308,6.529015516,153.6037124,jute,Peaty Soil
36,68,20,17.06104474,23.77201471,5.86442953,81.83420522,kidneybeans,Clay Soil
31.96197188,24.78168326,37.23951272,25.32507401,91.26190202,6.504436281,108.8556598,pomegranate,Allvial Soil
60.39424764,66.43083769,81.57359326,17.13527082,17.19162128,8.065830113,74.71272449,chickpea,Red Soil
108,22,46,26.17668721,86.7295205,6.121168559,53.33484977,watermelon,Peaty Soil
25,121,201,30.50734778,82.71775569,5.594240603,70.08200379,grapes,Peaty Soil
85.69130637,36.29023631,32.61564489,26.20481404,54.24056228,6.843468214,132.6576774,coffee,Sandy Soil
123.15743,49.72508749,17.17731786,24.40955099,74.36552285,6.293049005,61.49064934,cotton,Red Soil
96.80635046,84.8007313,55.2718038,29.84468088,77.1709262,6.280407517,91.2783029,banana,Red Soil
92.35272083,57.59642727,26.80666599,18.91633418,69.91933882,5.686092054,69.06740538,maize,Loamy Soil
97,25,50,26.22005978,80.90127035,6.093814669,49.08553937,watermelon,Laterite Soil
90,86,55,27.96236771,84.15403614,5.644486582,97.55986676,banana,Clay Soil
34.60238811,80.46062285,21.58151469,31.733676,63.04358923,6.527876665,72.96361595,blackgram,Allvial Soil
26,10,33,28.27298134,96.93649473,6.07071786,198.8234862,coconut,Red Soil
1.035790031,29.9610023,28.56449666,27.48594847,49.11023694,6.067500728,93.47876046,mango,Sandy Soil
90,16,45,24.92093261,80.61750795,6.291540278,50.55710813,watermelon,Peaty Soil
9.990309868,80.12635877,17.7227067,21.10102861,55.50214838,5.60963539,185.2311814,pigeonpeas,Sandy Soil
29.45050101,28.98436594,33.31063719,29.56200313,92.65602943,5.776986351,191.7630444,coconut,Black Soil
27,8,30,26.44600063,98.29937782,6.008386283,221.2258168,coconut,Laterite Soil
22.20665675,52.96229314,19.41080313,28.68775052,83.71512093,6.706218765,40.77234838,mungbean,Sandy Soil
11,41,19,26.85911286,41.81420849,5.131779302,44.13827124,mothbeans,Loamy Soil
13.31338891,73.924015,19.25994523,18.11597029,36.83675024,6.600822887,96.44167281,pigeonpeas,Laterite Soil
19.50994782,71.94525805,17.61102567,31.37251381,66.90322207,7.580151023,62.51549141,blackgram,Peaty Soil
38.00591769,78.88529091,16.78881663,36.07915365,32.21141552,5.639077194,191.2772959,pigeonpeas,Peaty Soil
9.562532616,34.91987081,23.51581721,28.72001878,88.72751463,7.076242543,59.54043363,mungbean,Peaty Soil
30.22241452,60.11777853,17.38025134,27.05074123,67.92972416,6.183649653,52.66291102,lentil,Loamy Soil
9,122,201,29.58748357,80.91934392,5.570290539,68.06417307,grapes,Sandy Soil
28,23,28,30.01821337,50.0983181,5.676032581,96.08745082,mango,Loamy Soil
42.5638579,61.09425953,20.21521584,26.40159759,61.75468522,7.425435038,70.36217028,blackgram,Laterite Soil
34,73,15,20.97195263,63.83179889,7.630424083,53.10207889,lentil,Clay Soil
28.29358713,80.05765345,22.37419507,28.74651235,61.11368043,7.79708097,48.84017018,lentil,Loamy Soil
27.6569139,80.43178166,83.15343428,17.36892013,17.84964073,6.30450521,70.23028903,chickpea,Red Soil
1.100747091,22.04005476,12.66115049,22.57528071,93.75959908,7.606807328,108.7047354,orange,Allvial Soil
132.2060177,41.64806489,21.43286043,24.30785303,81.14493138,7.799624072,88.21483303,cotton,Loamy Soil
115.672971,26.96471144,50.52736928,29.07650065,93.76235729,6.106075394,28.79232256,muskmelon,Loamy Soil
31.66622867,37.06586323,21.19720924,27.16838287,86.74340021,6.704622929,38.57570714,mungbean,Peaty Soil
26.19092444,138.9270813,198.2451953,22.41271245,91.68654465,5.806614703,122.5871639,apple,Peaty Soil
34.70108337,57.71773363,24.38175656,28.41963085,82.05379884,6.923731112,55.82297953,mungbean,Laterite Soil
37.60214467,53.20347239,48.05853259,43.23550102,92.61600178,6.513725532,212.1409123,papaya,Laterite Soil
30.16186649,62.7985978,15.54489339,30.11004614,67.22932463,7.290594759,63.88248573,blackgram,Black Soil
27.90630429,77.67046471,23.39312646,20.14683011,59.46685778,5.982702769,194.0993616,pigeonpeas,Clay Soil
97.40301214,25.35967393,48.71026404,26.17195361,81.86235208,6.105067703,49.34034163,watermelon,Laterite Soil
126.4108769,36.78566028,20.96424668,25.66016953,83.08200495,6.653546236,75.92475856,cotton,Sandy Soil
82.07209397,57.1424865,20.10742245,25.75605072,70.71169033,6.882345743,96.93398683,maize,Peaty Soil
5.584790052,55.11149497,24.55466406,26.57510067,39.69502472,5.550097659,56.48480982,mothbeans,Loamy Soil
1.457161969,73.79183768,19.58197196,26.43854896,61.3817912,7.827226774,48.16976783,lentil,Laterite Soil
102.4185882,73.18061176,52.30742573,26.18900079,81.99566907,6.078590557,102.7710842,banana,Clay Soil
23.88025401,29.95979193,10.05116072,32.33444874,95.03648502,6.620327352,114.5178032,orange,Red Soil
124.7150153,38.25011817,21.68311957,24.91614824,81.54245207,7.923094161,97.07413866,cotton,Sandy Soil
16.4214688,72.74496975,17.98831887,19.25100996,33.54704369,5.631506658,197.4104814,pigeonpeas,Red Soil
13.68404617,13.44254042,7.047001832,10.02635456,90.97162619,6.25645905,118.5125998,orange,Allvial Soil
6.807938267,20.39718146,31.03701317,32.20555253,54.17290727,5.856839402,98.3953736,mango,Red Soil
93,91,47,27.84767901,83.31110751,6.101241579,117.2878912,banana,Laterite Soil
35.43234629,63.02203816,17.82347138,34.32306397,38.6400851,5.600340962,167.7413047,pigeonpeas,Clay Soil
29.93856647,60.40233124,22.90420274,25.38987436,65.57274383,7.744310155,50.5876824,lentil,Allvial Soil
83.2568545,40.03254166,45.38697799,24.99524466,87.99998403,7.234786783,167.8416966,jute,Loamy Soil
34.45798359,119.7808073,204.48744,35.00765228,81.50432818,5.574825551,71.11998631,grapes,Black Soil
117.0579968,38.29293951,30.3311624,22.96700027,67.32780105,6.771524871,159.9102746,coffee,Allvial Soil
36.26575183,74.58079728,18.62083827,29.51278223,64.0695855,5.584986024,192.8465103,pigeonpeas,Allvial Soil
33.71155053,66.21886895,50.54966909,27.14801973,92.83742898,6.676786681,42.41170943,papaya,Red Soil
68,52,49,24.42561272,92.27749066,6.577192175,63.35298768,papaya,Red Soil
41.1121915,20.39706591,27.38150893,27.48539319,99.98187601,5.720299353,173.0852155,coconut,Allvial Soil
116.6480537,39.49091386,32.92816221,25.09469378,54.41438033,7.056469418,128.6428051,coffee,Laterite Soil
42,79,85,17.22385224,15.82069268,6.129533877,76.57580954,chickpea,Peaty Soil
16.71772285,80.34801566,21.63269207,31.1543216,56.37352955,7.322491854,123.2702652,pigeonpeas,Loamy Soil
70,44,19,23.31689124,73.4541537,5.852607099,94.29712821,maize,Laterite Soil
3.603241551,70.76526277,17.89445951,26.92610125,41.93290058,4.757547443,93.16400262,pigeonpeas,Laterite Soil
22.23210289,49.80659986,20.78165282,30.7560532,45.52498414,9.377078154,39.79696282,mothbeans,Black Soil
6.827147791,35.83552258,20.12813248,24.29831916,59.78483303,8.81174869,40.36631106,mothbeans,Black Soil
37.7102567,30.74022776,33.7853513,27.28015779,53.80063143,6.78473256,99.08876856,mango,Black Soil
31.73995497,70.25807222,83.58568562,20.64414315,14.25803981,6.422652375,90.65784453,chickpea,Sandy Soil
9.594093175,22.4131294,37.51512964,19.38692918,87.13582967,7.031791803,104.4973239,pomegranate,Loamy Soil
90.20900117,87.90823293,58.33553835,27.95723,84.84928971,5.612338157,97.38910551,banana,Clay Soil
106.0932905,69.32831222,55.51135646,25.79156125,78.56340414,5.758425942,117.882879,banana,Laterite Soil
30.94011066,119.3947391,200.6451197,23.0460104,91.07883012,5.741293031,110.972374,apple,Loamy Soil
24.42537005,79.91065116,21.10199144,19.28619449,25.17336614,5.582575339,105.6349163,kidneybeans,Red Soil
44.29396244,55.5364292,47.11873521,39.12303064,90.6962903,6.536731826,65.41428926,papaya,Clay Soil
66.82043279,69.31706075,48.62405588,35.38475872,92.80808909,6.770361484,149.5243975,papaya,Red Soil
80.91494836,16.51298227,29.6697667,24.02681249,58.53277183,7.315723281,133.2598553,coffee,Sandy Soil
30,143,199,23.76881552,90.59810302,5.7983508,102.2648546,apple,Red Soil
50,56,76,20.99502153,19.8601304,7.966605025,73.50734019,chickpea,Black Soil
113.7821846,85.47994084,43.99550091,28.25026506,76.19322452,6.003866136,107.728428,banana,Sandy Soil
37.47994569,139.2688032,204.8421309,24.78319174,81.57246546,6.339695714,73.93369141,grapes,Loamy Soil
31.23738451,57.69605213,23.32921359,35.30571824,69.29019252,5.299720282,106.903059,pigeonpeas,Clay Soil
109.6577857,28.39282729,31.16494585,23.59895215,55.36596577,6.061123894,189.0873961,coffee,Black Soil
31.19614348,13.16933225,29.21528342,25.22762488,92.6797169,6.244336843,138.7692263,coconut,Peaty Soil
25.18023633,29.24652988,33.78256011,28.87308128,95.00866113,6.194264931,145.6621588,coconut,Loamy Soil
10.57770992,44.51422589,24.10114611,27.55262525,88.31326541,6.433984897,54.14085353,mungbean,Red Soil
4.828360988,44.95252795,18.42264555,29.18728116,60.13598617,8.837231306,71.09365789,mothbeans,Peaty Soil
10,56,18,27.99627907,68.6428593,7.32710972,46.10585191,lentil,Loamy Soil
80,18,51,28.05380704,91.81758779,6.706053225,20.76582087,muskmelon,Clay Soil
84.26237416,52.93893586,36.90651056,24.9058563,72.78953601,6.578000622,154.7009679,jute,Sandy Soil
14,23,25,26.18552389,96.96637916,5.612122797,135.4186222,coconut,Clay Soil
99.56783983,13.47617393,47.86766222,29.48594752,91.82374997,6.362898965,25.39843042,muskmelon,Allvial Soil
87.15486906,23.53381491,44.92431498,27.34406796,89.44238186,6.373088605,22.96344906,muskmelon,Sandy Soil
11,71,17,19.9191786,21.47324158,5.74644777,82.68554379,kidneybeans,Sandy Soil
22,138,195,27.83487131,83.51444973,6.208196881,73.02882766,grapes,Peaty Soil
28.67063128,74.13801854,81.65453705,18.1301578,17.29740737,8.789430112,84.37552524,chickpea,Allvial Soil
37.92925682,63.59441164,51.41532298,35.25669682,92.18114977,6.577165555,234.7558193,papaya,Peaty Soil
20.82027663,43.86752517,17.95068564,30.08489496,54.31374601,4.60887699,46.71056287,mothbeans,Sandy Soil
13.65752078,139.5621494,197.454669,21.57530737,92.56165859,6.026528206,123.8217438,apple,Clay Soil
12.8008045,59.32066946,25.56599615,16.90181683,20.23165456,5.680146217,127.3662855,kidneybeans,Sandy Soil
2.833681894,25.57939731,36.94831589,24.70496695,90.69046434,5.920253124,112.2945466,pomegranate,Sandy Soil
108.9644147,72.33726744,48.38608426,25.29603607,85.28382419,6.117638237,94.2288042,banana,Laterite Soil
101.3839641,17.75783498,53.69202674,24.54323355,86.9815624,6.440842645,44.56145116,watermelon,Allvial Soil
9.76219234,71.0415897,19.78907896,25.0289847,69.62216067,7.258312806,39.38353846,lentil,Black Soil
34,16,25,30.07202564,50.96040505,6.10729559,92.09609766,mango,Allvial Soil
123.7727035,50.44666945,18.3173721,23.11444602,74.69054024,6.49965375,73.38866385,cotton,Black Soil
6.220128775,45.24898957,23.5529605,25.29904281,45.27477866,9.903605611,76.57582503,mothbeans,Laterite Soil
22.29323081,126.8373069,194.8934778,22.56623508,90.14572909,5.504828636,109.1978998,apple,Sandy Soil
8.843881917,59.39582181,24.80026804,31.78141135,58.50499658,6.297945112,63.18690617,mothbeans,Loamy Soil
24.25269341,70.95020765,24.74331706,28.37728529,59.88531513,7.186164207,76.14134319,blackgram,Allvial Soil
5.91560815,137.5101432,195.9011673,25.38550532,80.64447027,6.284026385,71.56086442,grapes,Laterite Soil
16.74035141,77.59976049,16.34647082,25.15512099,66.02564032,7.415423466,46.68982033,lentil,Sandy Soil
42,62,75,18.17912258,18.90426935,7.010570541,81.84997529,chickpea,Black Soil
70.03604374,34.71605247,25.73213683,22.50315053,59.48366774,5.807169068,66.36749746,maize,Black Soil
64.40659797,51.27469051,53.57530884,28.45211707,93.38720193,6.766489966,118.9764734,papaya,Sandy Soil
80.5153788,16.76209006,44.84544296,26.90201551,87.00665706,6.725294171,59.63284523,watermelon,Laterite Soil
52.86006816,54.39853463,54.50763991,33.24999439,91.30690542,6.688776396,237.0460085,papaya,Red Soil
44,77,21,32.63918668,61.3009051,7.326980454,61.83876146,blackgram,Laterite Soil
60.17616843,54.55275665,42.42726141,23.04523228,81.48171345,7.848635774,263.3823476,rice,Clay Soil
39,60,21,34.89814946,63.59948557,6.97297656,64.72797143,blackgram,Laterite Soil
63.10136736,42.2496275,13.37287057,19.21432823,66.71642245,6.833008011,74.95354795,maize,Loamy Soil
63,42,21,23.26237612,72.33125523,5.798423908,67.10225139,maize,Clay Soil
113.0458063,95.24985942,53.61463951,26.45031559,78.45832551,6.175319894,116.1825819,banana,Sandy Soil
17.06330566,73.33232848,18.58133472,25.98086433,70.80188636,7.359473533,37.83371521,lentil,Allvial Soil
26,24,34,31.27180992,52.23810152,6.811291098,89.74409017,mango,Laterite Soil
13.41629682,129.5966762,204.1206725,22.93002431,94.95148452,6.276319411,117.0776557,apple,Laterite Soil
117.2873245,32.25155122,32.4474059,24.16447621,67.442005,6.334693668,170.8599055,coffee,Loamy Soil
32,11,31,25.06871967,93.31410447,6.205931638,134.8419069,coconut,Peaty Soil
5.809852306,62.59243067,23.0315325,27.8071161,66.01777734,4.691728673,145.4153152,pigeonpeas,Black Soil
5.538566036,41.96724224,21.34466675,27.75509102,85.58144801,6.683803865,39.83669794,mungbean,Red Soil
17.80101466,14.45355717,8.803182981,27.76268447,89.53985174,6.53443546,118.4128069,orange,Black Soil
8.817336798,79.59800897,23.20513445,19.48324572,19.98990672,5.79402049,98.87577953,kidneybeans,Red Soil
52.88006399,71.95129033,76.19352503,17.30426091,18.3475609,7.820752446,94.13527327,chickpea,Black Soil
83,58,23,19.74213321,59.66263104,6.381201909,65.50861389,maize,Laterite Soil
38.60523472,7.111064802,35.11901757,19.94802968,86.95496586,5.809512196,108.5388945,pomegranate,Black Soil
4.54890912,29.8858683,39.52545146,22.38808552,90.61789471,6.338146528,108.1073546,pomegranate,Red Soil
22.00982899,18.74063239,31.30671155,30.76236475,48.43320351,5.952013522,88.80362484,mango,Sandy Soil
110,71,54,28.67208915,82.20793613,5.725418961,94.37987496,banana,Allvial Soil
23,35,18,26.4908332,47.36534833,5.414492777,36.99362831,mothbeans,Sandy Soil
34.10646279,10.96902593,9.793844131,31.75792106,93.76093103,7.365613482,114.0780646,orange,Allvial Soil
24.61904531,43.25355474,23.17576576,28.28759027,82.06915163,6.423073647,41.90588926,mungbean,Sandy Soil
100.9313701,86.45566455,53.16636803,29.10109732,76.46158347,6.380585826,97.65622032,banana,Red Soil
139.9918972,40.10858817,14.61942218,22.77062689,76.0122127,5.98540218,76.52201889,cotton,Laterite Soil
81.21099734,36.10139883,45.89091033,26.89255321,78.55374391,6.218984482,169.3354748,jute,Clay Soil
31.01102601,58.12077843,15.2725174,28.30768813,59.86202017,6.176406296,45.92104839,lentil,Laterite Soil
6.315780361,38.8630252,16.45782485,27.92937609,79.93559356,6.785197982,38.24620406,mungbean,Allvial Soil
0,26.69622691,30.72808558,25.11865732,94.85149744,5.558698677,192.3858433,coconut,Clay Soil
37.01385924,30.0350723,31.22585252,27.59199055,53.43920327,6.772471775,100.2461894,mango,Black Soil
20.14394027,139.1388032,201.1407829,23.70273297,91.56264367,5.639344143,106.8765455,apple,Peaty Soil
36.72939588,5.332186656,14.44179054,26.1793697,91.17415156,7.531310765,102.7045021,orange,Allvial Soil
0.750285209,35.26791171,36.67907762,30.48587169,48.26332831,6.293910299,92.77841932,mango,Clay Soil
114.8057581,27.97074204,49.79334497,29.39869836,90.61113649,6.046158286,28.42561816,muskmelon,Peaty Soil
25.83788275,73.75659225,78.30891412,19.01286445,16.30747017,7.358899171,83.86469537,chickpea,Black Soil
89.71813499,56.93209844,34.3954737,24.06240453,90.21420465,7.124920722,172.5578613,jute,Allvial Soil
19.82961402,20.04099322,23.61390503,31.8202542,52.75941549,5.418385081,87.13899957,mango,Clay Soil
99,54,37,21.14347496,80.33502926,5.594819626,198.6730942,rice,Clay Soil
14.55649539,72.44699969,19.83595572,18.15741546,33.81355875,4.654858989,163.3447059,pigeonpeas,Sandy Soil
19,53,22,27.8640132,80.4513142,6.852884643,42.83053902,mungbean,Black Soil
14,18,30,29.80747243,52.13797867,5.191265116,95.74606104,mango,Laterite Soil
25.68479055,29.20069931,5,32.62430731,91.25519441,7.620740632,113.6861285,orange,Peaty Soil
105.5923943,72.74131467,44.68046161,28.20927176,82.57320581,5.824235956,89.47777737,banana,Clay Soil
77.09454476,46.78272826,42.05633885,20.35834678,83.78360929,5.695606311,265.1939765,rice,Black Soil
36,24,41,24.94467632,94.25702672,7.009180374,103.8799347,pomegranate,Allvial Soil
37.57223652,42.03060846,20.61013375,29.44829079,61.78041295,8.055924222,39.78889926,mothbeans,Laterite Soil
6.430634267,24.7479878,39.35352417,18.71679829,87.02924771,6.761011408,104.0767519,pomegranate,Laterite Soil
20.53852944,28.73832906,11.29450158,22.22454302,93.02622848,6.417291241,119.3017632,orange,Clay Soil
45.2073807,60.86792695,54.0506657,34.23181535,89.51405919,6.851649645,98.74221691,papaya,Peaty Soil
28,45,23,29.65021184,80.29868321,6.489259136,56.76278363,mungbean,Laterite Soil
19,7,9,27.255435,91.71369387,6.969883483,101.139435,orange,Allvial Soil
86,26,27,27.13140403,52.89368299,6.081172981,192.4280381,coffee,Laterite Soil
44,55,25,29.6321052,65.91359954,7.42160832,71.16331975,blackgram,Red Soil
33.70715098,66.38725326,46.21814033,41.55524011,89.73768738,6.648196821,200.1412598,papaya,Red Soil
88.83024621,39.44062854,37.10526287,23.42790711,75.24301488,6.334987971,202.1907608,jute,Sandy Soil
113,85,45,27.94972463,76.63713353,6.037430836,109.0921631,banana,Sandy Soil
26.38009179,136.6272266,205,33.72630592,81.83514975,5.670546725,73.44078939,grapes,Laterite Soil
28.37540709,23.80303512,29.82211947,29.92534437,50.24247476,5.637974523,93.41202498,mango,Loamy Soil
11.80119934,16.93991024,36.7035638,27.71398028,99.98187601,6.391623981,179.6666428,coconut,Sandy Soil
17.83408695,42.24701792,22.85476047,29.87543171,47.16841287,5.46928257,41.03603525,mothbeans,Red Soil
76.61951355,54.02413881,44.87816847,24.05104768,77.47670764,6.132855019,184.6575031,jute,Black Soil
89.64215101,52.24276952,43.24047429,24.92812636,72.16576873,7.313392865,149.4192252,jute,Clay Soil
44.66235274,46.70646018,55.72239854,38.52698983,92.52944365,6.72663699,121.1753529,papaya,Laterite Soil
22,28,26,27.67256197,45.41692012,4.947683034,92.84991507,mango,Black Soil
32.8126812,67.92266954,51.79880237,27.27481027,95.23400274,6.677980243,39.75084623,papaya,Red Soil
90.96365675,40.86756821,29.8765258,23.25197991,55.09016567,6.047433626,172.90361,coffee,Sandy Soil
114.4955274,21.15979625,57.4515655,25.65124484,87.24199685,6.474640492,54.77736414,watermelon,Peaty Soil
30.49786586,133.9512844,203.687922,22.91175003,89.72036773,6.088075619,106.2172239,apple,Allvial Soil
25.01484283,49.84258854,18.04132469,27.4186161,53.27082763,9.471920241,51.06919718,mothbeans,Clay Soil
82.13460058,70.92354595,44.88009261,27.50531441,80.57102228,6.156294614,104.6843684,banana,Peaty Soil
21,74,15,29.49096726,67.10604388,6.471862118,153.2504506,pigeonpeas,Laterite Soil
95,12,46,26.21667586,81.01009354,6.32281728,54.65423596,watermelon,Black Soil
30.67422029,36.16246614,21.22737872,27.55296956,86.29410811,6.689167923,38.53278798,mungbean,Peaty Soil
41.190994,74.69385315,82.08489462,19.15314537,14.25803981,7.536523401,68.31476843,chickpea,Laterite Soil
84.23773579,37.81957348,34.65190366,25.85501674,54.1707923,7.165002985,133.7937857,coffee,Laterite Soil
30.82956571,70.09618362,77.58241304,20.18393158,20.44557711,7.30513061,71.55622458,chickpea,Allvial Soil
17.25182789,16.65051277,13.83759963,16.38589871,91.9649082,6.618692033,101.119033,orange,Black Soil
59.63645614,64.0767644,17.79772443,31.82201164,60.05167307,6.561205371,66.45541384,blackgram,Allvial Soil
13.81272336,11.39194648,30.17460375,28.53958265,94.05763007,5.612597194,155.9523093,coconut,Clay Soil
6.352513878,60.61717909,20.64056126,20.63434482,19.48322322,5.820644894,119.1374705,kidneybeans,Allvial Soil
102,71,48,28.65456263,79.28693687,5.695267822,102.4633775,banana,Allvial Soil
15.61418165,55.27472916,19.96251992,28.24438695,45.3913113,3.799297674,63.7326509,mothbeans,Allvial Soil
21.79362483,59.67591743,24.99402642,27.52588066,89.08975596,6.329330303,53.92431334,mungbean,Loamy Soil
32.24277924,57.37479085,15.07627479,27.25161111,85.45796815,7.120049108,50.31148139,mungbean,Allvial Soil
80.16097378,59.16882242,16.93562456,20.34088464,63.95956624,6.666257542,109.4511294,maize,Laterite Soil
111.00127,77.53283387,51.25193973,26.02437567,78.91048113,5.948785371,98.04879356,banana,Loamy Soil
9.281583017,28.47841639,32.25869475,27.69651862,47.62183308,6.375391895,91.11369497,mango,Allvial Soil
28.42948067,36.78158883,20.29248365,27.1840837,86.36161402,6.728595712,35.67525256,mungbean,Peaty Soil
34.98796865,59.40625967,20.47200053,17.92000241,17.90671157,5.642527017,100.5892349,kidneybeans,Black Soil
27.84846411,77.02340482,74.32444107,17.56145821,15.44171975,7.236798113,68.46695182,chickpea,Clay Soil
65.92675499,55.77226905,42.85263281,26.25856912,76.85324158,7.303373183,181.8690339,jute,Black Soil
92.09816024,40.63881083,17.02600066,25.65868238,65.66038417,6.048378564,104.2346692,maize,Clay Soil
29.43606207,75.4518568,25.29241942,30.39929457,42.9790697,6.437733069,147.0741778,pigeonpeas,Loamy Soil
14.62546335,8.625343472,44.13183584,22.01208407,94.85190832,7.04101369,110.7366958,pomegranate,Allvial Soil
39.69508954,12.13561864,42.81433603,24.35181842,85.81273213,6.28188679,112.2844984,pomegranate,Sandy Soil
117,25,53,29.11858526,92.12543021,6.413927319,24.52020164,muskmelon,Allvial Soil
6.311793027,68.35065456,19.44087835,24.59221237,61.74500512,6.701596532,50.21979036,lentil,Laterite Soil
104.5853896,17.89188227,53.68830621,25.16562911,79.55476951,6.203883169,45.91239927,watermelon,Peaty Soil
103.5333967,30.8062652,25.61625459,26.97989612,69.87673506,6.854293308,158.5649492,coffee,Loamy Soil
1,6,35,27.02269204,95.71935435,6.231662767,147.1682459,coconut,Peaty Soil
7.950009448,57.9620353,19.04059132,29.63717014,36.30739982,6.225985486,188.1276646,pigeonpeas,Allvial Soil
27,74,20,24.69487673,59.96669215,5.859813416,91.95792434,pigeonpeas,Black Soil
22.73876629,28.33427584,24.03213332,27.59165894,45.17983219,4.951002604,92.206164,mango,Black Soil
1.332133164,29.99094533,8.304304984,12.26789679,91.74473048,7.30644135,104.0554726,orange,Black Soil
39.26627146,17.06004661,46.04880047,17.9534282,91.72246109,6.928333046,105.82816,pomegranate,Red Soil
18.91930935,37.61538538,24.94123807,31.44175805,48.5780432,4.521623954,95.29517448,mango,Red Soil
107.2304912,89.82349702,51.74098534,29.84880139,83.26445245,6.0432612,110.9702927,banana,Sandy Soil
24,37,21,30.573999,58.22686794,5.818219385,62.74803826,mothbeans,Peaty Soil
94.25651739,44.00748648,38.27920793,23.53297626,86.66289144,7.008035921,148.7922446,jute,Laterite Soil
52,71,16,27.74274761,68.53997144,7.075886472,71.78615328,blackgram,Clay Soil
60.01686532,55.88463024,19.12907811,31.69905351,63.10125646,7.31642209,70.88736456,blackgram,Sandy Soil
19.72486632,76.45374819,23.35199741,35.13485501,37.66106614,5.236693758,145.0626648,pigeonpeas,Loamy Soil
26,80,83,17.08498521,16.14565756,7.528599957,71.31007253,chickpea,Sandy Soil
1.854368224,68.02345667,21.63191851,28.5997258,62.0531028,7.299254535,43.64544289,lentil,Sandy Soil
115,48,16,25.54359718,84.09229796,7.175934962,88.94245493,cotton,Peaty Soil
27,56,22,19.91853092,20.70099804,5.833010958,108.6434544,kidneybeans,Black Soil
87.5333535,53.68530135,44.70293021,24.80499946,70.85183234,7.3135982,151.1925081,jute,Clay Soil
81.80617363,77.59370653,50.08141629,25.14793819,85.52420867,5.714695367,111.8992031,banana,Loamy Soil
49.42536843,58.3216386,47.53666003,40.6231059,92.0514505,6.759491002,211.1511579,papaya,Sandy Soil
10.2002674,70.49645027,17.88413,24.28588593,21.82624887,5.810286626,64.96208625,kidneybeans,Red Soil
96.17653223,38.20454219,21.76882637,19.9634436,61.33460098,5.707544741,99.90094934,maize,Red Soil
102.1730428,20.54965122,48.37114571,24.84182098,83.52447117,6.21862601,58.99153882,watermelon,Allvial Soil
39.31706203,5.26267247,34.98107739,25.55698443,97.1142918,5.985817454,143.1313546,coconut,Loamy Soil
38.6136062,19.94106896,36.88630057,20.17939559,89.77360754,5.858679321,112.0943212,pomegranate,Peaty Soil
11.12096351,59.81158498,14.4890704,21.18873749,22.1814259,5.74460386,147.856713,kidneybeans,Peaty Soil
85.55300642,34.23884402,30.87662957,26.36445301,52.92445696,6.826285395,132.5283975,coffee,Sandy Soil
61.99837026,45.41654177,17.78535939,25.97358878,71.67676209,6.936397304,103.3305038,maize,Loamy Soil
92.9914723,5.929100898,48.12499487,26.27615972,88.57379533,6.909608934,57.12116276,watermelon,Clay Soil
85.68330314,35.97234429,28.32644056,26.91492863,56.73800422,6.127447722,141.3640752,coffee,Laterite Soil
60.27173552,45.05122908,21.93346684,24.50637682,69.95471365,5.72334868,76.46557907,maize,Loamy Soil
109.4142739,36.21279676,24.23515002,24.03999078,60.68852836,6.981150968,159.3448592,coffee,Sandy Soil
116,56,17,24.71252544,77.7293114,7.979090365,85.24963302,cotton,Peaty Soil
25.16808862,76.06652189,83.95662478,19.14638431,14.50180607,6.284229101,88.81934821,chickpea,Peaty Soil
2,131,199,22.47420512,91.22759742,6.017370134,124.2179699,apple,Clay Soil
112.4274077,40.88896745,17.57799882,23.48151113,77.9227427,6.073580266,80.7029962,cotton,Allvial Soil
18.40522085,22.41240978,12.32060975,20.41755033,93.98176,7.155852151,112.3055613,orange,Black Soil
49.47645297,61.7745752,44.38667774,25.24694209,91.73182361,6.810119333,175.4489995,papaya,Laterite Soil
21.01513036,74.28151878,16.49050761,24.89176155,64.76164338,7.193488202,49.65828758,lentil,Red Soil
24.72070259,65.13618486,17.79283723,33.04954734,32.68957823,4.819357295,105.2360479,pigeonpeas,Red Soil
60.79558474,54.48800554,41.95241101,23.17178085,82.0549162,7.826372841,263.55447,rice,Clay Soil
29.99937501,55.78252295,24.45730764,22.67902029,21.12146246,5.839150385,109.4073038,kidneybeans,Laterite Soil
37,18,12,10.2708877,90.19147747,7.401121811,106.6955204,orange,Loamy Soil
114.8151906,85.21124307,55.64378217,25.26366285,84.33488491,5.689646966,116.4509954,banana,Red Soil
119,44,15,22.14593688,82.8597549,7.091992365,60.65381719,cotton,Sandy Soil
6,18,37,19.65690085,89.93701023,5.937649578,108.0458926,pomegranate,Loamy Soil
85.47865201,36.03747735,38.698215,24.45563005,81.84643791,6.38689627,223.3164333,rice,Black Soil
30.95941546,13.83327354,42.21353049,23.41540925,92.45133982,5.757607657,106.0848517,pomegranate,Laterite Soil
22.23364372,36.17787932,19.81665075,30.77782975,57.09649249,5.842557509,62.73010907,mothbeans,Peaty Soil
90.43797837,16.82128546,44.6085663,24.65017008,80.89656915,6.290807821,52.82366401,watermelon,Peaty Soil
83.29961347,40.86392793,34.49114917,23.33456724,52.31495083,6.978176141,113.0549652,coffee,Allvial Soil
48,65,78,17.43732714,14.33847406,7.861128148,73.0926704,chickpea,Black Soil
42.17943237,67.53876889,74.9235857,18.98745927,16.31309567,7.130425509,78.95347731,chickpea,Red Soil
91,36,45,24.44345477,82.45432595,5.950647577,267.9761948,rice,Allvial Soil
8.682601881,76.71115242,17.44588486,18.45998065,67.71987693,7.737181087,37.46370863,lentil,Sandy Soil
6.372103382,51.55632353,20.11192845,28.56987879,88.91286764,6.243064306,53.44752144,mungbean,Sandy Soil
116.8385237,79.248651,54.8508903,26.48092699,83.503836,5.966883307,93.6500396,banana,Red Soil
97,50,41,24.52922681,80.54498576,7.070959995,260.2634026,rice,Red Soil
30.32629063,20.30145373,32.72605868,26.5904952,99.23170157,5.585603093,142.3061534,coconut,Laterite Soil
39.38088451,64.6424718,50.00128467,28.92559894,95.32483997,6.667535862,65.81496814,papaya,Loamy Soil
0.209085522,12.72304059,29.95839392,27.82517326,95.44560756,5.557018165,133.8495149,coconut,Peaty Soil
36.14538623,139.8856311,201.2524913,21.18474576,91.2255568,5.651478691,103.3889312,apple,Red Soil
15.77723766,64.09224276,17.50486532,27.43993778,70.10304602,7.053527436,41.85069863,lentil,Allvial Soil
78.77533505,52.24521661,38.23830292,26.65170072,76.52140684,7.174823763,200.9397908,jute,Allvial Soil
25.65739058,130.150831,194.1808056,22.45147551,90.47209694,5.54974183,111.7174484,apple,Sandy Soil
114.4140793,11.06090395,51.89481336,27.51114276,95.48371054,6.689790624,21.03004488,muskmelon,Laterite Soil
37.7195077,39.51021326,16.48244007,26.17528201,61.39842011,6.298474353,33.69255094,mothbeans,Laterite Soil
21.86802963,63.86092799,20.95128324,33.52097331,62.13250329,6.839091364,67.92477874,blackgram,Sandy Soil
9.479175349,47.63533865,19.7570138,29.67211308,84.88952358,6.383108079,54.23522257,mungbean,Allvial Soil
57,56,78,17.34150229,18.75626255,8.861479668,67.9545435,chickpea,Peaty Soil
30.06482438,77.41255566,12.95512572,23.70190885,66.58103926,7.776896819,40.61422492,lentil,Red Soil
91.11107058,45.85613973,40.48703776,23.92888958,81.25869446,7.49667999,249.8618185,rice,Red Soil
26.74271877,14.46184063,7.34570343,17.34660194,94.68522776,6.947859046,111.7743157,orange,Laterite Soil
99.26544402,41.92104196,33.45954625,24.65079796,83.01966427,6.707910219,185.8398348,rice,Allvial Soil
7.039089464,29.1050705,36.22398653,24.02451255,86.2425261,6.089886227,111.9070719,pomegranate,Peaty Soil
55.50201238,50.68895854,51.97201935,33.10668043,92.18530716,6.795443406,88.01034176,papaya,Loamy Soil
4,59,25,27.68515114,81.94268594,6.227134139,54.62243308,mungbean,Black Soil
97,22,50,26.26028739,86.14585891,6.7698938,58.97878791,watermelon,Clay Soil
23.76396479,71.5655894,22.7839669,28.39135272,63.79288832,7.171946772,73.96125711,blackgram,Allvial Soil
83.3841902,26.13956962,27.15193917,23.59704112,52.25396948,7.187024721,165.6890434,coffee,Black Soil
27.99211372,43.35114302,18.03620814,29.8196748,62.38067917,8.59917062,30.62258296,mothbeans,Allvial Soil
28.06866364,137.0175978,197.6136112,22.08793737,93.21987782,5.844695718,117.8325047,apple,Peaty Soil
73.96224441,49.42579039,17.45253746,21.68786943,71.6891475,5.903459791,101.5121846,maize,Peaty Soil
100.3784295,11.19218542,52.75990794,24.62637489,85.2176044,6.230818287,41.14982217,watermelon,Peaty Soil
6,37,17,28.08657178,80.35005927,6.760694228,38.14476781,mungbean,Allvial Soil
36,61,21,34.53823889,39.04468913,5.617008201,168.5948318,pigeonpeas,Clay Soil
3.069003381,44.74897998,13.44017227,29.76082865,86.6002108,6.411645951,58.7592291,mungbean,Red Soil
81.37724571,39.18955316,44.25161891,25.64565401,79.59281111,6.383328545,177.9825311,jute,Clay Soil
63.96540258,59.9307032,24.82202911,25.18472281,72.42837738,6.617266795,109.3481723,maize,Clay Soil
32.77300124,24.73211133,37.42771381,24.85111079,90.88021226,6.506752556,110.7892243,pomegranate,Allvial Soil
102,11,47,27.98780984,92.78226196,6.504906979,27.14509034,muskmelon,Allvial Soil
1.365821959,123.5702237,199.9837163,23.62432767,93.9764285,5.636723852,115.4942194,apple,Loamy Soil
3,69,23,28.67408774,63.18832976,7.299360767,42.96018627,lentil,Sandy Soil
31,13,33,29.69952329,95.21224392,6.342463714,148.3003692,coconut,Clay Soil
25.75104306,66.28443045,26.2102306,20.0406333,22.18687561,5.630143391,106.2404548,kidneybeans,Allvial Soil
36.96630131,133.9028307,205,11.60497919,81.08911548,5.463181563,71.77734412,grapes,Peaty Soil
38.36442037,36.59502796,16.02784048,26.03658048,61.6217147,6.255288896,36.11070945,mothbeans,Laterite Soil
108,46,17,24.3017998,84.87668973,6.93221485,65.0247867,cotton,Sandy Soil
30.86947068,27.04620915,32.16900953,26.37810883,99.98187601,5.817887397,208.0453748,coconut,Laterite Soil
7.137366463,37.34643601,23.2900304,34.4969533,50.43079579,5.495490217,100.5784865,mango,Loamy Soil
15.97730075,19.53579365,25.33446165,28.41968542,91.18356955,5.567854713,144.8075892,coconut,Clay Soil
82.25307514,56.49175174,35.91904656,23.39010699,73.04434771,7.124881239,174.2570942,jute,Loamy Soil
17.849847,57.18116519,19.08071217,28.17024298,84.76741592,6.421002536,39.84848203,mungbean,Laterite Soil
6,9,12,31.08368929,90.14362642,7.028746406,109.6894658,orange,Sandy Soil
2,36,31,30.90225239,49.95955487,5.73171945,91.77522598,mango,Loamy Soil
88,5,47,25.86475496,86.67468041,6.662244646,41.16554802,watermelon,Peaty Soil
27.30723281,71.45976099,79.52224815,20.06939121,19.39495047,7.33188217,72.38040433,chickpea,Allvial Soil
119.2727579,29.76364091,28.19480157,26.32354831,65.20110689,6.485662255,165.0607268,coffee,Loamy Soil
37.82825813,9.753191801,31.74007609,29.15707278,95.46391424,6.164961562,222.2538771,coconut,Red Soil
35.8863311,29.70541942,33.53683863,27.43769029,53.40821195,6.830484887,99.20448255,mango,Black Soil
70,36,42,21.84106875,80.72886384,6.946209881,202.3838319,rice,Peaty Soil
13,57,25,28.30041493,86.20681554,6.86308576,50.47333854,mungbean,Clay Soil
26.79355685,62.78834869,21.99576933,15.68237147,20.88202549,5.552956473,95.74423473,kidneybeans,Clay Soil
39,9,15,25.35467646,91.81183218,7.992041984,116.7555937,orange,Loamy Soil
99,15,27,27.0424167,57.27927475,6.501157208,165.6872119,coffee,Black Soil
63.06160134,38.42414406,44.96704168,23.7631166,69.58811018,6.78439428,183.7555938,jute,Clay Soil
15.19916267,17.33847641,34.9116407,29.4794361,92.0379928,6.124874208,190.4281447,coconut,Peaty Soil
11.76625325,124.0226598,203.7530411,13.37713952,80.13256562,6.322233655,70.00210262,grapes,Laterite Soil
18.87186476,17.88923501,33.33679596,34.05905783,50.16806496,6.109932344,98.34197328,mango,Allvial Soil
68.54033699,46.70944809,39.23923756,25.43406578,76.4766511,6.100699213,185.4580665,jute,Sandy Soil
67,58,39,25.2827223,80.54372813,5.453592032,220.1156708,rice,Sandy Soil
27.84488959,40.94548599,24.94577962,27.84045486,89.51076541,7.042019601,51.9554806,mungbean,Laterite Soil
93,20,50,29.93061247,93.22980899,6.448792689,24.34814338,muskmelon,Laterite Soil
30.83007515,12.83776955,29.08928865,25.11457588,93.81309392,6.24708268,136.4078943,coconut,Peaty Soil
82.61621177,27.89755341,43.73756415,26.13093889,89.7653957,6.481351235,58.90797519,watermelon,Clay Soil
94.8787477,38.79112038,28.60059263,27.38446539,55.4589471,7.101733157,147.1718268,coffee,Clay Soil
25,59,19,29.06631494,83.6869203,6.626629798,43.95183726,mungbean,Sandy Soil
83.39493605,36.40182289,30.75902199,26.40846469,54.87982654,6.858889372,135.4595335,coffee,Sandy Soil
26,67,24,36.97794384,37.73992903,5.642813116,161.4812963,pigeonpeas,Clay Soil
18.53184985,64.65379162,18.29064249,36.782558,57.40759988,6.084360208,124.6555258,pigeonpeas,Laterite Soil
91.53452848,38.09255438,36.63317989,26.7172516,77.20032029,7.282300019,157.8165761,jute,Sandy Soil
14.34889848,44.28499778,19.18051499,26.44039402,54.94003952,8.033422248,34.74511811,mothbeans,Black Soil
22.84328784,140.6265389,205,12.05021235,83.61951275,5.918784772,69.88970793,grapes,Allvial Soil
25.21762571,142.0440163,201.0902639,22.48339011,91.86548463,5.740414999,101.9253967,apple,Laterite Soil
120,7,47,24.24782473,83.03687902,6.653867608,54.7657624,watermelon,Laterite Soil
93.46651566,17.23979938,56.36791257,25.54231299,88.08108426,6.637577326,39.40732568,watermelon,Red Soil
85.50414613,9.665333682,53.40723981,28.23151849,91.80038713,6.455952376,31.84943167,muskmelon,Sandy Soil
35,63,76,17.81564548,17.60756635,7.714153038,90.82097601,chickpea,Loamy Soil
22.62324797,63.14890743,19.11457709,25.06280947,68.47803491,6.567015416,42.41887655,lentil,Clay Soil
14.32926913,77.77741023,23.70101248,15.85075616,19.1675803,6.02028439,91.77297288,kidneybeans,Clay Soil
27,139,205,22.48403042,93.40819246,5.772179946,105.5473627,apple,Clay Soil
93.30723323,38.18104539,18.24576214,23.90288276,57.74583931,5.898545305,100.1751013,maize,Laterite Soil
88.73085121,58.32567721,22.95202426,18.95966787,72.94038321,6.15181348,83.5728957,maize,Red Soil
16,7,8,22.79196751,90.60901895,6.420457311,116.5084074,orange,Clay Soil
58.91719896,59.71041954,83.3131504,19.27839608,17.28068075,7.664753475,94.75851759,chickpea,Red Soil
14.53628988,18.44516268,32.32608513,29.94141241,51.92604492,5.163453101,96.46570587,mango,Laterite Soil
29.48578436,71.55470739,15.86336373,28.71362902,50.54814325,5.822090461,97.23769986,pigeonpeas,Sandy Soil
99.58279768,92.7578965,47.30261985,28.12441065,76.77686651,6.343714268,105.5027058,banana,Black Soil
39.49802483,13.91530234,30.48251121,27.33446398,92.06463755,5.567941339,192.5283565,coconut,Black Soil
12.24964509,26.57929411,31.15468439,28.19260887,95.53610651,5.644954429,154.3051184,coconut,Clay Soil
33.15134982,13.56218408,6.025342963,21.01306728,92.48860032,7.639247865,112.3576718,orange,Black Soil
35,138,200,21.19909519,90.80819418,5.67130617,103.6838922,apple,Red Soil
6.078927099,124.2907411,203.6492345,22.99312367,92.73587891,5.975206697,109.5674851,apple,Clay Soil
40.32633542,61.93978818,16.31967743,29.27960157,63.95339516,7.31534742,64.86624133,blackgram,Allvial Soil
21.96366414,78.02153303,74.56506389,17.92337599,18.22626072,8.627198993,72.24374686,chickpea,Allvial Soil
126,46,25,24.43847399,81.69801729,6.757457943,60.79645852,cotton,Red Soil
17,29,26,26.14162144,93.28415295,6.071897347,195.4115025,coconut,Red Soil
21.02692189,45.20495458,15.36303211,28.08555157,83.40005249,6.764599068,37.78460008,mungbean,Allvial Soil
14,74,19,18.39759147,36.82639309,6.624966131,93.12330644,pigeonpeas,Laterite Soil
37.3903612,128.3431704,204.9995774,25.16614542,81.46138169,5.697091256,65.99968662,grapes,Allvial Soil
90.84885263,37.43615919,45.38785584,24.53842399,81.19210924,5.919655025,264.5694073,rice,Allvial Soil
34.73452437,38.1880442,32.41961451,35.42331203,46.31480066,6.458518931,99.47679571,mango,Laterite Soil
15.31839477,28.81716217,39.8847533,19.7292748,90.57182267,6.615891885,110.8759596,pomegranate,Sandy Soil
82.97475744,33.22419713,24.31065792,25.91478526,52.93130102,6.908307414,190.5513286,coffee,Peaty Soil
59.49454578,78.80378223,17.31994322,27.13935698,65.17576151,7.100811645,64.31240334,blackgram,Peaty Soil
61.74441377,59.27693273,21.46024622,18.3033776,55.32123319,6.153689287,67.05423783,maize,Red Soil
84.40370839,48.72647414,44.41834988,25.28410601,81.11765229,5.982569523,182.1903559,rice,Peaty Soil
66.60166749,43.51343108,37.77619684,22.7902694,81.95570443,7.305772909,262.4953961,rice,Peaty Soil
45.08597461,76.83579206,75.59230634,18.28341488,18.60152596,6.980512691,86.80179621,chickpea,Laterite Soil
44,58,18,28.03644051,65.06601664,6.814410928,72.49507741,blackgram,Black Soil
60.65380626,60.43330463,40.32579773,24.20066078,74.32625149,7.156824972,196.9525101,jute,Sandy Soil
98.79986161,18.130941,32.62496437,27.50324814,55.65229521,6.235847587,134.4105588,coffee,Black Soil
89.79151264,40.88806295,38.67214047,25.80310999,81.14003663,6.630905924,191.6572797,jute,Allvial Soil
36.33506444,78.69152327,19.00198419,27.63143662,68.99689504,7.129401951,69.97201841,blackgram,Black Soil
22,80,20,23.00884744,18.86880997,5.669560726,100.118612,kidneybeans,Loamy Soil
45.27888892,46.11335842,44.32984299,38.74139885,95.4961978,6.579503002,218.3311148,papaya,Peaty Soil
1.527349971,139.2158446,199.682927,22.88541327,92.51138761,5.560494855,103.5285065,apple,Red Soil
41.06621371,74.27971249,81.86935611,19.13866541,14.25803981,7.552071877,67.09184175,chickpea,Laterite Soil
106,14,45,24.47018505,84.16390229,6.417011754,57.26773002,watermelon,Sandy Soil
82.36546399,20.67358872,42.82086143,26.31967833,85.93164349,6.551130537,55.21126833,watermelon,Sandy Soil
19.46981566,39.83053705,20.02449897,28.14958374,81.6883257,7.01338999,47.98818918,mungbean,Allvial Soil
59.79792233,56.40263326,52.60447239,41.75931396,92.00646946,6.827527145,168.0239042,papaya,Black Soil
9.839892492,77.94857935,19.79448804,20.37487586,24.44697471,5.787614071,107.3363664,kidneybeans,Loamy Soil
86.74806869,51.46954463,46.01153027,26.47276093,82.67662481,7.193385861,264.8525761,rice,Sandy Soil
49,61,45,32.76795887,94.57377401,6.764213299,240.4795923,papaya,Black Soil
36.81187153,126.4121001,198.1208025,37.60991278,81.06601124,6.183478423,67.74334181,grapes,Red Soil
17,64,18,36.75087487,58.25799145,6.07938452,124.6028153,pigeonpeas,Laterite Soil
12.70578367,21.20638203,33.55116091,29.70883944,92.70160031,6.126623788,195.8527324,coconut,Peaty Soil
14.32996696,66.77427864,22.69903657,23.76744082,25.4606097,5.582293356,84.25245178,kidneybeans,Sandy Soil
36.44749994,7.59705759,34.99412763,19.72431636,85.88781495,5.781740421,107.1581738,pomegranate,Black Soil
21.41596586,61.2587544,88.11027252,18.86969804,19.4035398,8.480746081,78.33985974,chickpea,Loamy Soil
79.49028352,36.40045523,38.21415401,23.91611139,86.04426189,6.290930604,149.6903048,jute,Peaty Soil
35.88356681,124.1827275,194.1397659,18.91174166,83.08581916,6.21418288,65.8143199,grapes,Clay Soil
20,69,15,23.44260668,22.77255917,5.934136378,107.4137246,kidneybeans,Laterite Soil
24,70,16,25.17885316,68.93307305,6.54803469,35.03484812,lentil,Allvial Soil
19.56409107,78.51606257,24.09698165,28.1250568,67.94942997,7.33921203,65.9820622,blackgram,Sandy Soil
12.04330957,75.19498653,21.51020517,30.54592956,34.84577506,5.408263117,161.1197172,pigeonpeas,Black Soil
95.22523028,29.29408319,50.8228872,29.53419774,90.21840478,6.647938323,26.52515074,muskmelon,Loamy Soil
95.96107876,51.94459065,39.78406877,26.30069748,84.24958225,5.515575787,285.0413417,rice,Laterite Soil
132.880872,51.42232283,18.63485913,24.2414463,77.049873,6.463314674,62.36862745,cotton,Clay Soil
21,137,196,23.6119202,91.70293849,5.812781806,123.5900822,apple,Loamy Soil
33.35153843,11.89275282,14.27231406,30.15263844,92.3007418,6.072966089,115.6888824,orange,Peaty Soil
75.53482086,52.33819536,16.57969495,24.60302409,66.13687958,5.729720029,74.3838048,maize,Peaty Soil
22,70,19,18.23775702,21.07643273,5.515615023,69.44951585,kidneybeans,Clay Soil
81,36,38,23.76554749,87.98329901,6.334837865,150.3166152,jute,Peaty Soil
27,80,24,28.42062847,61.77336343,7.815210661,49.02366803,lentil,Loamy Soil
32.56674997,9.377076226,34.96159116,22.586883,86.08413143,6.276099875,108.7817828,pomegranate,Clay Soil
106.0357863,79.43814375,52.84458538,27.12219029,81.95269352,5.876849733,109.7188239,banana,Allvial Soil
101,92,45,28.22776705,80.6430384,5.758054257,98.00403016,banana,Peaty Soil
28.64031814,66.87463486,16.93129066,21.8661856,64.74750194,6.241462379,47.01441515,lentil,Loamy Soil
91.78858076,82.62183692,43.4535255,29.35251414,82.95048786,5.762778428,107.5969022,banana,Peaty Soil
8.826249342,14.40706774,39.71386339,18.17052543,90.83728037,6.08164584,105.3112635,pomegranate,Red Soil
38.94173105,23.23583251,36.10222095,23.68643133,93.7064158,6.432185099,108.9732833,pomegranate,Laterite Soil
22.34266424,59.72611581,15.29323362,19.54566929,61.74624388,6.771813518,41.45487585,lentil,Laterite Soil
8.028403213,137.3213482,199.3313356,20.85162792,91.36428968,5.712594737,102.3557845,apple,Black Soil
39,37,25,33.33024826,45.61143594,6.953246506,98.28583013,mango,Sandy Soil
13.199725,128.5748524,205,22.93627096,92.56806413,6.361371127,107.93613,apple,Black Soil
99.1239971,51.2931684,14.82525377,18.16237669,70.70262964,5.55110896,89.17254073,maize,Allvial Soil
113,20,48,27.46583649,94.87679041,6.440584681,27.27899847,muskmelon,Clay Soil
38.5246011,55.18207451,15.79020253,33.1127844,38.32193098,5.868034707,196.2131653,pigeonpeas,Peaty Soil
96.22385816,60.17975049,43.08405048,26.08545261,84.80115894,6.298301649,270.6968115,rice,Clay Soil
31.34853751,55.36179853,51.87108966,29.39833955,92.69600443,6.54182846,61.35188262,papaya,Loamy Soil
85.73797868,35.79272151,32.73586876,26.17082019,54.30370267,6.884893592,136.2200831,coffee,Sandy Soil
86.79357773,43.11459935,43.48897672,23.69024778,86.3852741,6.727816325,178.691645,jute,Peaty Soil
8.554059106,48.89301456,16.93116404,26.95459074,49.90504924,5.478203524,49.4476961,mothbeans,Clay Soil
26.82369512,43.67662105,21.43908868,29.53991233,80.00434469,6.471806993,57.95154161,mungbean,Laterite Soil
27.43873695,30.21188879,30.99092963,29.14439572,91.72520374,5.736538458,147.9234001,coconut,Black Soil
18.16574049,132.2561073,200.2960238,29.20296665,82.29663377,5.670676647,68.59536682,grapes,Loamy Soil
9.351742698,59.4285443,21.4443831,29.89813076,67.86440098,7.543471362,42.87665431,lentil,Black Soil
60.48055753,56.7841086,25.0979015,18.55997364,61.6483951,6.130794225,76.82257112,maize,Laterite Soil
7.521427577,22.81954988,38.66871449,19.33768637,88.07871106,7.029507295,103.1405535,pomegranate,Loamy Soil
22.01827603,15.43778007,32.4785353,30.67348493,47.24857002,5.955558952,89.30806788,mango,Sandy Soil
7,126,203,16.76201707,82.00335557,5.662140095,73.28712806,grapes,Peaty Soil
0,133,200,23.67287749,90.4935574,5.708418722,104.2298028,apple,Clay Soil
105.7374235,76.02429967,52.3365265,29.26455713,76.85495696,5.823829659,99.63120279,banana,Allvial Soil
101,17,47,29.49401389,94.72981338,6.185053234,26.30820876,muskmelon,Red Soil
19.46127749,139.1395667,200.26072,23.81406492,92.89044181,5.626008938,107.8978215,apple,Peaty Soil
75.62896539,51.26339175,19.08173232,20.83641516,59.43217748,6.872976349,107.1747458,maize,Loamy Soil
7.921539925,144.9759582,192.9960157,23.098203,94.51359887,5.831340434,106.7215867,apple,Peaty Soil
83.36974036,17.79198322,47.65089459,26.87892219,88.1968737,6.433669979,56.07194706,watermelon,Laterite Soil
31,58,15,28.31886863,60.19461399,6.167855382,45.36521251,lentil,Laterite Soil
25.19926919,22.08608147,43.6363157,20.70101023,85.83605016,6.989192178,107.8811628,pomegranate,Clay Soil
65.25608544,63.82780737,50.8619365,31.6926107,90.2333991,6.484621672,206.1043024,papaya,Allvial Soil
0,123.4582412,201.5976342,22.05770267,93.35614526,5.838073994,120.9947221,apple,Red Soil
29.03660121,43.95574589,15.39127846,29.8155506,82.49477929,6.443084571,51.60737703,mungbean,Loamy Soil
14.54335075,16.64987216,44.28022862,21.17447501,92.20385048,7.168877614,105.5731398,pomegranate,Loamy Soil
88.94298839,37.95038907,47.07977527,24.49511697,83.77180266,5.926887739,267.5850097,rice,Allvial Soil
15.89601292,70.64592479,23.87718231,18.19473498,38.62646788,4.948488572,138.0947748,pigeonpeas,Black Soil
70.11856603,65.8263853,48.56435704,39.97033878,90.54130307,6.514070679,93.69355351,papaya,Clay Soil
69,60,54,36.32268069,93.06134398,6.98992719,141.1736926,papaya,Clay Soil
7,79,23,19.6365349,19.68751084,5.821649914,96.65888933,kidneybeans,Red Soil
27.90878102,68.76096073,21.07797197,17.94925427,25.28960734,6.005358999,70.03382464,kidneybeans,Black Soil
91.14833541,40.7100954,35.78722397,24.29094456,84.6081117,6.15375388,192.6848801,jute,Allvial Soil
39.06391656,43.25072245,22.18945297,27.91050908,86.03392141,6.370405658,55.22317969,mungbean,Laterite Soil
56.63203118,69.62180493,80.92624768,20.46948469,16.58713102,6.198616716,73.32983587,chickpea,Laterite Soil
25.37275905,52.75957558,17.90866967,28.03730611,63.17059836,8.61457006,69.21113185,mothbeans,Sandy Soil
9,59,25,30.39321309,60.16299493,7.699200949,35.37493212,mothbeans,Sandy Soil
27.3131178,76.71437802,81.93974626,20.69753885,14.25803981,6.653660201,83.32622033,chickpea,Laterite Soil
34.55988529,13.63527818,5.862940592,21.11164876,93.27191086,7.675006938,110.7487573,orange,Black Soil
119.7567541,60.54058311,13.54411752,22.62117814,84.86661352,7.294149598,65.40028152,cotton,Peaty Soil
88,54,44,25.7354293,83.88266234,6.149410611,233.1321372,rice,Clay Soil
60,49,44,20.77576147,84.49774397,6.244841491,240.0810647,rice,Sandy Soil
119.0714122,44.53903761,20.20953496,22.28699042,81.61521637,6.444560789,63.25374132,cotton,Red Soil
30.36286759,43.09549804,19.43787434,30.04041562,63.0381533,8.603569367,31.83693265,mothbeans,Allvial Soil
114,20,26,25.55656667,62.67087838,7.27905689,193.5866233,coffee,Clay Soil
22.33543073,123.2826191,205,32.9235625,83.96783422,5.899313424,68.44547581,grapes,Clay Soil
15.62515349,33.06103195,30.44621469,32.41793547,50.57373656,5.303539954,94.29942978,mango,Black Soil
12,80,19,21.91041045,65.21662467,5.962001484,36.10211371,lentil,Allvial Soil
28.96918839,56.15377949,18.02345641,29.10988162,86.7756989,6.396578203,53.94371726,mungbean,Laterite Soil
15.917592,56.52514869,14.75092188,30.43849447,59.332326,4.58026242,34.54276863,mothbeans,Peaty Soil
24.48659731,57.6432851,19.35360029,29.27471224,83.59959731,6.591866591,43.32612604,mungbean,Sandy Soil
128.4346577,42.42347,14.23732579,25.74291983,78.49794092,6.722103221,77.70454193,cotton,Allvial Soil
65.38395587,53.19832866,40.45841426,23.68100792,72.14807352,7.097134321,161.2098875,jute,Black Soil
105.6950196,46.597279,19.39731605,23.30275447,78.11123802,6.189830945,78.36087056,cotton,Clay Soil
130.5783039,46.48253825,20.05355579,24.30692732,81.19155497,6.237839367,96.4138067,cotton,Loamy Soil
24.76475428,71.71500505,16.22952393,28.77918161,56.71530459,6.345813975,117.9697951,pigeonpeas,Laterite Soil
105.7083295,24.56074734,29.00299223,24.5521804,62.21832467,6.458773323,149.3102811,coffee,Red Soil
96.66998575,35.1468269,29.67572928,24.83621963,53.37537185,6.334552544,166.3460232,coffee,Clay Soil
33,15,7,15.83388699,91.68293851,7.651225301,109.7571416,orange,Laterite Soil
39.37203799,55.9462901,14.11339744,29.66959179,88.23969565,6.987381028,44.10081931,mungbean,Sandy Soil
60,68,83,19.12065218,18.43475844,6.620900869,85.52950164,chickpea,Peaty Soil
49.09793438,47.3041239,45.23253697,24.81676716,90.80770754,6.684946254,217.1131094,papaya,Red Soil
10.4891723,36.16738343,31.99027013,30.99282832,45.97822824,4.528855623,92.09373379,mango,Loamy Soil
35,131,203,22.42776057,93.91722423,5.893490899,102.7230739,apple,Laterite Soil
28.13115288,76.90645121,83.5712838,20.66031686,14.43640438,6.657088825,84.92588322,chickpea,Laterite Soil
2.003851932,25.49404625,37.80113541,24.2902849,91.85012911,7.0731613,103.9595757,pomegranate,Loamy Soil
110.7873941,88.00373107,47.13019279,26.53883672,82.40259234,5.585531484,97.44304147,banana,Sandy Soil
62.5676637,48.88636487,53.53076527,28.44332746,93.78409034,6.727751219,114.9282557,papaya,Sandy Soil
101,31,26,26.70897548,69.71184111,6.861235184,158.8608887,coffee,Loamy Soil
17.98684578,23.48433053,13.88599255,20.60170727,92.84356985,7.133977683,109.2493165,orange,Black Soil
34.67381096,33.50782748,34.9813378,27.17771509,47.00965127,6.431869449,95.85206985,mango,Allvial Soil
4.255980347,68.08482875,18.49787183,18.61581314,59.86244696,4.937234207,137.7080667,pigeonpeas,Black Soil
25.79925506,68.48252316,18.65787354,29.42110899,65.30222317,7.114949387,66.42456523,blackgram,Black Soil
17,134,204,39.04071989,80.18393287,6.499604931,73.88467027,grapes,Allvial Soil
9,76,25,28.88302142,50.12323801,5.70951224,179.2155874,pigeonpeas,Loamy Soil
88.1231675,57.24910786,36.80325248,23.91607677,82.17128821,6.098376571,168.4443281,jute,Black Soil
68,62,50,33.20258348,92.76437927,6.977700268,197.5282582,papaya,Clay Soil
11,34,32,29.14305008,49.40983294,6.831706773,97.55155537,mango,Laterite Soil
48.64961896,54.35417535,51.90673376,38.45728591,93.18330496,6.528145134,78.33910013,papaya,Sandy Soil
30,70,79,20.26942271,19.96978871,7.313122235,69.64449182,chickpea,Allvial Soil
62,48,20,21.70181447,60.47470519,6.708446922,95.71388473,maize,Red Soil
59.48531238,75.76157249,22.33516899,25.09779894,61.058392,7.262811821,69.1484159,blackgram,Loamy Soil
46.43450583,61.49245787,22.70972377,30.16071792,62.32674516,6.63832335,66.61395428,blackgram,Loamy Soil
35.50442506,43.78450222,21.45589005,25.26812347,50.95984879,4.525789095,38.42850904,mothbeans,Loamy Soil
48.66966897,64.47827599,25.82048254,28.89710615,62.81052103,6.729853801,70.20866307,blackgram,Black Soil
24.09402151,17.25008341,25.04568859,28.94376239,47.55264574,4.779766262,96.73145772,mango,Loamy Soil
28.66949369,63.65585188,21.31188068,25.99597591,40.8829945,5.193097815,108.7680677,pigeonpeas,Allvial Soil
17,136,196,23.87192332,90.49939035,5.882155988,103.0548094,apple,Sandy Soil
48,62,47,25.34756111,93.02871078,6.803094965,174.4012337,papaya,Laterite Soil
14,69,19,20.95628486,63.68128841,7.239455147,52.39881209,lentil,Red Soil
6.766620525,43.5346525,22.4113744,28.24701563,88.22290767,6.480614145,42.40166004,mungbean,Red Soil
115.5246219,32.17019602,34.67164768,26.57602424,52.56760924,6.746213031,129.6909051,coffee,Laterite Soil
0,27,38,22.44581266,89.90147027,6.738016221,109.3905998,pomegranate,Black Soil
118.4181407,33.5546504,30.70126996,23.94619352,67.28016874,6.361070239,175.2470829,coffee,Loamy Soil
116.4140315,9.763676436,51.61521442,28.97148348,90.18277458,6.019428927,29.65080383,muskmelon,Red Soil
44.08071991,74.46759399,85.95290987,20.32749015,19.70783249,7.162531677,78.45076749,chickpea,Red Soil
25,143,200,23.80436344,92.80441624,6.024248787,100.6192543,apple,Red Soil
65,54,39,23.75091572,71.14782585,7.124571593,160.0889553,jute,Black Soil
7.414011536,143.6871836,194.7070597,23.72925054,94.84027693,6.127923156,112.3472981,apple,Loamy Soil
11.35472945,43.94531079,20.32560956,28.92485636,43.87399531,3.827673918,43.76827325,mothbeans,Peaty Soil
106.2751014,48.20965801,23.50746689,23.13749463,76.90054691,6.937345171,91.00393365,cotton,Sandy Soil
38.97063611,13.57457277,28.75365387,29.05571434,47.78351574,5.074918797,97.49213134,mango,Sandy Soil
59.77147426,54.63915945,76.78863606,20.38328621,16.75717012,8.785741317,85.73847764,chickpea,Allvial Soil
27.82315997,80.87493062,18.325564,19.43984698,19.04479648,5.805176633,145.2053552,kidneybeans,Black Soil
31.66742126,57.64540544,15.72720563,27.05345084,84.38734471,7.13147568,53.45736067,mungbean,Allvial Soil
17.3304344,51.20397451,22.23574756,26.75883149,48.41541934,3.51153351,45.39234006,mothbeans,Laterite Soil
24.07577044,54.92240356,15.60149976,28.73957212,89.78461572,6.261020248,49.11271096,mungbean,Clay Soil
2.819487229,48.06456702,24.60499671,29.45534578,84.6067996,6.20216758,57.5793505,mungbean,Allvial Soil
71.99813625,40.51747191,36.72176287,23.97906754,80.57519233,6.176571111,179.9447539,jute,Loamy Soil
20.93572154,45.80940495,24.07562361,29.82768459,88.5389017,6.913938651,56.83946336,mungbean,Sandy Soil
0,137.0960065,196.6387864,22.62124944,79.69521975,6.33949736,64.59834314,grapes,Red Soil
33.10755172,15.80693678,7.877676405,15.63861731,91.2424455,7.656106544,108.655305,orange,Laterite Soil
36.58945835,66.45368173,78.9665925,18.34908855,16.81922262,6.061385518,72.4278124,chickpea,Clay Soil
100,40,35,27.56441788,54.41094079,6.955787351,177.816092,coffee,Red Soil
39.94515885,74.45734051,81.85871598,19.44365347,14.25803981,7.586063279,65.58151351,chickpea,Laterite Soil
61.80288085,55.14643356,33.43172005,26.18079324,78.84930314,7.149562532,150.5633604,jute,Laterite Soil
5.793811822,128.1287039,200.8941679,25.90145462,82.90800075,5.841225999,70.61365072,grapes,Loamy Soil
80.10532054,29.867316,32.10592315,24.58039739,52.75450313,7.029457626,136.2158788,coffee,Allvial Soil
6.228709495,67.14416084,21.1214122,19.17459252,33.62776472,6.119283444,155.566227,pigeonpeas,Clay Soil
21,39,20,27.06179658,52.3003173,7.388007483,60.74583498,mothbeans,Laterite Soil
9.644840377,38.35952192,33.3299404,29.68429137,47.05689014,4.963802127,90.20435272,mango,Peaty Soil
31.78083926,76.67207219,74.88044364,18.96273422,14.62909064,8.216950997,88.23468611,chickpea,Clay Soil
87,25,46,27.42711692,90.02696201,6.379690748,21.7508774,muskmelon,Sandy Soil
5,35,20,28.92952635,53.57014709,9.679240873,66.35634104,mothbeans,Red Soil
20,28,26,26.37978453,91.49882979,5.547594847,167.0470997,coconut,Loamy Soil
20,68,17,30.11873003,60.11680815,6.578714843,71.72980375,blackgram,Red Soil
29.56107618,19.73329245,44.74672714,23.44870305,92.73966021,6.75222527,103.9245771,pomegranate,Peaty Soil
99.41961376,39.45567484,22.6859046,22.85778362,71.53003041,6.359650411,66.41494674,maize,Red Soil
32.90365511,39.38792597,23.13940282,27.15071115,86.9490435,6.727983366,37.04022089,mungbean,Peaty Soil
35.22544867,74.22453591,15.48424807,24.95726821,19.15198721,5.546210512,63.9589139,kidneybeans,Red Soil
109,29,28,23.26316991,60.5160021,6.724688503,194.1755471,coffee,Laterite Soil
26.35947397,12.85304315,5,13.10495463,91.45088034,7.306851027,113.7113306,orange,Clay Soil
119.7866816,7.424183162,53.29281109,26.20947652,83.20851332,6.00927908,44.28481563,watermelon,Black Soil
22,59,23,27.32220619,51.27868781,4.371745575,36.5037914,mothbeans,Loamy Soil
79.93410197,26.69266282,55.08254357,24.37255471,89.36175371,6.123815108,50.60298071,watermelon,Allvial Soil
96.19658508,39.80193897,30.21247897,27.47304521,55.95833732,7.106601088,147.1498748,coffee,Clay Soil
28,123,202,22.76643029,92.12438519,6.442289294,120.4359949,apple,Red Soil
8.206237795,44.97363403,18.7320706,27.90283373,84.67602946,6.990831563,43.18388654,mungbean,Laterite Soil
27,145,205,9.467960445,82.29335466,5.800242694,66.02765219,grapes,Red Soil
116.854049,76.75229865,49.50372606,25.28617494,81.29337952,6.156119694,111.9273598,banana,Sandy Soil
34,35,21,28.44524991,82.67639542,6.684381357,58.18713162,mungbean,Black Soil
9.305273253,75.92414607,25.14607112,28.78304176,49.70965207,5.739548905,181.980107,pigeonpeas,Loamy Soil
34.22402843,141.8929535,205,21.08334449,89.97438857,5.89289398,121.282585,apple,Allvial Soil
111,5,47,28.03306461,91.47355778,6.274452811,21.17924769,muskmelon,Black Soil
8,37,33,28.07802689,54.9640534,6.128167757,97.45373619,mango,Black Soil
0,27.97093305,31.83649084,28.04805056,98.040547,5.893925084,174.3335435,coconut,Allvial Soil
27,30,31,28.98545306,90.73966792,5.718120393,148.8398374,coconut,Black Soil
14.27947806,37.78415309,13.7112374,27.94029244,84.22753789,6.588429945,47.92249046,mungbean,Allvial Soil
65.29197383,45.28027753,43.56644611,25.7726992,82.22388222,5.522816799,209.757094,rice,Allvial Soil
32,43,22,31.99928579,54.1077461,5.270749441,71.6266696,mothbeans,Allvial Soil
88.60092244,14.95782266,52.50935849,26.94492312,91.42325065,6.458569836,21.81619013,muskmelon,Clay Soil
14,55,15,27.33580911,55.27755933,8.050304395,73.44775287,mothbeans,Clay Soil
115.4761024,13.26748197,56.28876281,27.4817954,94.38468797,6.655931124,23.83645491,muskmelon,Laterite Soil
24.00896849,19.22063621,6.77095128,26.38953616,93.5697717,6.244896476,118.7375106,orange,Laterite Soil
37.84219786,37.87800074,20.10109699,26.14871722,61.8808339,6.294523661,35.944215,mothbeans,Laterite Soil
82.5692932,75.38474602,54.80740772,27.23818129,79.23839385,6.287686293,92.8047042,banana,Clay Soil
56,50,52,33.08706051,92.25197542,6.770384816,88.1300769,papaya,Loamy Soil
34.79182353,77.23826496,78.80158708,20.80623363,16.84161018,7.994769549,63.37576882,chickpea,Loamy Soil
26.7293794,135.8749714,196.231177,22.83997291,91.97166786,6.227186523,117.9073213,apple,Allvial Soil
42,79,23,27.71678273,63.29103387,6.781841984,68.56507978,blackgram,Loamy Soil
34.43823032,135.4955989,199.4642406,21.56412354,79.78790663,6.382982216,68.44911685,grapes,Allvial Soil
16.16930737,69.71395457,19.53553441,24.82851144,39.57951225,5.602216308,121.7894253,pigeonpeas,Red Soil
0.934042328,72.53067287,16.72413178,26.62853818,61.01969999,7.837106223,51.86247252,lentil,Laterite Soil
33.18242767,30.32453397,35.49011159,31.53109426,48.84530517,6.844535658,91.92315214,mango,Red Soil
62.46086954,46.67826578,34.61015498,27.04514734,89.3474793,7.428529802,195.769999,jute,Loamy Soil
28,80,17,19.62207826,18.67170854,5.809419584,144.1567454,kidneybeans,Black Soil
20,68,23,25.54960633,63.95425534,7.707332484,63.1830529,blackgram,Clay Soil
96.26244439,10.92704782,46.70451292,25.0323557,88.67750705,6.744520759,58.76075402,watermelon,Red Soil
33,77,21,30.32992227,65.62971858,7.01285529,71.64631281,blackgram,Laterite Soil
116.0937496,76.22376264,48.69966649,25.37774777,77.50377654,6.144843503,96.67282824,banana,Red Soil
118.0649218,50.00116037,15.47231303,22.18103174,75.37631246,7.442692206,69.33278447,cotton,Loamy Soil
57.33401622,75.90870445,16.07803987,30.14911217,60.08175884,7.146106238,65.55595582,blackgram,Clay Soil
22.102186,61.26175565,25.91282904,18.74662024,19.76996782,5.616302989,103.7851206,kidneybeans,Peaty Soil
102.2981385,87.97340046,55.74097633,29.06703525,76.09299522,6.367897673,98.92233033,banana,Red Soil
87,38,29,25.20406808,57.88370456,6.652642579,156.1457255,coffee,Red Soil
24.81508215,50.58724212,23.37157516,29.95471936,49.59837597,4.949316479,53.12259609,mothbeans,Red Soil
26.43451748,66.72388268,21.17712917,37.18448441,37.6305094,5.649815667,162.6223544,pigeonpeas,Clay Soil
32,79,15,23.90910104,20.74619325,5.706198621,81.60211243,kidneybeans,Sandy Soil
28.49115883,67.28318227,23.98010733,18.10858116,65.78349929,6.282788199,52.62121109,lentil,Laterite Soil
6,125,204,27.92004934,82.93262435,5.733539807,69.92092839,grapes,Sandy Soil
140,38,15,24.1472953,75.88298598,6.021439523,69.91563467,cotton,Black Soil
16,51,21,31.01963639,49.9767522,3.532008668,32.81296548,mothbeans,Peaty Soil
104.7920722,22.08333072,52.21098713,29.87134551,91.37913225,6.317994043,21.4461647,muskmelon,Laterite Soil
4.359591429,48.15780077,17.54954907,31.05466682,62.30435916,3.525028168,65.3383318,mothbeans,Loamy Soil
18,5,11,20.87947369,90.93756231,6.251586885,102.4550786,orange,Sandy Soil
12.44259898,66.56525328,20.00448989,27.4669529,63.87960949,7.311187651,44.33658574,lentil,Laterite Soil
22,16,27,29.1797902,90.27214288,6.006784979,188.9252083,coconut,Loamy Soil
127,37,18,24.87663664,76.30050373,7.041065585,91.9223468,cotton,Black Soil
117.2383236,28.70159442,47.61245471,25.37946438,79.55319606,6.95844606,46.41919187,watermelon,Clay Soil
25.95332156,27.36726607,10.44866907,28.28052561,93.68484528,6.100790478,112.4669985,orange,Loamy Soil
37.65878132,26.33951199,27.83786358,30.12181454,51.10213718,6.822067595,94.391022,mango,Clay Soil
5,74,21,16.24469193,21.35793891,5.591704014,66.97053257,kidneybeans,Peaty Soil
127,53,24,22.21506982,76.17851932,6.127939628,70.40557612,cotton,Laterite Soil
78.65669935,16.0954857,48.71428999,25.29450148,81.78603601,6.968310579,49.81149139,watermelon,Red Soil
77.63100946,26.62693339,56.83707181,24.30422548,89.37271503,6.165389087,48.77058218,watermelon,Allvial Soil
1.112375516,63.37204771,17.02506403,24.54857967,61.35559455,6.902556368,52.20881843,lentil,Peaty Soil
44.60821667,65.40024581,77.60713983,19.17941578,15.2783164,7.969229873,73.80831082,chickpea,Red Soil
18.64894911,143.7922301,194.9202035,21.60485758,91.38958159,6.436167051,116.7854428,apple,Sandy Soil
23.85538301,58.03353014,26.29822161,27.69082885,59.79857535,6.985380563,36.98963817,mothbeans,Sandy Soil
120,25,50,28.05457761,94.81637388,6.327210469,21.84869328,muskmelon,Peaty Soil
33.08869311,32.39426191,33.41050752,31.41502283,50.4727109,5.411204352,92.08637345,mango,Black Soil
47.60092998,63.623745,50.73427496,25.41903432,92.74292999,6.83323505,176.8356483,papaya,Laterite Soil
53.31668285,66.8365169,52.40488476,35.78292419,93.31641008,6.621175929,139.3189414,papaya,Allvial Soil
37.49067697,55.04354948,15.59198535,31.02080118,44.92552183,7.374230253,69.88102198,mothbeans,Peaty Soil
45.95619719,78.78925009,78.30388797,17.52096876,14.25803981,6.618030969,65.31854102,chickpea,Allvial Soil
76.52714462,39.08376184,40.07354715,23.40932174,83.90210068,6.194525661,283.9624887,rice,Peaty Soil
15.03129339,27.75997608,32.61822545,28.81892703,98.95059527,6.231480379,223.4177083,coconut,Allvial Soil
79.30140771,13.85120011,28.29465769,23.2683334,67.76195922,6.755505086,166.0024194,coffee,Sandy Soil
7.064528975,17.41520098,9.727055092,9.956573687,92.18097982,6.494208797,107.838598,orange,Sandy Soil
106.9686424,50.81369503,24.44082813,24.79540156,77.92324493,6.010221723,80.31111141,cotton,Red Soil
61.69118255,38.59439963,43.31230587,23.49013178,83.60291289,6.674645681,184.9188279,jute,Laterite Soil
38.58098305,52.47365451,53.28009025,32.4592303,94.19235114,6.684995249,51.95299046,papaya,Black Soil
7.871512374,126.2468838,200.740184,25.80356008,82.529095,5.869303722,67.87321872,grapes,Loamy Soil
119,90,48,28.66725136,79.59242542,5.986442306,118.2583441,banana,Allvial Soil
31.38141082,143.4357497,203.0180794,22.3708471,92.12347581,5.801154514,119.4287777,apple,Sandy Soil
50.36051859,55.72170612,77.5499715,21.18812545,19.49098842,7.985890544,72.83509646,chickpea,Black Soil
21.2557278,121.9659015,205,32.60084135,83.8132517,5.90115668,67.27162277,grapes,Clay Soil
78,50,43,25.12417673,85.72530641,6.348441469,159.5718087,jute,Red Soil
31.04894122,144.0183254,201.4374488,10.87873883,81.77943889,5.89445763,72.48297942,grapes,Black Soil
28.41459052,79.31650948,22.43334679,28.27805712,61.19828747,7.833494679,47.18220878,lentil,Loamy Soil
9.756618659,22.41094709,43.92574426,18.57711641,89.61881648,7.171943365,109.0705717,pomegranate,Black Soil
111,39,22,22.60361557,80.3509046,6.135025006,88.57395505,cotton,Sandy Soil
16.4670556,29.26399361,30.61755105,26.97575608,92.72433227,6.416749903,226.9083437,coconut,Black Soil
84,38,43,26.57421679,73.81994896,7.26158085,159.3223075,jute,Red Soil
106,16,54,28.96017885,91.69532178,6.585872508,24.7458198,muskmelon,Red Soil
91.57428705,21.74494022,46.21199268,29.0937491,90.76052577,6.75764739,20.47654772,muskmelon,Loamy Soil
34,47,19,27.31372793,85.44815232,6.568795404,53.15223123,mungbean,Sandy Soil
99,39,18,19.20129357,68.30578978,6.11275104,87.85092352,maize,Clay Soil
9.437765781,53.99528948,18.72649147,18.52693471,24.02821281,5.681890292,75.29422428,kidneybeans,Clay Soil
36,76,75,18.38120357,16.63805158,8.736337905,70.52056697,chickpea,Clay Soil
81.16484117,26.85846457,27.7044586,23.21549542,52.75375268,7.210328636,167.945531,coffee,Black Soil
7.904694495,68.5366495,20.52461704,19.14308196,24.80568886,5.575579869,129.2421071,kidneybeans,Loamy Soil
16.49651197,8.008720535,9.513941935,24.55723588,90.83325015,7.603681041,106.332872,orange,Red Soil
34.54255954,15.41581785,25.04833647,32.19967582,50.8153679,5.277424384,97.98276321,mango,Allvial Soil
20.89184848,13.76120957,12.63939632,28.13565466,89.20221557,6.546116592,113.4901041,orange,Black Soil
84,37,42,25.49674786,81.13449097,6.691074249,169.9288234,jute,Sandy Soil
27.84668304,51.06206813,17.36812525,27.76833522,53.58910988,9.487559903,50.08057769,mothbeans,Clay Soil
60.65925508,40.67039385,15.63472431,25.09889455,64.80390401,5.996631519,79.38843729,maize,Loamy Soil
20.49756906,30.26148928,14.92456135,22.09729394,91.25805962,6.45910441,117.4840417,orange,Clay Soil
47.68123786,47.45183271,56.08804142,38.54658059,90.85161318,6.722048984,118.4020309,papaya,Laterite Soil
72.18060352,40.24621065,45.6422674,26.48036854,81.28810049,6.28906033,183.1048379,jute,Black Soil
11.62730807,143.1895049,197.6072764,22.74285887,94.26087872,5.88424025,122.8580698,apple,Sandy Soil
30.39406477,25.24180342,36.32461819,25.12171943,92.12626302,6.541995475,110.727404,pomegranate,Allvial Soil
29.52125384,23.93586029,30.52158883,28.34972248,92.16568361,5.518772972,162.2109078,coconut,Red Soil
24.93221997,66.09603387,23.14083713,27.85835748,63.93906926,7.508997872,39.87015037,lentil,Clay Soil
20.86604167,122.6740028,202.5462582,23.30113524,91.32090369,5.831098672,110.7132238,apple,Loamy Soil
38.3383755,60.72344557,51.18910522,31.21599563,94.09905764,6.623904969,44.57776571,papaya,Sandy Soil
26.24234683,14.7019176,6.54216313,17.26622811,94.88178445,6.875017327,104.638115,orange,Laterite Soil
10.9493713,71.48185491,24.23167156,21.15690343,23.15940743,5.59660085,141.5613556,kidneybeans,Clay Soil
36.66533729,144.3235306,197.2368609,23.64598636,94.27114128,6.520398281,118.2263856,apple,Laterite Soil
11,60,23,27.33684386,88.50229102,7.033012777,51.09802625,mungbean,Black Soil
6,140,205,17.66558428,82.92903419,6.313085601,69.8671263,grapes,Laterite Soil
128.1958526,59.48631776,20.23583093,25.02131042,83.33331641,6.53346427,95.69934603,cotton,Loamy Soil
36.86579574,56.88931825,19.04038409,31.16299965,45.00057688,7.358987137,70.17187587,mothbeans,Peaty Soil
106.4702985,5,53.04140885,26.84318613,89.62066288,6.898291605,55.97212115,watermelon,Peaty Soil
11.33742757,14.11359599,5,11.63925155,95.23348311,6.968692786,115.1245058,orange,Red Soil
24,142,202,22.53779727,91.48135786,5.710819862,101.8474768,apple,Laterite Soil
18,79,20,20.27514686,23.2353604,5.877347515,139.7521543,kidneybeans,Loamy Soil
51.93858428,58.19086821,14.33444194,30.61916825,61.23313189,7.14222826,71.52262783,blackgram,Sandy Soil
80.07284345,42.84953976,11.15580959,23.76283057,71.94694664,6.641855031,61.72791108,maize,Laterite Soil
38.61221651,138.2306409,200.7527345,21.07404418,82.97407336,6.415013433,74.69949006,grapes,Allvial Soil
32.10977049,78.9646394,75.73321186,18.87359612,16.79752152,8.2270385,89.41742779,chickpea,Clay Soil
37.03405566,5,31.1138496,27.21858902,97.4482835,5.996931507,171.0127931,coconut,Sandy Soil
31.35186433,57.26199642,22.10508163,28.99067567,86.48485817,6.776354755,42.86713979,mungbean,Sandy Soil
126.366611,36.99365508,21.36668025,25.68365825,83.97111068,6.60680451,78.88093177,cotton,Sandy Soil
20.79082397,64.93749106,20.33169152,25.24458714,68.47473198,6.55369831,41.76303866,lentil,Clay Soil
1,67,21,27.52135365,60.53657684,6.551577598,48.06491307,lentil,Black Soil
32.79179611,15.09199995,39.86984521,23.59351516,93.28626891,5.804814575,108.4361784,pomegranate,Laterite Soil
75.60113989,58.70174585,38.56857613,20.0610837,79.65122511,6.734401136,208.2935925,rice,Red Soil
21.37498313,49.51620736,15.0870031,27.9405389,61.99832313,8.617603078,73.5625708,mothbeans,Sandy Soil
5,59,15,18.87492997,20.18238348,5.97229163,134.1811718,kidneybeans,Red Soil
0.636704306,17.03138752,30.8375221,35.15430281,46.80901669,6.276922569,95.31750331,mango,Red Soil
89.24496846,57.93319266,34.92194983,24.02481918,82.49383038,6.08158838,165.4526042,jute,Black Soil
13.18502165,59.89347429,22.22333521,18.80610193,22.8188056,5.501317698,132.8143085,kidneybeans,Sandy Soil
17.14378348,11.32730928,7.717341575,12.66214539,92.64603798,6.179420333,119.1737089,orange,Peaty Soil
34.71271013,69.78545409,16.15335701,29.79846364,65.42528034,6.897038825,199.5240793,pigeonpeas,Peaty Soil
108.3225433,25.06653227,45.11533773,28.13268308,90.4870361,6.254084649,20.55115493,muskmelon,Laterite Soil
17.25980188,22.16279739,43.44900464,23.85939742,89.5485401,6.197141252,105.026114,pomegranate,Peaty Soil
20.35119971,49.32700973,15.10396532,29.47241415,89.32863945,6.733865089,48.61284292,mungbean,Red Soil
16,10,41,24.77464458,85.63608688,6.738993954,105.7595811,pomegranate,Peaty Soil
30.13537925,65.45583555,22.6531168,21.859138,61.19795726,6.270381303,47.33405754,lentil,Loamy Soil
49.85970968,72.25186799,75.99280519,18.88841734,15.95648661,7.142984399,77.35418807,chickpea,Loamy Soil
21.04457536,27.95920723,24.67979009,27.88824886,45.75362879,4.935418323,93.3783735,mango,Black Soil
42.23446061,57.74456645,52.88647743,40.4354358,94.70321785,6.986555249,150.0393057,papaya,Red Soil
38.9568258,18.54642174,8.657066221,13.0972682,93.71233291,6.367473566,106.6251757,orange,Allvial Soil
24.4264753,57.01291324,24.84932086,27.47179864,58.96027644,6.968112976,34.19140089,mothbeans,Sandy Soil
91,13,47,29.10968327,92.43510994,6.14410903,27.95602304,muskmelon,Peaty Soil
26.07241646,71.60158944,24.25098051,19.77024678,21.46336658,5.974717449,66.6403251,kidneybeans,Black Soil
13,67,18,30.5753044,34.75591197,5.384762927,177.5764304,pigeonpeas,Peaty Soil
1,59,23,27.46852989,87.17649,7.184398832,43.78420984,mungbean,Laterite Soil
20.86093629,77.35062161,23.489654,35.0181554,38.57616698,5.18722001,148.1871339,pigeonpeas,Loamy Soil
34.42589023,60.71117775,23.06157318,23.25771045,62.43876651,7.650881843,48.1554568,lentil,Allvial Soil
1.736607766,46.32704462,23.32939405,25.84046387,63.8070057,4.214078685,71.48227205,mothbeans,Clay Soil
23.30745757,17.60956112,34.50744093,30.29390699,51.79649795,6.657668303,94.54819595,mango,Loamy Soil
40,16,35,34.16438906,54.16482251,4.954739564,98.33351125,mango,Peaty Soil
76.68619176,52.29634404,42.15998389,23.93443228,85.39296894,6.101477741,168.2288168,jute,Sandy Soil
34.97734339,60.47077666,26.96092684,29.69809215,84.89576392,6.812294838,41.33645007,mungbean,Peaty Soil
98.07075306,35.12983832,19.54521526,24.09497384,74.59979944,6.230999451,88.71202546,maize,Clay Soil
112.3039429,53.2944625,15.82841546,25.50020192,81.27864564,6.177319711,76.60131837,cotton,Black Soil
78.26754375,44.50843788,18.31913195,20.48984208,62.63498025,5.843159753,64.65007434,maize,Sandy Soil
82.60227741,46.39125283,35.96233028,25.84831188,81.68491916,6.334897284,193.4266151,jute,Sandy Soil
95.36581602,89.97777599,47.71166286,28.49791155,83.61265268,5.64229113,109.0777939,banana,Peaty Soil
20.1886536,68.5115287,22.36840876,25.54109683,64.10562132,7.68078058,63.06611304,blackgram,Clay Soil
6.292579205,38.0072606,33.03638681,29.69206353,47.04280567,4.986985036,91.82139345,mango,Peaty Soil
60.88263109,59.58867602,35.86099039,26.22198366,79.39227092,6.060074427,172.2010468,jute,Allvial Soil
80.93848736,49.60709935,36.82264057,26.03546663,80.68368973,6.346774336,190.9312482,jute,Sandy Soil
12.86733939,64.48679108,18.08480396,18.25237217,20.12110172,5.738907306,141.6849268,kidneybeans,Laterite Soil
9.20397082,54.15480407,20.25048062,28.57755283,80.630326,6.993901494,39.36196466,mungbean,Allvial Soil
47,80,77,17.18248372,16.42891834,7.561108006,72.85017344,chickpea,Peaty Soil
100.2501957,53.73616127,36.84901423,21.05467387,79.96771675,5.600286284,200.5212629,rice,Clay Soil
120.1992547,34.62492113,27.41292776,23.78666743,81.48394275,7.351976194,100.3712504,cotton,Black Soil
27.20046725,19.76011993,29.25238366,35.48660108,50.84388808,5.066492743,91.52325627,mango,Clay Soil
6,13,9,34.51423957,90.56151463,7.786725333,118.3271968,orange,Laterite Soil
11.41037589,132.8292535,198.4647439,16.02662812,81.25701759,5.746346178,72.99019416,grapes,Clay Soil
128.2486787,39.89441284,20.45707785,25.33106619,83.453786,6.175350744,93.89142818,cotton,Black Soil
30.09858285,19.15117813,38.05547129,22.68474655,92.56335015,7.038897743,111.0092914,pomegranate,Peaty Soil
62.65742678,58.10929648,45.43287073,26.79128596,90.84039641,6.847368759,146.4413957,papaya,Clay Soil
33.57143118,9.331039409,12.04241972,34.04012209,91.62551178,6.753921225,117.4942386,orange,Loamy Soil
96.53983356,19.85356119,25.03332442,23.69706615,59.37557785,6.058225099,186.7212753,coffee,Loamy Soil
28.2911761,73.62910125,80.00428209,18.04010959,17.94731513,8.735611027,81.39722306,chickpea,Allvial Soil
25.65860041,35.79079708,31.24771879,33.50218104,53.68126205,5.361917098,97.08251431,mango,Allvial Soil
66.05826893,57.27339787,34.6225911,23.64854785,80.44551038,7.32939532,186.1444831,jute,Red Soil
17.78607068,55.17778053,24.2916804,21.96665135,57.13821171,6.988835977,138.5817997,pigeonpeas,Loamy Soil
31.97595745,25.2256744,34.53234463,17.69383464,85.40607006,5.879081418,107.3105933,pomegranate,Clay Soil
58.66740259,70.0660682,81.06857163,17.17833889,19.79197817,7.571467139,81.82110123,chickpea,Peaty Soil
34.31857837,77.51756481,25.36474604,27.81063643,63.98780593,5.926626975,54.25666839,lentil,Loamy Soil
12.09673997,39.21700669,26.24357765,29.58095406,62.75716275,5.836923494,48.57789426,mothbeans,Allvial Soil
61,59,17,23.33844615,59.24580604,6.47444292,105.0083144,maize,Black Soil
20.94714303,26.18004793,28.19854546,26.80669055,99.0905315,5.675468395,165.1748272,coconut,Red Soil
77.26423217,56.58899922,42.80019142,26.70393963,81.20394685,5.142296222,286.3166051,rice,Sandy Soil
32.45032585,13.96006497,31.71922202,29.58152991,94.10923977,6.304333707,149.9126529,coconut,Clay Soil
39,36,22,29.34317422,60.50320928,9.072011412,34.03335472,mothbeans,Allvial Soil
96,18,50,25.3310446,84.30533791,6.904241707,41.53218699,watermelon,Loamy Soil
99,6,45,26.12588914,86.5507939,6.000975617,40.71210074,watermelon,Black Soil
93.07984643,25.99888584,28.66497852,24.69831509,56.35622331,7.288998921,137.1513691,coffee,Peaty Soil
89.77259827,58.45734036,39.38456591,26.77859599,72.8374659,7.024536723,174.1588062,jute,Clay Soil
36,56,83,18.89780215,19.76182946,7.4526709,69.09512477,chickpea,Allvial Soil
1,76,17,28.43430726,52.10010827,6.012719118,147.0414824,pigeonpeas,Red Soil
73.53793083,38.45546097,23.54886978,22.45702306,66.55652849,6.802599276,88.32552763,maize,Black Soil
72,41,36,24.09874353,80.57226761,6.187746776,176.8604109,jute,Loamy Soil
41.23509783,23.79320247,12.09612436,30.75459501,90.86326274,7.214828312,105.8061332,orange,Black Soil
0,5.144866248,34.74213232,24.31445386,91.25692785,6.153030637,105.4870032,pomegranate,Peaty Soil
24.51123129,9.813966487,34.1197304,25.66632109,94.62192589,6.491207289,143.9459772,coconut,Peaty Soil
22.20886948,45.0024891,19.52714451,28.22165839,83.34963563,6.775148756,37.52523535,mungbean,Allvial Soil
36.88208396,57.11748228,84.68452199,19.69148969,18.34839184,7.493350078,80.23563171,chickpea,Clay Soil
80.47294173,24.08904563,32.41783419,26.73601667,67.29357939,6.818317236,124.8552436,coffee,Loamy Soil
79.61511098,42.18278021,37.52205631,24.81005581,82.49339097,6.563483161,294.9299175,rice,Black Soil
10.62205169,75.00266278,16.50384245,18.41140897,68.36666739,7.736732485,32.56859883,lentil,Sandy Soil
102.0976262,36.94335202,18.79173415,22.87305893,82.53870032,7.624184888,92.40060856,cotton,Allvial Soil
38.19419758,63.9043236,20.71151413,25.53352018,68.46339155,7.644784991,41.29106673,lentil,Red Soil
33,29,34,31.40948821,49.21729127,6.832979509,92.99739415,mango,Red Soil
107.3756934,11.0728553,47.20223328,27.85491954,92.15317425,6.348340162,25.20533978,muskmelon,Sandy Soil
19,78,16,20.65375833,23.10538637,5.967533236,67.71768947,kidneybeans,Black Soil
117,30,50,24.90123934,87.20772913,6.744966312,46.59207341,watermelon,Red Soil
43.86068532,65.14286765,46.15448245,38.44803461,92.66912309,6.813452937,104.2914212,papaya,Sandy Soil
92.91658913,49.89143828,38.54919826,25.45123043,79.63398237,6.930613533,208.1685975,rice,Laterite Soil
57.54147762,58.063142,78.67992164,18.79310312,17.50755251,7.944414802,81.6192924,chickpea,Sandy Soil
6,30,40,22.77035608,91.45498527,6.36137446,106.9659201,pomegranate,Red Soil
98.01921106,53.37739086,39.28959521,19.99950703,80.43266973,5.017727833,270.2161826,rice,Allvial Soil
85.79948195,42.19883131,43.6151633,26.4333637,73.52553063,6.691956773,182.1794721,jute,Black Soil
5.686530657,9.275863023,10.47242034,30.73640038,90.71922916,7.020264857,110.307305,orange,Sandy Soil
15.64022966,54.67673144,17.25013199,19.71431253,46.67163034,6.432979302,191.346357,pigeonpeas,Laterite Soil
108.5749905,24.58452659,51.38266679,27.01173288,83.29566265,6.106957058,40.91584641,watermelon,Red Soil
118.3158713,43.16554921,24.66471447,22.14487286,83.0147161,6.7071511,66.07370002,cotton,Clay Soil
0.318497063,9.42315303,45.49490702,23.97350818,89.00564549,6.51905847,102.7333321,pomegranate,Peaty Soil
12.70867937,56.33581773,17.13105552,29.72193663,83.74231832,6.626135206,40.87440514,mungbean,Peaty Soil
2,21,44,18.92157197,87.31290342,6.56893406,102.8013275,pomegranate,Laterite Soil
102.9853546,27.63611617,34.36256802,27.50195174,51.48894979,6.702156011,126.4459138,coffee,Sandy Soil
60,48,39,24.28209415,80.30025587,7.042299069,231.0863347,rice,Peaty Soil
89,60,17,25.37548751,57.21025565,5.983952675,101.7004306,maize,Peaty Soil
40.88366202,69.43077967,14.13390359,20.7238312,64.50432332,6.360163683,49.06598811,lentil,Laterite Soil
87,54,20,25.61707368,63.4711755,6.576418207,108.8303762,maize,Allvial Soil
23,24,32,28.1218093,46.16888595,5.630619901,93.30247448,mango,Allvial Soil
22.22818496,26.60442815,26.66195249,26.93528814,47.00527115,5.688156953,94.09805177,mango,Laterite Soil
11.62225394,14.79791771,5,11.59219624,94.87092711,6.936408771,118.1835365,orange,Red Soil
5.868066641,68.67225101,19.10038726,26.95495758,41.16212848,4.735009861,94.14305335,pigeonpeas,Laterite Soil
18.62725103,26.83660148,39.56462573,22.54218032,92.37828222,7.157772653,103.5303105,pomegranate,Sandy Soil
21.80641559,60.11912111,21.97168051,29.61427896,42.10965926,6.869041922,187.5580972,pigeonpeas,Allvial Soil
25,12,26,28.56973521,95.67906668,6.436314406,134.8370348,coconut,Sandy Soil
8.483188227,38.09218237,34.72616842,27.82163328,55.07578414,6.140626371,98.38767299,mango,Black Soil
106.3933408,57.91864019,16.52110944,23.68683797,77.05361073,7.496038565,77.04596792,cotton,Laterite Soil
4.391130998,16.03252664,13.8554782,10.37358332,89.7581185,6.430692591,107.7618393,orange,Sandy Soil
12,27,26,29.09382275,45.5661059,5.32307197,96.23520043,mango,Laterite Soil
2.74876271,22.09498125,29.22040463,29.68504985,95.28049832,6.07341445,218.362534,coconut,Red Soil
29.92404908,136.5685838,203.2600188,22.96643315,90.10869529,5.639624616,117.0941094,apple,Black Soil
18,20,26,31.66524687,51.98594645,5.435840509,89.98024312,mango,Clay Soil
103,33,33,26.71717393,50.50148528,7.131435858,126.8073984,coffee,Laterite Soil
91.21687278,24.07420798,57.15628049,26.34920327,82.74306154,6.300071041,47.44613926,watermelon,Red Soil
60.7907593,46.64276777,52.1249493,32.6407884,92.04013726,6.83619789,44.32053089,papaya,Peaty Soil
37,10,32,28.96318258,95.16333673,6.165084855,222.803013,coconut,Red Soil
7.787613032,24.05059691,34.81084489,19.84494136,88.8361299,7.070608405,100.5486124,pomegranate,Sandy Soil
4.770271767,62.22756673,23.69899741,20.65453728,17.3721964,5.803876504,121.5630102,kidneybeans,Allvial Soil
69.91991146,69.62307909,53.31556284,31.1643456,91.69043553,7.027151513,50.911252,papaya,Clay Soil
23.14959391,12.21388079,31.1660694,28.11733903,95.81289386,5.930326959,218.820455,coconut,Clay Soil
3.07403684,70.83806828,21.68209513,18.84400095,61.31819035,5.004615363,142.0964863,pigeonpeas,Black Soil
94.93009811,37.31912042,21.8238384,20.01381589,61.60159877,5.724646883,99.3343351,maize,Red Soil
81.47171747,45.51845096,34.80589056,26.60976642,81.30575792,6.183423019,220.4778485,rice,Sandy Soil
16.67685477,136.3283628,196.2204844,41.40374144,81.4401425,6.393184967,64.87437904,grapes,Red Soil
13,69,19,17.30844532,20.01730914,5.86390397,115.199245,kidneybeans,Red Soil
11.14530163,15.82919578,6.794565075,11.59517171,94.54566442,6.916538746,115.8945295,orange,Red Soil
105,74,45,25.14517635,81.38204104,6.098369122,119.218154,banana,Black Soil
79.14073552,52.33856458,18.68655521,25.48221234,69.26503123,6.574161839,99.16828091,maize,Loamy Soil
110.7095167,27.98889018,25.64986475,27.83807776,63.95618985,6.947543516,192.5643829,coffee,Allvial Soil
34,21,42,18.75927679,89.93457597,6.648687274,111.0196744,pomegranate,Red Soil
6.124405459,59.62613285,25.3234139,27.90741669,82.0039319,6.215008956,56.14695789,mungbean,Black Soil
21,51,15,29.36488409,89.1886954,6.679127482,48.30159325,mungbean,Red Soil
27.05853388,56.08742849,22.34194319,27.2355111,43.33481184,6.07036619,139.710921,pigeonpeas,Red Soil
36.62105944,66.43993823,84.61794635,21.07207843,17.77035283,6.474695599,77.73422178,chickpea,Black Soil
0,65,24,28.49584395,62.44616219,7.841496029,53.14531023,lentil,Loamy Soil
7.711960027,37.29932131,28.96576414,29.98755927,47.05176107,4.992281446,89.30046507,mango,Peaty Soil
60,58,37,26.13871511,79.1188943,6.067302109,171.4892533,jute,Allvial Soil
10.44648541,19.82901266,28.91988773,27.3058725,53.42780445,5.571856113,91.79813693,mango,Clay Soil
85,52,45,26.31355498,82.36698992,7.224285503,265.5355937,rice,Sandy Soil
34.88682456,64.87418321,26.16676469,35.8970962,36.00007069,6.414901972,138.7817657,pigeonpeas,Allvial Soil
11.16266719,71.32432383,14.89660998,19.9477515,21.91520174,5.752370322,81.67213511,kidneybeans,Sandy Soil
1.963719912,58.83113176,21.43286412,29.44230347,49.76268224,8.905367952,42.91331484,mothbeans,Red Soil
5.190527927,144.0295856,204.9879695,21.53724229,93.19599263,6.191751455,101.9181894,apple,Peaty Soil
49.401579,55.89726822,51.32765669,38.40860086,93.42796754,6.53740869,80.65909664,papaya,Sandy Soil
28.13678699,63.60183122,14.22104301,33.43012816,66.33172806,5.272795973,108.8375652,pigeonpeas,Black Soil
22,38,31,31.53356352,53.06009323,5.821106036,98.57025046,mango,Red Soil
45,61,78,19.48649305,16.06240074,6.489389282,81.5284269,chickpea,Sandy Soil
35.12749696,26.07674642,25.01119989,30.10837517,49.95347715,6.790682507,94.3684773,mango,Clay Soil
16.16555663,57.81675258,15.26432268,33.79214868,39.61078802,7.404961924,176.8725062,pigeonpeas,Red Soil
2.992522105,20.07914083,25.16348917,27.2902795,54.04420691,6.459792402,96.00770289,mango,Loamy Soil
31.74184285,23.97335103,39.65981661,24.69564736,91.86286111,6.493785268,108.6521112,pomegranate,Allvial Soil
9.495275429,79.47365021,14.43239329,21.12796959,56.17850148,5.641963127,181.2121951,pigeonpeas,Sandy Soil
85.97774489,7.238855956,52.07372173,25.80359348,81.77260479,6.955426511,41.93443622,watermelon,Laterite Soil
22.34519309,56.32793641,85.54144603,18.4454234,17.23456715,6.532592641,81.4237796,chickpea,Sandy Soil
18.52560671,68.29114768,19.23485827,24.52868219,39.80193561,5.593397668,119.0014222,pigeonpeas,Red Soil
34.50564166,17.49999928,25.7370235,32.08373365,49.69726001,5.217757444,98.384624,mango,Allvial Soil
8.996462268,38.21223949,25.2759422,34.60098004,50.33437334,5.46804444,99.22462365,mango,Loamy Soil
79.52877572,18.17644901,48.69703277,26.82054498,80.72766581,6.509324172,47.96391648,watermelon,Allvial Soil
56.6611155,75.11505226,15.40277785,30.19370185,60.67991494,7.156597656,66.57617394,blackgram,Clay Soil
38,14,37,21.80523051,94.63612858,6.658402594,102.6488846,pomegranate,Allvial Soil
42.91095717,63.07429757,49.34167138,38.75928047,90.300918,6.83317585,101.3547628,papaya,Sandy Soil
0,17,42,23.20242586,91.19442671,6.859840821,109.0946323,pomegranate,Loamy Soil
16.69007992,50.23572128,20.70850194,30.90301938,49.47003559,3.549549387,31.450561,mothbeans,Peaty Soil
24.94367616,64.3747398,15.34283571,29.58921932,66.27362879,6.930200643,45.31472076,lentil,Peaty Soil
95.15785893,74.4677452,45.78442158,29.16059699,81.79028692,5.807252929,110.8032706,banana,Laterite Soil
87.94088629,17.02418588,50.38946849,29.97563592,91.21552258,6.669323117,27.41259805,muskmelon,Red Soil
29.82444757,133.9345227,204.6909091,22.89416165,91.18693995,6.137325674,105.790457,apple,Allvial Soil
115.8082475,18.56088433,25.81835032,25.54611482,63.21601823,7.268111537,194.7055564,coffee,Clay Soil
87.13339712,29.06265682,50.37610456,24.83331189,88.68845399,6.089061864,48.24849981,watermelon,Allvial Soil
27.0843013,33.87979386,20.28336788,29.57696825,87.23181083,7.159812233,57.33696708,mungbean,Clay Soil
53.56030022,79.57374205,14.72167235,29.5116372,63.67148429,7.462033167,69.33529648,blackgram,Sandy Soil
36.63276402,134.8396937,202.0788225,23.78854015,93.54439666,5.976989994,104.9176232,apple,Peaty Soil
4.395914706,12.96550014,27.90039576,27.48740867,99.02022589,5.824423551,203.2406544,coconut,Black Soil
21.67570097,27.37834163,37.31889091,22.9709012,85.86810834,6.98072005,109.2609554,pomegranate,Sandy Soil
85.02252395,16.29323539,44.27619181,29.00789059,89.10430665,6.587270074,21.80205981,muskmelon,Loamy Soil
57,64,55,26.68386496,92.9585411,6.583760499,62.50689682,papaya,Loamy Soil
86.39986693,93.73401569,49.13703604,28.08461355,77.35348441,6.453639441,108.6260983,banana,Laterite Soil
61,41,44,24.36972377,82.11319791,6.537914958,159.9210934,jute,Red Soil
115.1321933,82.86562514,43.97386213,25.33150906,79.00513671,5.650620943,107.3321847,banana,Clay Soil
104,47,18,23.9656349,76.97696717,7.633437412,90.75616738,cotton,Laterite Soil
19.27938772,22.11309347,33.15466302,29.81343115,53.22583426,5.093423042,96.87727061,mango,Clay Soil
106.3620752,70.92082053,42.72284016,27.99822709,80.32320339,5.77632023,92.69820322,banana,Clay Soil
97,36,45,22.2286982,81.85872947,6.939083505,278.0791793,rice,Red Soil
37.7818437,5,31.98739358,26.21975451,96.65122052,6.018263215,143.8316012,coconut,Loamy Soil
14.36591105,5,33.25055151,24.77937554,84.77001059,5.827726174,103.6725497,pomegranate,Laterite Soil
6,69,19,26.88630675,41.69617915,4.750929218,94.46748008,pigeonpeas,Laterite Soil
88.93962712,52.23787077,39.96715573,24.01088734,88.47539863,6.909800614,154.4552215,jute,Black Soil
104.628902,60.74837508,21.18271213,23.68064053,77.17255752,6.201003896,89.8774716,cotton,Loamy Soil
28.90588047,143.5142047,200.5300079,24.08904934,91.32497454,5.808823936,102.9901803,apple,Red Soil
12.67469696,69.25336818,20.02194102,30.45801937,34.41033178,5.393785875,178.533019,pigeonpeas,Peaty Soil
40.02204147,55.28901143,26.83976262,25.72025641,44.18794207,7.861009932,68.97413944,mothbeans,Peaty Soil
28,136,200,23.06204373,92.39544055,6.245858905,114.7399101,apple,Allvial Soil
38,60,76,18.65054116,17.80852431,8.868741443,77.92798682,chickpea,Black Soil
58,79,17,27.24766491,66.10123083,7.04174124,62.31842057,blackgram,Peaty Soil
2.423136411,20.05506865,36.45649498,24.9730856,91.42233617,6.301413329,179.0932774,coconut,Red Soil
14,8,43,21.92513945,94.46485312,7.051654924,111.7162016,pomegranate,Allvial Soil
36.24961087,17.73064827,12.5013622,10.3571614,90.40133351,7.417460987,109.372363,orange,Loamy Soil
11.81987972,45.24423949,23.94024681,27.52215084,90.0586715,6.463688932,56.06526627,mungbean,Red Soil
66.7295581,43.7645613,37.46720228,25.29965018,71.48669971,7.278790325,196.6381397,jute,Laterite Soil
4,13,6,15.63211033,94.25966183,7.561143224,101.4705704,orange,Sandy Soil
98,29,30,25.64004392,61.03273481,6.217974349,199.4735636,coffee,Clay Soil
37,23,28,25.61294367,94.3138837,5.740054567,224.3206759,coconut,Allvial Soil
87,44,43,23.87484465,86.79261344,6.718725189,177.5147313,jute,Peaty Soil
83.17365654,24.82698195,51.05127527,24.13125065,82.54225697,6.11466424,47.43033336,watermelon,Loamy Soil
103.0126529,41.8824757,16.89138627,24.26888874,85.15569106,6.54301145,81.12890054,cotton,Laterite Soil
120,20,45,25.66576039,88.6984228,6.114128685,54.22722466,watermelon,Loamy Soil
16.2104797,73.0322058,20.40975263,30.44245107,35.34860018,5.417110772,163.7446958,pigeonpeas,Black Soil
23.1259843,17.38282534,5.585244349,26.68390537,93.8453724,6.300615543,117.8512309,orange,Laterite Soil
12.97703019,25.90269859,33.14595017,28.13425666,96.62154765,5.709348536,151.6118021,coconut,Clay Soil
61.13165113,59.53326955,51.00676401,43.00721107,95.77440962,6.710365089,39.97900406,papaya,Laterite Soil
56.1180249,64.3427376,19.9312455,31.08489876,68.50206211,7.796483206,66.56022518,blackgram,Allvial Soil
14.49632752,70.02547435,18.98404761,24.79322165,39.11433353,5.581927391,122.9685252,pigeonpeas,Red Soil
11.66420729,29.01338049,39.30554257,19.89297286,89.98453607,6.572378273,111.1150866,pomegranate,Sandy Soil
13,23,6,23.96147583,90.26408017,7.365338111,102.6958703,orange,Allvial Soil
4.467580178,19.51880486,23.94929508,28.91747964,47.34563813,5.642614637,102.7330335,mango,Black Soil
80.5575345,53.35744543,38.38459368,26.67173732,76.75653756,7.185774802,196.8651777,jute,Allvial Soil
0.931532865,49.79757585,17.933536,25.93575783,45.79638027,5.816071668,41.18813615,mothbeans,Laterite Soil
90,40,39,25.72668885,81.86171563,6.626503893,191.9649389,jute,Allvial Soil
110.790324,5,53.9160831,26.01099348,84.2163383,6.532087674,50.23901299,watermelon,Clay Soil
19.94168741,60.99206103,85.65583043,18.78561667,14.25971263,7.779003618,93.64980185,chickpea,Allvial Soil
18.38060966,54.39914804,20.27008891,27.3049261,86.64659261,7.17393819,57.75693948,mungbean,Black Soil
6.376495829,60.66971844,19.70782565,31.21286289,47.40697333,3.821582296,52.21103761,mothbeans,Laterite Soil
100,48,16,25.71895816,67.22190688,5.54990242,74.51490791,maize,Sandy Soil
38.19783479,78.83325601,20.22306148,19.2869573,21.44674957,5.690067943,84.03641958,kidneybeans,Peaty Soil
120.6314653,54.01840773,20.82726727,23.46324609,75.96786709,7.985748374,78.30221338,cotton,Loamy Soil
114.1737546,85.2827264,44.51621055,28.09122626,77.01096584,6.015758437,106.789411,banana,Sandy Soil
76.01890606,54.64105335,45.42601626,25.23677873,73.75281699,6.111020125,169.5753588,jute,Clay Soil
49.08095953,64.69618562,22.44937799,28.62211244,63.39785307,6.734288495,70.06622519,blackgram,Black Soil
2,51,17,25.87682261,45.96341933,5.838508699,38.53254678,mothbeans,Laterite Soil
104,26,30,24.40726724,62.65692638,6.410992833,148.6977358,coffee,Red Soil
29.87146568,21.2916019,44.01052207,19.79679485,87.54294369,5.575353345,104.1922013,pomegranate,Clay Soil
29.38710844,68.04463782,22.46019612,24.05027102,18.98137834,5.83638025,117.0762337,kidneybeans,Black Soil
106.7580957,48.29662341,24.6645659,22.99699205,76.75529196,7.000965523,89.00270677,cotton,Sandy Soil
61.99325449,40.3800788,42.11992122,24.38518062,82.15491592,6.553590685,160.3246047,jute,Red Soil
118,33,30,24.13179691,67.22512329,6.362607851,173.3228386,coffee,Loamy Soil
4.270502619,47.07877097,13.84868978,31.00034119,62.82321247,3.504752314,66.35341075,mothbeans,Loamy Soil
110.3992905,77.09075693,54.78583356,28.17047444,76.51363374,6.128062907,119.0795313,banana,Sandy Soil
16.09540886,29.99095402,29.26696436,28.75942519,98.59990506,6.243681299,223.621911,coconut,Allvial Soil
111.161804,26.91548738,24.3999423,27.58913858,65.72503582,6.929927748,191.1442298,coffee,Allvial Soil
48,61,21,30.28496619,61.69295127,6.628264883,65.62859526,blackgram,Loamy Soil
19.51993955,26.55604081,42.62969098,20.54283398,92.5482581,5.68653143,111.5612055,pomegranate,Black Soil
31,11,45,24.83954414,86.88738076,6.034612928,107.6435771,pomegranate,Clay Soil
13,64,20,19.1345771,62.57526895,6.590571088,36.46946971,lentil,Black Soil
5.666058792,36.53488196,20.80235093,24.34908248,60.05631551,8.847313399,42.92080073,mothbeans,Black Soil
107,22,54,27.99611732,90.84660317,6.630301421,21.61893763,muskmelon,Red Soil
6.763727433,62.85550787,23.78024247,27.93747302,66.88627654,4.706133608,142.1195176,pigeonpeas,Black Soil
2.353125049,127.7879452,203.1340909,22.58326593,94.26130856,5.652200272,120.5493855,apple,Laterite Soil
32.94035192,72.45639627,77.84595729,20.90876533,14.91492339,6.473660652,88.94313542,chickpea,Red Soil
65.26804393,59.90251981,42.63858661,21.95378142,81.1256498,6.028793361,212.2754884,rice,Laterite Soil
0.599562428,17.69716139,32.68471757,26.83165764,96.15761544,6.228945206,207.5912388,coconut,Peaty Soil
32.38794158,46.60118506,20.8065348,28.09440862,82.01160585,6.276547925,37.6978156,mungbean,Allvial Soil
32,129,201,16.36251869,83.00471609,6.48754639,71.55665483,grapes,Red Soil
24,140,205,12.087022,83.59398734,5.93202852,68.66813363,grapes,Allvial Soil
64.37307929,44.23173343,20.62125453,18.41466334,56.38858644,6.65037507,88.71018113,maize,Red Soil
4.249520388,36.18508678,17.52877717,29.02061229,53.14930495,9.658923616,69.49502517,mothbeans,Red Soil
41.04068121,67.50648805,77.72661293,18.93781019,17.13617275,7.064220512,81.75056688,chickpea,Red Soil
108.8853621,37.41354187,16.60639594,25.22119249,76.75494056,7.537141781,61.31826651,cotton,Black Soil
92.11808814,49.94688141,41.90670938,20.98006008,84.04096276,6.430508703,229.6270418,rice,Allvial Soil
93.72804828,90.32061446,45.47491592,28.39873869,84.68112259,5.679021148,112.6171714,banana,Peaty Soil
37,55,82,19.45591848,18.02235902,8.423873703,78.44910564,chickpea,Peaty Soil
96.52028486,28.22526283,32.65107872,25.93801131,60.10515518,6.194550736,199.0464292,coffee,Clay Soil
83.00542736,7.937833266,51.07758366,26.65216418,88.44890275,6.438577317,55.80307536,watermelon,Red Soil
81.73749132,45.74937558,43.42460125,23.33223816,78.9412412,6.574847639,191.1453741,jute,Black Soil
73.41868655,38.01913924,36.52320081,23.44191941,85.08393906,7.779226202,233.366707,rice,Peaty Soil
58.80799274,58.40219599,85.66231101,19.03028558,18.39863715,7.683132671,95.87723077,chickpea,Red Soil
12,20,10,24.45132792,93.10527686,6.528354932,109.4711098,orange,Allvial Soil
134,56,18,23.80834611,83.91902605,6.691268104,70.97358303,cotton,Peaty Soil
20.52019852,77.49106609,77.40207215,18.693299,17.02528832,7.687694628,77.08152963,chickpea,Red Soil
17,67,18,31.2192752,56.46868874,5.611510977,129.2028653,pigeonpeas,Sandy Soil
49.01261666,67.69845509,20.37444585,28.57006891,62.0687412,7.093625421,64.34597618,blackgram,Laterite Soil
61.04875245,59.40953311,49.76697241,26.80341167,90.35261469,6.849332115,141.3399292,papaya,Clay Soil
73.00608859,36.9933932,39.60905588,26.85983337,80.18932446,6.960681656,244.8139677,rice,Red Soil
16,55,19,19.54314136,47.19188279,6.413543781,192.4372194,pigeonpeas,Laterite Soil
69.18036172,60.38396546,24.90978239,26.11369593,58.95420626,6.212678507,84.46490842,maize,Clay Soil
9,48,20,29.66461594,84.28187572,6.377568542,56.09542002,mungbean,Allvial Soil
105.5542745,73.29777302,43.48309452,25.03006174,81.12857667,6.139033169,120.8937375,banana,Black Soil
11.21487821,130.9814399,196.2938462,15.99253542,81.02020924,5.764745923,78.28023296,grapes,Clay Soil
54.73468403,70.92930194,14.47291364,27.8605387,67.98552368,7.080250607,71.30606466,blackgram,Clay Soil
113.2771557,17.03413487,31.09445209,27.14449795,62.83020949,6.7898909,191.415811,coffee,Allvial Soil
91.48584327,19.59050158,50.65381148,29.9945019,93.06055303,6.423555216,22.79210765,muskmelon,Laterite Soil
105,95,50,27.33368994,83.67675197,5.849076099,101.0494791,banana,Allvial Soil
30.37716576,59.54940025,14.10202193,26.96391075,83.33895103,7.120538536,53.90596574,mungbean,Allvial Soil
17.81290758,9.331119507,39.69581849,19.445773,88.21309115,5.637855177,103.0149123,pomegranate,Peaty Soil
10.19188386,15.96821454,29.05310227,26.07643405,93.25375606,5.871194899,173.3785046,coconut,Allvial Soil
38.65408246,5.377255548,26.62169239,28.26598363,98.05577455,5.830735511,159.8729133,coconut,Allvial Soil
96.41163467,15.1184119,45.88014832,27.0816262,90.21586168,6.73532383,26.0529774,muskmelon,Red Soil
23,30,44,20.93892916,85.42912869,6.12476108,103.0295938,pomegranate,Allvial Soil
33,143,204,21.1316077,91.95769858,5.814434775,122.5391946,apple,Sandy Soil
23.96412601,43.42884712,16.03741736,29.81941298,80.59153955,6.671181917,51.0565505,mungbean,Red Soil
91.9304403,61.08149582,23.72969993,18.64660418,71.16822277,5.753205535,69.08456203,maize,Loamy Soil
39.08078854,72.0912034,18.90282043,21.68747371,20.90349345,5.781166958,62.69676476,kidneybeans,Sandy Soil
60.36199485,54.31250897,43.91745653,22.76687905,82.88964508,7.801646832,263.582122,rice,Clay Soil
8.690347201,69.18247171,16.66089753,19.35416328,24.36141201,5.591525368,126.7533931,kidneybeans,Loamy Soil
44,76,22,27.26458947,68.01232937,7.775306272,68.91754359,blackgram,Loamy Soil
92.69496205,19.27579148,53.83097196,25.32435248,87.2044843,6.585395847,62.21000771,watermelon,Allvial Soil
110.6801674,23.31375066,49.2996105,28.89189015,92.34897857,6.249208038,22.61744579,muskmelon,Clay Soil
58.61631492,59.65754251,85.37845191,18.88768052,18.65359535,7.668723125,92.74107191,chickpea,Red Soil
37.53658022,64.01676197,53.15419139,35.27606057,91.14728993,6.597685503,236.9088156,papaya,Peaty Soil
6,59,21,26.58972517,66.14007674,6.139215944,50.90994463,lentil,Peaty Soil
4.656138897,127.678019,201.3900765,25.91311696,82.60332309,5.853867441,70.25363608,grapes,Loamy Soil
24.1736128,32.93779856,35.0046877,29.149643,55.62341973,5.345648081,100.9793145,mango,Red Soil
133,57,19,23.54234715,75.98203329,7.947011366,84.12536744,cotton,Sandy Soil
88.41612882,38.00846087,15.19918091,25.04140038,65.56587948,6.449078251,64.59539125,maize,Allvial Soil
21.37464326,5.659115391,42.36073343,25.01086137,89.51811611,7.082893746,107.7453293,pomegranate,Laterite Soil
24.57732353,41.76292529,23.51575513,28.22374045,81.94306857,6.461498259,49.71728374,mungbean,Sandy Soil
33.56198441,129.4021316,204.1658294,22.54154378,93.44952053,5.891730039,104.1202567,apple,Laterite Soil
112.7608149,87.32008692,46.89590524,26.97676493,76.48977457,6.203137524,99.98844482,banana,Allvial Soil
111,88,55,29.44795403,78.34971537,5.505393833,96.45042585,banana,Allvial Soil
20.74399628,37.7459216,15.1374283,30.55785475,50.97824097,8.213491543,64.20174957,mothbeans,Sandy Soil
21.11761163,41.36570727,13.59478784,29.40228182,88.41205339,7.17210132,45.93817363,mungbean,Loamy Soil
38.46070535,60.37340328,20.22360056,30.15649222,67.06787536,4.736175424,129.5519552,pigeonpeas,Allvial Soil
77,55,43,25.49941707,75.99987588,6.663559451,193.7141828,jute,Red Soil
1.691257406,68.37407276,22.6754241,23.64699186,23.5923133,5.948176851,119.5918417,kidneybeans,Allvial Soil
113.467479,30.36382867,48.47543131,25.97155444,84.33224875,6.255420933,41.95570068,watermelon,Sandy Soil
60.82388621,52.57562594,36.06753405,22.82640337,82.59750759,6.02490322,258.1628521,rice,Laterite Soil
32.31170754,141.2583419,200.0734504,16.72637321,82.48796194,6.056344628,65.15706015,grapes,Laterite Soil
82.58151618,40.9189891,45.1268386,25.50722644,80.34363356,6.419075596,176.746563,jute,Clay Soil
15.42730168,45.62151127,21.48290198,24.04225485,62.76237999,7.229643446,47.44290033,mothbeans,Clay Soil
38.5458456,17.65269337,30.65657711,27.69944,99.0802932,6.371002563,155.7623479,coconut,Loamy Soil
86,76,54,29.3159075,80.11585705,5.926824754,90.10978128,banana,Red Soil
33.92610279,6.147921824,30.56979194,25.88543663,90.58535488,5.892753447,147.217681,coconut,Peaty Soil
104.6386013,93.27393353,45.47842678,24.88260639,78.69399157,5.726965296,106.8335441,banana,Loamy Soil
103.1282515,17.65087584,44.35159488,25.84871156,80.37367277,6.1832324,43.86412593,watermelon,Clay Soil
116.5284194,52.04472169,20.3869587,22.91869525,74.89227775,6.091698978,67.96615144,cotton,Laterite Soil
61.15827831,55.19241134,33.61368665,26.12721705,80.95593749,7.110639426,152.8020759,jute,Laterite Soil
111,5,50,27.59350075,91.79742953,6.399891457,24.84266123,muskmelon,Loamy Soil
54.42718427,56.2619718,53.81095644,33.45430091,91.55929819,6.72683867,234.3488519,papaya,Red Soil
115,9,52,29.06785065,90.97685539,6.019372459,29.1194739,muskmelon,Red Soil
3.628948604,136.186183,205,17.80788841,79.82166217,6.342455262,69.94605752,grapes,Allvial Soil
50,74,17,27.10053268,63.36085585,6.5408208,73.84949872,blackgram,Loamy Soil
9.823171214,19.05283459,31.79257276,27.12041964,52.4417654,5.588515012,93.82492541,mango,Clay Soil
39.81720866,144.0900122,200.3482209,36.59851002,81.36721123,5.761515413,71.41630592,grapes,Sandy Soil
61.46515481,42.37185972,17.81949223,25.15582969,65.18517566,6.039496391,74.37322092,maize,Loamy Soil
20.57888813,38.92173202,28.88774454,31.5097927,53.45548058,5.79548428,98.2901543,mango,Red Soil
17.96459734,72.98442735,19.93582873,19.55794123,33.0099623,5.631359988,195.5174287,pigeonpeas,Red Soil
4.531352728,37.53486384,34.56241912,29.97888639,46.78040906,4.979830084,91.60239132,mango,Peaty Soil
26.50927127,55.89249026,22.3833035,22.84608129,59.37112672,7.012878151,50.31281633,lentil,Peaty Soil
29.6929117,75.20650336,20.83111539,24.94403657,50.10236923,5.975722089,113.1839142,pigeonpeas,Peaty Soil
69.15151479,49.71815441,24.88529184,23.3948868,60.45810784,5.593006274,64.80988385,maize,Clay Soil
29,142,203,29.67229086,83.71498986,5.891195653,66.48490371,grapes,Sandy Soil
35.82247236,39.63037833,18.08607357,28.11137789,87.65980172,6.335772546,59.4444497,mungbean,Red Soil
12.30823228,34.32876237,31.30242727,29.39259403,49.43726359,6.827024472,97.16227995,mango,Laterite Soil
52,56,85,20.1187446,14.44228303,6.81712422,88.68168643,chickpea,Sandy Soil
115.1179356,31.32350208,29.38349581,24.38396848,67.6782857,6.84449607,123.3383662,coffee,Loamy Soil
53.78834605,61.29227181,76.87188518,18.92730936,16.07407606,6.222548749,78.9019619,chickpea,Peaty Soil
125.3368511,49.57914776,15.58113978,23.25343611,76.13975091,6.491978373,69.56396278,cotton,Black Soil
119.947196,87.5777487,54.04272599,28.14779567,76.14660356,5.94013854,115.4469095,banana,Loamy Soil
50.8320151,71.57708219,74.94771875,19.17108103,15.34891165,7.127045946,79.47984982,chickpea,Loamy Soil
114.1666418,81.98211337,57.05383807,26.41290119,84.13937427,5.870302302,94.39130117,banana,Red Soil
31.16677411,140.6301389,204.4081617,21.21167727,92.66569309,5.862773909,110.852933,apple,Loamy Soil
40,45,18,30.43683729,55.20522037,5.261285926,30.92014047,mothbeans,Loamy Soil
48.38509122,55.6258257,16.72696573,28.61873867,66.03907964,7.577856558,59.94431666,blackgram,Allvial Soil
49.67974464,60.91784682,45.39459585,40.60770984,91.58980177,6.737737786,210.7206634,papaya,Sandy Soil
34.50880085,81.13058943,17.67468734,31.49567655,63.16433719,6.540285924,73.82832832,blackgram,Allvial Soil
0.752660568,67.23513709,23.64003629,17.17070486,20.1958162,5.499955539,102.295344,kidneybeans,Peaty Soil
76.36542263,57.35883045,18.17394862,22.84711635,56.78144978,5.808625235,102.1715502,maize,Loamy Soil
74.67661273,51.96524197,17.02853826,20.67273243,59.49585806,6.84571077,101.2503498,maize,Loamy Soil
39.48313309,23.80083869,25.39886673,28.88399145,50.50804252,5.412016993,96.29918936,mango,Clay Soil
69,47,40,25.37122686,76.2403666,6.130136384,183.8270791,jute,Sandy Soil
84.90871191,21.70317343,52.76227755,25.86039769,82.60449059,6.311248451,55.89914564,watermelon,Black Soil
40,51,17,28.66086349,86.12194568,6.860602782,50.01534317,mungbean,Loamy Soil
33.02968086,47.95483879,49.1007636,40.89066344,91.31467808,6.828159061,180.8534097,papaya,Black Soil
32,139,198,35.89307536,82.66850729,6.358186848,66.53946559,grapes,Black Soil
27.86359365,68.67649182,24.08643212,24.17975395,19.34031156,5.817302031,117.6181957,kidneybeans,Black Soil
28.10070237,130.195331,194.59134,22.04137068,94.2033667,6.074457547,110.6563237,apple,Black Soil
31.3430673,79.49445623,18.89833702,27.77474664,64.95395366,5.946025829,56.28257952,lentil,Loamy Soil
32.69302461,57.03012659,17.24381852,15.47634194,22.93853796,5.711164776,106.7998162,kidneybeans,Peaty Soil
82.96527404,59.18893009,37.62618447,25.53266108,81.51747717,6.905518616,200.1414539,rice,Clay Soil
93.9226826,44.10394222,15.47363522,18.725395,66.2560583,6.056068414,93.07411268,maize,Allvial Soil
95.79913864,24.81872244,51.42731101,26.55509036,80.11358395,6.060693741,48.57005914,watermelon,Laterite Soil
35.74071881,48.28994645,15.58365214,27.13264119,87.38276952,7.015790419,55.14729918,mungbean,Peaty Soil
76.69324005,43.2004799,43.10270504,20.24844092,81.47528958,7.635332544,263.0559215,rice,Sandy Soil
9,77,17,21.65845777,63.58337146,6.280725549,38.07659414,lentil,Black Soil
33,12,8,25.26052689,90.31153735,6.822282114,117.3695296,orange,Red Soil
77.78207551,42.99652152,41.28929481,21.43652752,82.5959898,7.258111371,192.1370387,rice,Allvial Soil
68.78317614,37.30460834,41.92435833,23.11910189,83.90209555,7.063572103,249.2489817,rice,Loamy Soil
116.9116451,34.92563222,24.68582113,27.53472961,58.1282186,6.176240084,156.5124991,coffee,Allvial Soil
18.67818426,80.0499571,18.08009286,20.34803899,23.38053385,5.916883457,139.4407139,kidneybeans,Loamy Soil
80.75452937,5.163257023,55.9424619,25.05966675,85.75658467,6.103495712,50.27702568,watermelon,Peaty Soil
8.930736589,141.4911411,199.9633195,21.25688719,79.54218585,6.109045493,64.76371287,grapes,Allvial Soil
32.35280491,70.58536422,76.83295759,20.90582055,14.94667027,6.486167068,91.2366681,chickpea,Red Soil
1.619454911,25.45968077,39.1743533,24.44370608,90.45698851,5.89025535,113.3750347,pomegranate,Sandy Soil
9.218158522,24.47381171,41.33322841,24.72075652,91.78221833,5.970639404,109.6633713,pomegranate,Allvial Soil
37,77,20,25.93381964,68.70533022,7.080506001,51.02372773,lentil,Clay Soil
32.30399278,58.93995219,19.38376877,22.93696342,63.63586476,7.652850687,48.76111314,lentil,Allvial Soil
10.53749546,65.48447916,26.83134169,25.54839096,62.85428665,6.523139369,47.26093416,lentil,Allvial Soil
33.98418394,67.16407884,49.26374278,27.26301826,94.1748516,6.684529053,40.68931217,papaya,Red Soil
1.998877825,36.98459812,32.03813796,30.96339687,49.50802757,5.75282299,89.98860747,mango,Loamy Soil
12.71147758,21.89090336,5,19.52430014,90.33079839,7.808309195,98.98061064,orange,Peaty Soil
20.77284099,8.159980181,40.52663096,24.67768794,90.30175086,5.9457885,106.0797085,pomegranate,Loamy Soil
82.11984931,20.07711565,53.37641282,28.32974332,93.82685082,6.519477371,21.29857713,muskmelon,Loamy Soil
20,50,22,30.99694676,46.42693735,9.406887533,38.31597852,mothbeans,Black Soil
53.57922779,65.8690482,17.57761072,31.84583619,68.85238072,7.282032471,59.5695446,blackgram,Loamy Soil
26.66711783,122.378583,200.1766246,22.47720825,96.27882346,5.606072063,108.2552838,apple,Clay Soil
33,139,203,33.34214482,82.51034633,5.693287415,70.68098614,grapes,Sandy Soil
84.9541555,51.85751885,36.94155624,24.0587918,88.23638431,6.874095579,153.0215382,jute,Black Soil
28,58,24,19.72702528,18.28173015,5.748190463,143.7630894,kidneybeans,Laterite Soil
16.98060319,29.05155159,28.55047563,29.14110872,91.08095623,5.881794217,204.9580185,coconut,Laterite Soil
88.70223675,28.52875705,51.21023423,24.60574235,89.73981975,6.113021814,47.08891487,watermelon,Allvial Soil
39.71850948,35.09930424,23.80503842,29.56094769,60.42056862,9.089229897,31.75162805,mothbeans,Allvial Soil
7.602780368,58.88994215,24.13000655,20.22928489,38.36883836,4.79259972,136.4629188,pigeonpeas,Clay Soil
100.0797964,52.9169564,35.16187842,21.78639614,79.40022006,6.491046726,278.401675,rice,Red Soil
18.79368325,6.052723017,14.63166313,20.8017461,91.40024426,6.282296331,104.0340057,orange,Sandy Soil
13.08235969,5,39.54379513,24.94631216,85.3281018,5.82192726,104.5622042,pomegranate,Laterite Soil
108,88,55,26.28845991,83.390039,5.891458107,113.8729798,banana,Black Soil
59.90331999,47.81155343,37.65866993,24.04475916,80.091876,7.061696104,230.9637384,rice,Peaty Soil
116,36,25,27.57847581,58.52534263,6.172090205,156.6810374,coffee,Allvial Soil
122.2646827,16.92581414,52.24532411,28.16435956,92.28879097,6.570851763,20.98245912,muskmelon,Sandy Soil
99.70224106,55.9985484,42.38470256,26.18972723,82.21417107,7.455615669,174.4552847,jute,Allvial Soil
53.27661936,67.93031049,78.67877351,17.37114493,16.49238153,6.910761799,88.2037836,chickpea,Allvial Soil
33.91605425,52.53628982,15.77113266,28.82056566,49.10846299,3.539161666,38.84994629,mothbeans,Allvial Soil
111.1364833,39.69289108,15.21311618,23.66482162,77.90928053,6.146881071,83.40311545,cotton,Allvial Soil
19.91755355,139.3356543,202.6613681,19.32017024,82.76764881,5.993688292,68.9586466,grapes,Clay Soil
51.895435,46.90761074,53.42058289,31.22297416,91.4276275,6.766328394,53.7458591,papaya,Sandy Soil
13.70292636,69.82105222,18.02523736,20.88147957,63.61819584,7.213804229,52.22530971,lentil,Red Soil
93,53,38,26.92995077,81.91411159,7.069172227,290.6793783,rice,Clay Soil
30.23669302,23.19114022,45.79143763,19.73109296,88.67870901,5.569898241,107.9366958,pomegranate,Clay Soil
11.23796163,34.55738313,32.15708436,29.4402471,50.88317755,6.81139258,95.99201483,mango,Laterite Soil
29.19760154,25.22774652,31.50186454,26.39878822,98.11834167,5.786701527,208.5525471,coconut,Laterite Soil
108.7334077,47.83921361,16.92311374,24.53969573,84.9764065,6.940909404,63.92682142,cotton,Sandy Soil
104,20,26,27.22783677,52.95261751,7.493191968,175.7260273,coffee,Loamy Soil
40.37645953,60.46779223,19.84706351,34.91174032,64.20465402,6.981604295,64.49995995,blackgram,Laterite Soil
86.85966962,52.34369627,40.94507879,24.15149906,88.47296967,6.877914344,157.6019299,jute,Black Soil
18,9,40,19.44623085,89.02127045,5.627186257,106.1606833,pomegranate,Peaty Soil
1.601822697,34.83737614,26.08491513,34.4481997,50.77226924,5.079771893,95.71183896,mango,Black Soil
3.780390833,14.54747308,31.50584275,36.220353,49.15294375,4.569727567,101.3036839,mango,Laterite Soil
49.40572553,69.66193025,73.52211755,19.95720008,18.1032479,6.562962782,86.60926917,chickpea,Allvial Soil
120.3665052,5.396657757,57.80154664,29.68487415,94.80189496,6.157466258,25.27092667,muskmelon,Black Soil
34.83958876,39.6975989,30.50516624,35.46588882,45.63579188,6.415148114,96.63778511,mango,Laterite Soil
17.39933309,70.87716301,24.18700099,18.33210751,38.19113654,4.915739326,141.0317104,pigeonpeas,Black Soil
3.470535057,49.44970759,11.00946207,29.7944163,86.15200741,6.422041095,58.503354,mungbean,Red Soil
0.494536249,6.788736192,37.83731505,27.03363166,96.16753579,6.238734532,147.0406374,coconut,Peaty Soil
90.50970804,49.14227702,21.25749407,24.63553179,67.20772746,6.47720463,74.75104491,maize,Peaty Soil
33,57,17,27.89636126,88.71782287,6.78415271,57.79863368,mungbean,Red Soil
109.4661035,77.33441571,49.26397418,28.22759676,77.08161788,6.135695169,122.5626484,banana,Sandy Soil
33.74883569,72.33753121,20.69594062,29.40815658,58.54815817,5.963159809,101.0285082,pigeonpeas,Clay Soil
4.158708912,18.03307962,37.73003992,23.04896028,85.49568367,7.126057051,108.8150208,pomegranate,Loamy Soil
110.7140456,23.52349662,54.31372751,28.85421093,90.69340937,6.423206567,22.23213793,muskmelon,Peaty Soil
114.0671566,8.311357465,51.14715841,24.618758,87.81489907,6.58468239,56.0054392,watermelon,Peaty Soil
32,121,199,39.37102553,81.25353895,6.129812716,74.08101744,grapes,Loamy Soil
78,48,22,23.08974909,63.10459626,5.588650585,70.43473609,maize,Black Soil
9.60840274,75.3859967,21.99743314,28.9187363,50.2086456,5.724979235,178.8845477,pigeonpeas,Loamy Soil
59,47,53,32.86316618,91.4618874,6.850663232,47.271547,papaya,Peaty Soil
22.18680282,16.75211835,25.33138258,29.32594916,90.63130842,5.975041759,187.4986832,coconut,Loamy Soil
31.81149203,28.21424145,34.63712201,26.9111996,92.26758638,6.152548339,142.7700757,coconut,Loamy Soil
15.86357536,72.01131618,23.34782103,18.44493181,37.82754088,4.926563756,138.5479669,pigeonpeas,Black Soil
33.07187698,80.65828384,19.83130718,31.49687735,62.71463595,6.553600137,71.87236922,blackgram,Allvial Soil
20.52898813,138.7431882,199.9823714,19.61338092,83.47904232,5.984383242,67.39584688,grapes,Clay Soil
61.23081239,41.83009068,35.13571882,22.78156967,82.3026963,6.417740667,251.7695269,rice,Black Soil
5.041943588,29.1913115,44.1342541,21.00658847,93.70094141,5.556748733,104.0944217,pomegranate,Loamy Soil
27,21,30,35.3915464,52.48823147,5.061081874,91.22881052,mango,Clay Soil
15.36472598,6.377127691,42.35280039,19.21309693,88.67152109,6.890810131,111.7871571,pomegranate,Laterite Soil
103.6387988,24.65155395,56.13667577,29.76087864,90.55761725,6.117815056,23.57248798,muskmelon,Red Soil
15.07866855,64.42827897,19.4658037,27.53112334,70.31905272,7.037282426,43.958322,lentil,Allvial Soil
105,56,15,25.96779712,81.97904282,7.272316209,74.14169043,cotton,Allvial Soil
116.8705021,27.95509172,51.19772145,26.66684449,80.51921374,6.811947201,56.88832221,watermelon,Allvial Soil
13.97635841,27.14939206,30.48143364,35.60788837,48.43123802,6.919262756,94.46911015,mango,Allvial Soil
40.58416953,49.8953364,48.28413221,42.86347135,90.75358329,6.481197837,243.1963032,papaya,Laterite Soil
16,15,42,19.67832052,89.08935702,6.890784045,108.5468633,pomegranate,Red Soil
80,26,55,24.53442564,88.989272,6.140099215,49.11618732,watermelon,Allvial Soil
40.48583378,62.7569276,20.09862808,27.15313355,33.17083473,4.671310091,97.83162408,pigeonpeas,Peaty Soil
97.95346686,5,47.93626265,24.04992902,84.19529073,6.649010823,51.43566344,watermelon,Loamy Soil
28.29821371,60.27765762,21.68342277,28.66107888,62.83446589,5.463060016,185.3458514,pigeonpeas,Red Soil
35,135,199,21.77466746,80.54942557,6.400719746,69.39630398,grapes,Allvial Soil
32.3003221,138.0565691,198.0776745,9.51731226,80.79457501,5.912875828,67.07005725,grapes,Loamy Soil
15.40941253,144.7607486,200.1110746,27.11178752,80.61385441,5.989784931,66.81633793,grapes,Clay Soil
83,23,55,26.89750174,83.89241484,6.463271076,43.97193745,watermelon,Laterite Soil
23.63167962,61.27529031,14.46543298,22.628084,65.53233746,6.224560721,40.31787983,lentil,Loamy Soil
71,52,18,25.10787449,55.97732754,5.790770203,78.16077693,maize,Peaty Soil
4.263723255,60.63146732,21.90454009,22.2171662,22.67678617,5.95893072,77.8879422,kidneybeans,Black Soil
13.51396557,27.41574271,30.58147393,35.67937697,48.53840212,6.939807271,98.02714647,mango,Allvial Soil
60.84807446,67.24648051,82.02746245,19.24429222,17.95783158,6.641265239,84.16228672,chickpea,Peaty Soil
7.389665868,122.149784,199.7479103,24.22690755,81.8509244,6.043183589,69.07871402,grapes,Peaty Soil
107.2963917,71.6729742,47.22896756,28.0146242,80.94334277,5.773696613,92.21259973,banana,Clay Soil
98.59820586,47.69573708,37.60817729,23.64035718,81.19003986,7.342537243,225.8782937,rice,Black Soil
13.03783061,70.2641763,19.6677958,17.30629115,21.14873248,5.872840291,113.9358832,kidneybeans,Red Soil
59.38046254,56.83880887,41.07901141,25.13556278,88.10396338,7.052021103,150.5703781,jute,Loamy Soil
20.11471887,61.47097479,20.0379688,15.60566237,19.24635067,5.957584259,107.6199581,kidneybeans,Laterite Soil
97.03596775,13.63130386,48.95216215,26.01691707,80.62346891,6.284409885,51.5903044,watermelon,Black Soil
30.70612383,131.1847841,196.7050891,40.65942104,81.40172282,6.361545495,73.80679639,grapes,Laterite Soil
107,43,18,22.426733,81.53480799,6.745104394,65.54475812,cotton,Allvial Soil
36.43913522,6.44581827,23.69531059,25.54341136,96.60424062,6.155877438,193.2633768,coconut,Red Soil
39.51573298,70.87091425,16.01417462,20.84382331,62.8817555,6.357063844,47.90508492,lentil,Laterite Soil
118.9411597,25.88576297,30.05492356,27.79879886,67.54888668,7.059744367,112.6857111,coffee,Red Soil
12,142,203,31.3115978,82.56407013,5.972850838,65.01095312,grapes,Red Soil
26.53914767,73.3911303,79.18589178,18.09066097,18.55808994,8.749690994,81.58026439,chickpea,Allvial Soil
106.8213258,69.09690637,52.65396107,25.91801666,79.0723355,5.742369881,117.1126154,banana,Laterite Soil
83.43470043,20.9576604,27.2462342,25.61865221,59.51107454,7.469878516,189.2032881,coffee,Allvial Soil
29.85621291,19.64333896,36.91437814,22.6658828,92.44487534,7.045006232,111.2394021,pomegranate,Peaty Soil
20.70258816,19.88748829,38.69973144,34.29632306,50.56929668,6.088253224,96.7222199,mango,Allvial Soil
24.50640097,56.63321356,15.96564922,17.25915761,19.15948701,5.564959789,88.8005971,kidneybeans,Peaty Soil
71.6851575,44.1691667,41.08651113,24.34130388,88.76763627,6.164008771,170.972464,jute,Peaty Soil
91.21583675,34.13149391,40.27288077,21.93846709,79.80965541,6.360938413,201.2347802,rice,Peaty Soil
92.96288391,92.90722059,47.89768365,28.00479995,83.14053507,6.087036224,117.5543148,banana,Laterite Soil
77.36510468,42.01672444,42.06051535,22.02563472,81.45363962,7.041658555,208.046445,rice,Black Soil
6.224668411,35.1023493,19.5270147,27.51923864,85.51471515,7.016318151,43.96175538,mungbean,Allvial Soil
116,81,55,26.42313317,83.6995044,5.915546415,95.12322062,banana,Red Soil
31.94102681,25.41162856,5.695482568,11.47436492,91.00163056,7.585693443,103.6389989,orange,Red Soil
1.577474447,124.5742685,198.2749523,39.62335388,80.83820763,6.260515586,70.88178784,grapes,Loamy Soil
21.5391774,79.71486455,77.03190927,17.90237337,18.59553997,8.675171603,76.65790149,chickpea,Allvial Soil
27,73,79,19.16288268,15.83500655,7.354973451,82.69766829,chickpea,Black Soil
89,52,45,24.89326318,77.01222585,7.207457208,196.469984,jute,Clay Soil
33.13985889,77.50367329,14.8504722,23.85661321,66.07116535,7.805264286,38.47235655,lentil,Red Soil
3.548804333,143.2061602,192.6534088,22.6696596,90.30645858,5.637219673,110.2081169,apple,Clay Soil
10.27417432,125.5953181,196.1546087,22.59819934,89.83796263,5.701962224,115.513247,apple,Laterite Soil
23.26944352,44.89361657,25.92247165,28.95817158,85.37215187,6.992533032,53.03452633,mungbean,Clay Soil
100,74,52,25.43480512,81.53977797,5.837258235,96.47800391,banana,Laterite Soil
24.00036728,73.41185053,22.67262766,19.70881526,33.40038037,4.587946076,175.849209,pigeonpeas,Red Soil
36.76483119,28.68913798,34.00510987,27.62149822,55.04524226,6.789596205,99.72314039,mango,Black Soil
19.45326004,124.9491205,202.0323536,34.9947023,80.63553579,6.192069555,67.66413616,grapes,Sandy Soil
139.2793132,39.22914584,16.02970598,24.04874274,75.84896752,6.00245863,69.02035371,cotton,Black Soil
34.72962914,122.8716566,201.8828362,19.79376729,80.6867484,6.120427793,70.34925576,grapes,Allvial Soil
6.609653959,16.63641685,14.39909574,9.942493289,90.45156622,6.496513757,107.3217188,orange,Sandy Soil
87.61915079,61.06319316,17.31224571,25.15378479,66.03709505,5.934238294,79.63389733,maize,Red Soil
100.6133121,69.72820304,46.52438256,26.57406411,82.81016049,5.73156428,99.81725279,banana,Black Soil
16.14627415,56.49546932,18.55447106,27.94538436,46.18238794,5.973046547,71.60253981,mothbeans,Clay Soil
64.76344762,54.44972157,41.84061146,23.56881536,71.61400196,7.119689652,161.4822205,jute,Black Soil
36.60709213,71.97066204,18.2741129,18.77983695,24.94233632,5.715630871,105.623467,kidneybeans,Red Soil
53.08200735,56.3948996,83.49647914,20.36753536,14.64749556,6.839883613,87.99656927,chickpea,Sandy Soil
49.09636626,54.23848823,50.41321342,25.8255274,92.8391948,6.769520232,94.60824807,papaya,Allvial Soil
52.97822595,67.11419721,16.25034734,31.69065248,68.13566738,7.308412282,62.29642561,blackgram,Loamy Soil
38.53549888,140.4794477,197.9194311,13.00407032,80.9502826,5.722939463,72.05337785,grapes,Clay Soil
89.4093361,36.40195958,41.84570315,23.48056913,80.97545118,6.98273735,205.968762,rice,Allvial Soil
36.38281159,138.2036702,199.7728438,21.37757918,91.73629907,5.650521507,103.8014182,apple,Red Soil
26.39554183,25.70994804,32.5585155,31.27497496,51.40538563,6.808820631,89.34531576,mango,Laterite Soil
36,54,46,42.54744013,94.94482086,6.662875839,214.4103848,papaya,Sandy Soil
41,78,21,25.19857725,60.37332688,6.581313137,70.88787207,blackgram,Sandy Soil
10.50986383,19.65361585,37.53820698,20.10614503,85.13956643,6.007167703,111.702312,pomegranate,Loamy Soil
35.90522654,127.4026622,204.8103496,25.26877862,80.75247151,5.670987831,67.115079,grapes,Allvial Soil
81.6592974,57.70105287,41.54799056,21.76534331,80.11263218,7.066574365,229.1449942,rice,Allvial Soil
9.437026757,9.424249445,8.468535239,22.10304785,94.21946155,6.001449124,104.1470965,orange,Peaty Soil
35.06697646,55.3937504,19.04850141,25.52958578,49.45135055,7.413018115,33.11925064,mothbeans,Loamy Soil
24.29823978,72.641323,22.99904397,28.64531866,60.58788666,7.209423485,76.66223657,blackgram,Allvial Soil
107.6050457,35.78545885,21.60823755,24.26158274,61.58765114,6.944604816,161.5554714,coffee,Sandy Soil
35.79467734,74.28796668,18.15506929,18.87795061,24.93789658,5.698355499,107.9034255,kidneybeans,Red Soil
103,16,49,24.06731461,81.64075303,6.915717008,51.75212401,watermelon,Black Soil
20,29,10,29.07412717,93.27189064,7.36549204,100.7896871,orange,Clay Soil
106.2654965,58.9162593,15.06545085,22.860661,76.6890542,6.51482964,97.74307835,cotton,Laterite Soil
31.08678923,74.21405047,79.45077127,20.63750611,15.00517056,6.026454197,90.71138381,chickpea,Loamy Soil
82.31144178,35.98690636,33.35447613,25.37934612,86.32780632,7.316154475,176.0641406,jute,Loamy Soil
20,129,201,23.41044706,91.69913296,5.587905967,116.0777931,apple,Black Soil
39,5,31,27.10134661,93.69979946,5.551963184,150.9502632,coconut,Laterite Soil
1.149642681,135.3307388,205,22.76163154,92.35595515,5.639780436,113.785052,apple,Red Soil
97.24684519,5,50.23221568,23.85038816,85.36578081,6.643545583,53.10869998,watermelon,Loamy Soil
28.81014459,64.10041035,21.85707465,28.401886,63.02202372,7.435795383,75.37619569,blackgram,Clay Soil
16.16400112,54.0255034,22.68018702,21.93987168,57.36439295,6.966214457,135.1150195,pigeonpeas,Loamy Soil
110.6997623,29.22346973,51.75062381,24.64073858,83.7344462,6.739612753,56.17860543,watermelon,Black Soil
18.33546266,25.87151542,26.73767958,26.40183041,90.07604841,5.533563361,165.8488166,coconut,Loamy Soil
2.942071575,79.07694438,13.5930278,21.53069612,64.74508056,7.493806376,32.81215083,lentil,Laterite Soil
117.6088926,20.77658559,49.67731685,29.23679578,92.63783423,6.289795685,20.89581816,muskmelon,Laterite Soil
29,17,29,29.20394909,95.66997327,5.959493188,211.2506267,coconut,Black Soil
31.04585591,17.35791766,33.74910146,31.29326539,54.89773461,6.80052634,93.40488435,mango,Clay Soil
1.832577993,31.06284184,30.99533343,26.10788556,93.63253014,6.349628828,205.0223319,coconut,Sandy Soil
23.41359267,72.05454008,16.61740103,34.41167566,62.79030044,7.426549291,59.84851147,blackgram,Sandy Soil
0,64.39200427,15.47811155,23.53006132,22.81011211,5.627809098,92.93377539,kidneybeans,Clay Soil
67.22593617,51.44355662,50.43481233,24.5988965,92.30154007,6.579435066,61.65593896,papaya,Red Soil
74,48,17,21.63162756,60.27766379,6.430616465,69.21803098,maize,Laterite Soil
96.44334403,19.46634263,46.91758048,25.47541426,84.35213598,6.841866702,44.16822843,watermelon,Loamy Soil
41.21168129,140.3677267,200.2752147,40.96313479,80.09616799,5.579619922,68.52198409,grapes,Peaty Soil
0.657334184,139.9290829,197.8190677,22.63313554,92.33126867,5.520704628,106.5535893,apple,Red Soil
100.9783967,30.87816677,25.80862939,25.16947915,57.35274094,6.04218735,120.9851497,coffee,Peaty Soil
26,37,30,35.39986338,49.45962621,6.166173834,97.41054011,mango,Loamy Soil
50,46,52,31.18298415,90.21646909,6.734005648,54.01872359,papaya,Sandy Soil
20,60,22,29.65052947,42.89833235,6.876572503,186.9226052,pigeonpeas,Allvial Soil
7.600975915,71.34278901,17.06663652,20.39950676,19.78952747,5.699246601,91.38803147,kidneybeans,Sandy Soil
26,66,22,18.06486101,65.1034354,6.300479414,51.54922825,lentil,Laterite Soil
24.77149767,20.15005938,24.86420802,27.48146681,93.59326205,5.875175354,142.8436733,coconut,Laterite Soil
36,7,37,19.8671184,86.35590206,5.782435567,108.3168858,pomegranate,Black Soil
25,71,24,28.49538735,60.44848407,7.187721818,74.91559514,blackgram,Allvial Soil
0,16.52540804,31.12780158,35.23785437,48.53897227,6.312681363,96.9731443,mango,Red Soil
5.527784576,62.86381328,23.42501053,27.59652588,66.19746686,4.733538568,145.5036875,pigeonpeas,Black Soil
28,79,16,24.70626432,60.26854183,6.052184881,53.12442925,lentil,Laterite Soil
29.88123016,38.56320213,19.32617835,27.16816207,86.27071545,6.724259434,34.50307723,mungbean,Peaty Soil
85.56788402,54.70577541,20.47922828,25.67902653,63.44726719,6.545914511,108.2143942,maize,Allvial Soil
58.13588325,55.97471802,34.53436633,26.38871607,79.49984131,7.114679512,148.4249749,jute,Laterite Soil
35,128,205,21.07273439,93.56585985,6.041053829,107.8737015,apple,Black Soil
23.73304842,55.82359288,77.11242671,17.28345919,15.027258,6.633466211,77.07460928,chickpea,Sandy Soil
37.93467941,10.75818941,35.69974911,24.26508787,85.58304594,6.686695622,108.8719435,pomegranate,Black Soil
27.56655905,144.8082207,203.1529532,22.28681581,91.75558408,5.784185142,116.4809958,apple,Sandy Soil
0.820996231,123.3716125,198.9972402,23.78974104,92.75869295,5.681800698,113.2769105,apple,Loamy Soil
12,78,23,16.06522754,18.72479695,5.99812453,88.06638775,kidneybeans,Clay Soil
39,64,53,23.0124018,91.07355541,6.598860305,208.3357976,papaya,Peaty Soil
24,80,22,16.71170642,19.17651433,5.635993966,96.77285817,kidneybeans,Peaty Soil
106.9303435,92.27679187,56.13107871,27.51635859,83.9081932,6.27448121,103.0185442,banana,Clay Soil
68.85393804,50.91041798,49.46873205,24.78617531,91.90432999,6.545463285,64.15485789,papaya,Red Soil
7.947110804,119.9681375,195.2344178,24.00442025,82.58087697,6.061586167,70.01722987,grapes,Peaty Soil
16.44873958,7.996838063,30.25026812,29.30187069,91.86399594,5.84683198,132.6191364,coconut,Laterite Soil
2.064767132,73.48359359,16.08909961,26.61270341,61.39771892,7.792564391,50.83996752,lentil,Laterite Soil
73.0632897,42.34816581,25.15560354,25.96486446,61.3187564,6.358543523,100.4656891,maize,Sandy Soil
39.06326998,65.59912624,54.76354675,35.62167687,91.14410714,6.524306978,234.411117,papaya,Peaty Soil
18.54693372,75.63092201,23.5105912,34.98941512,38.94159211,5.163763961,149.6613322,pigeonpeas,Loamy Soil
117,51,15,22.9535715,78.71555832,6.044556594,99.75336197,cotton,Loamy Soil
23,59,19,21.98560799,24.87304788,5.852046999,129.5650601,kidneybeans,Black Soil
133.969806,55.9582885,19.65435959,23.41525949,76.57271023,7.964408531,81.94060464,cotton,Sandy Soil
104.918346,55.50387912,15.50977955,25.94193126,82.37024337,7.28948761,74.59667652,cotton,Allvial Soil
27,79,82,17.06579293,17.54024066,6.307004923,70.87150577,chickpea,Red Soil
11.9621056,123.1101627,201.9530249,13.28202592,81.74712742,6.325113013,70.63233236,grapes,Laterite Soil
45.85438637,59.01711797,20.12800971,28.05386456,65.07013048,6.816241352,72.45019387,blackgram,Black Soil
7.941915264,6.829494631,9.849905333,28.18861032,92.22637091,6.937148638,104.4661336,orange,Laterite Soil
44.18713702,46.29370208,56.98971353,38.3800681,91.79162448,6.754580601,121.7089111,papaya,Laterite Soil
97.25455693,46.54565444,22.68790985,20.11193045,70.26422337,6.48322143,64.62767156,maize,Allvial Soil
37.12559829,65.4102273,79.12151033,18.45200599,16.25729369,6.025940724,76.13504438,chickpea,Clay Soil
9.504216127,13.94928146,32.57098368,29.05733044,98.56826823,5.536326259,214.6230994,coconut,Laterite Soil
96.93096573,42.99988417,33.58385336,25.60132309,75.94223827,7.333695162,189.1962963,jute,Laterite Soil
31.27596132,67.72881179,45.07032499,42.92736913,88.78882465,6.945449617,197.066406,papaya,Black Soil
3.181143771,57.43886835,17.41399681,28.37774708,53.84107144,8.675161765,50.80124022,mothbeans,Sandy Soil
2.866246384,26.18241146,33.08859544,30.29039826,47.68169638,5.749301296,95.02457387,mango,Red Soil
26,80,18,19.32509638,23.3334788,5.581021521,104.7783947,kidneybeans,Red Soil
6.89941281,34.71688933,19.52511233,24.36196365,58.97226385,8.845758118,41.53816967,mothbeans,Black Soil
34,60,23,20.12574053,24.96969858,5.659254981,100.0497183,kidneybeans,Sandy Soil
32,56,18,20.0467711,65.84395319,7.135251532,46.05333124,lentil,Clay Soil
16.9645449,57.75097007,22.40323221,28.05672054,85.5988466,6.428349052,38.02408143,mungbean,Laterite Soil
51.62893758,63.62141981,16.69357881,29.68834831,68.59052715,6.912537842,72.14089663,blackgram,Black Soil
5.947080763,42.94236926,19.52491806,27.81466722,83.34960736,6.903832525,42.31932954,mungbean,Black Soil
20.3753812,41.03458729,15.20274796,29.52736913,87.58078041,7.212627521,46.45300717,mungbean,Loamy Soil
2.51531785,73.17837958,20.44751348,26.575431,60.37349709,7.811491636,47.49006463,lentil,Laterite Soil
120.0944147,22.48937303,29.59828571,25.66523656,51.36588152,6.865183362,199.2933981,coffee,Clay Soil
100,58,41,23.17403323,87.88255345,6.658769991,160.6217342,jute,Loamy Soil
67,45,38,22.72791041,82.1706881,7.300410836,260.8875056,rice,Peaty Soil
34.73233233,56.28170874,81.32679005,18.68491287,18.79035911,7.486609194,67.9142454,chickpea,Allvial Soil
36.18501873,5.567243464,24.57371247,25.44463964,97.96648783,6.147759547,192.7530211,coconut,Red Soil
96.44052104,40.97938771,40.2018093,23.70650494,71.95143528,6.060787291,190.5338102,jute,Sandy Soil
9.585604658,28.69830707,33.71815335,28.32315849,96.40618487,5.657832762,150.2099643,coconut,Clay Soil
16,29,13,32.31944397,93.67804556,6.196907944,117.6236473,orange,Clay Soil
25.85006978,72.70652809,23.21581385,31.61074651,48.1688983,7.02291313,167.5164683,pigeonpeas,Black Soil
36.38621408,129.1563181,203.2908334,25.4661168,81.04806495,5.704196618,66.94286859,grapes,Allvial Soil
8.054200249,22.56020156,38.87221259,19.26791431,87.95754317,6.997484791,102.0582331,pomegranate,Loamy Soil
99,12,52,28.69708334,94.30759855,6.002927293,22.21807088,muskmelon,Loamy Soil
35.42434216,11.80966248,12.11910182,17.1983661,93.18509753,7.209164969,110.9003058,orange,Red Soil
20.08674173,68.79408402,17.5264372,29.92275377,59.43435515,6.582639414,68.6926535,blackgram,Red Soil
27,30,5,32.71748548,90.54608254,7.656978112,113.328978,orange,Peaty Soil
98.55173274,55.5739677,40.74549016,26.36946771,82.99953088,7.458537843,177.083599,jute,Allvial Soil
2,129,201,22.78234161,94.36803516,5.682343744,122.1449949,apple,Laterite Soil
139.9559625,39.91115657,16.73603216,22.79299902,77.70556426,6.041329269,77.32843044,cotton,Laterite Soil
38.91531926,64.09007826,51.04684845,35.3831222,90.89878993,6.668002635,164.900139,papaya,Clay Soil
29,25,14,30.49183837,90.4582865,7.781988584,113.3302105,orange,Laterite Soil
23.47072103,75.34993783,19.51340511,25.02483405,64.05023716,7.16947022,47.129456,lentil,Red Soil
19,30,30,29.56549169,91.40896307,5.826381164,224.8315729,coconut,Allvial Soil
100.0008569,57.08490627,41.16589878,23.09548137,87.32120773,6.646153955,161.9932104,jute,Loamy Soil
19.21854707,25.01107906,13.89517042,20.26701097,92.94509573,7.166377441,110.796656,orange,Black Soil
27,61,15,25.2653291,67.10004577,6.958054839,48.33941188,lentil,Black Soil
93.64245483,58.4545717,39.51071721,20.62587564,84.57755055,6.908497148,276.7066068,rice,Laterite Soil
5.597631284,19.87143701,39.5886949,24.32331209,94.70401246,6.5238774,103.865073,pomegranate,Allvial Soil
0,69.73545137,23.4095223,36.29961267,55.88810217,4.656562092,102.4156624,pigeonpeas,Loamy Soil
86.83663889,35.66859341,15.0110834,25.10073861,65.65304966,6.435794792,65.93517538,maize,Allvial Soil
65,60,22,25.36768364,72.52054555,6.606984086,107.9124111,maize,Clay Soil
96.70372453,8.892579477,51.0267007,24.95024054,87.82231189,6.249771771,49.04750706,watermelon,Allvial Soil
16,6,29,29.28725038,91.95614918,5.868285082,132.1491176,coconut,Laterite Soil
17.20039088,56.92538017,22.97678746,28.51298057,44.38788685,3.769256297,66.75675484,mothbeans,Allvial Soil
36.65485474,31.2346278,36.16361401,27.2351018,46.88581676,6.424070792,96.3205707,mango,Allvial Soil
94.90031184,74.21761446,48.83284639,28.11477333,74.22275379,5.6221844,117.6494678,banana,Sandy Soil
20,142,196,10.89875873,80.01639435,6.207600783,68.69420397,grapes,Clay Soil
0,26.78725545,36.70752833,24.07303411,93.98285791,5.651417778,103.4958218,pomegranate,Black Soil
123.4384483,58.14561629,16.62060877,24.06700192,84.63519126,6.823609914,81.82590715,cotton,Sandy Soil
32,70,20,20.89342749,46.24856523,6.208843215,195.5697875,pigeonpeas,Laterite Soil
22,55,16,23.7937153,68.03209183,6.516317561,49.73922097,lentil,Sandy Soil
5.995364192,140.3880098,205,17.75053583,83.21751045,6.343288072,72.47270742,grapes,Laterite Soil
11.55583595,6.496775656,10.22012123,15.9490234,92.08625919,7.987297709,109.2413556,orange,Sandy Soil
17.9850432,60.18685529,17.34070575,18.26434262,24.0007107,5.633581735,133.0398477,kidneybeans,Sandy Soil
109.0222088,37.57563501,23.50931518,22.58877239,77.23506346,7.178066912,73.38797589,cotton,Allvial Soil
3.584491464,135.917055,205,17.40270454,79.94387055,6.337931544,70.05166073,grapes,Allvial Soil
83.28372251,44.20533716,39.47316999,23.01973677,80.81261189,5.095179653,242.788938,rice,Laterite Soil
100.0806026,79.09806876,55.80063878,27.36053934,77.64388054,6.01426688,107.2766006,banana,Red Soil
11,124,204,13.42988625,80.06633966,6.361141107,71.40043037,grapes,Laterite Soil
84.01638704,30.5475584,36.11544356,26.86628531,52.18316131,6.235987228,156.6069186,coffee,Loamy Soil
106.0700283,59.23537879,21.60089581,23.20608169,77.10739568,6.184902452,85.87584494,cotton,Loamy Soil
0,64.6754834,14.83891199,23.60886648,22.36465561,5.628382214,94.77940636,kidneybeans,Clay Soil
101.2129051,32.12164331,24.96413074,25.27223536,56.90872234,6.06201347,124.4225002,coffee,Peaty Soil
15.11342236,71.22961869,23.03675037,18.40633234,38.71431414,4.95292432,138.7546616,pigeonpeas,Black Soil
58.74232726,57.44954426,51.12076671,39.23957686,89.90005501,6.999261396,104.6800799,papaya,Peaty Soil
24.71845686,13.38449152,5,17.24274894,95.52698717,6.941846616,109.2142081,orange,Laterite Soil
55,60,15,32.79766751,68.77994074,7.163043872,64.11411069,blackgram,Black Soil
96.62609709,48.23334691,40.62126266,24.54308353,80.91853664,7.117863695,259.2286804,rice,Red Soil
120,20,34,23.56960509,50.56339727,6.906124587,130.3797119,coffee,Allvial Soil
110.6783062,6.378608779,53.36023611,26.33061216,83.22037092,6.511731506,50.78231693,watermelon,Clay Soil
24.23169595,56.00610506,83.56811439,18.65409103,16.71415934,6.546478897,80.40165536,chickpea,Sandy Soil
49.35508723,77.42785169,16.89038805,26.88686109,68.4881387,7.38397025,60.75660126,blackgram,Loamy Soil
24.29484728,131.569874,196.6949331,22.02037189,84.13695116,5.715973506,64.46785683,grapes,Sandy Soil
90.46289807,22.17120447,54.98554542,28.55566151,90.92393197,6.186919264,24.47279046,muskmelon,Peaty Soil
9.55853176,75.28267892,18.6153951,19.98211563,23.66717653,5.792841279,105.3310449,kidneybeans,Loamy Soil
116.8934416,23.92397546,55.52235922,29.29585148,92.75442301,6.435315102,24.55347994,muskmelon,Allvial Soil
78.56503527,44.02462658,19.34261494,23.83113788,59.87023529,5.738970323,89.92166288,maize,Black Soil
14.9271215,27.17050078,27.90390343,33.80776637,44.92105453,4.517573985,93.33741556,mango,Black Soil
60.03087881,56.15660645,40.32349086,24.91098755,87.62465518,7.050094623,151.7840949,jute,Loamy Soil
38,120,197,17.5438296,82.94703302,6.323722572,73.77063744,grapes,Allvial Soil
11.94688504,11.27707957,47.45059052,22.83976762,88.48174964,6.408849881,105.7598658,pomegranate,Red Soil
16.83816595,59.82573642,14.2172594,18.37818123,23.19901392,5.701509152,130.8089529,kidneybeans,Sandy Soil
100.8922538,25.32986164,48.32344088,27.99970068,93.29593356,6.080553627,21.37231426,muskmelon,Black Soil
5.235695002,77.10786778,22.34434838,25.72325555,60.23483225,6.059014722,49.84105258,lentil,Clay Soil
12.30679632,133.4109528,201.9428524,23.87219927,81.34401025,6.451377913,73.14058193,grapes,Clay Soil
10.99123842,46.45293315,24.30821145,27.76758414,89.33504202,6.461952489,58.39391334,mungbean,Red Soil
59.50088049,58.75399517,18.69868242,28.56206503,64.76924406,7.355212246,58.21965276,blackgram,Peaty Soil
4.570852904,57.59203608,24.95926766,24.87722255,44.92870502,5.001986165,188.472668,pigeonpeas,Laterite Soil
30.44881151,28.7873176,31.09787907,31.62152096,51.48207872,5.057705594,96.82941094,mango,Loamy Soil
26,9,32,25.9490364,94.73860514,6.470465614,144.1571109,coconut,Peaty Soil
18.17905378,77.2379067,20.41042593,20.50674813,23.5559438,5.908505471,137.3125838,kidneybeans,Loamy Soil
0,25.40130568,29.33905585,25.2873255,96.05482491,5.540769328,193.3281185,coconut,Clay Soil
23.74893322,22.2497856,24.51607003,26.55259931,93.6225361,5.909662022,148.6041017,coconut,Allvial Soil
34.70225417,65.79522942,16.1535474,30.25387611,69.24789791,6.625269765,64.03746583,blackgram,Red Soil
118.6143689,46.68025226,22.32988929,22.63752438,82.61649595,6.441232581,65.35926535,cotton,Red Soil
14.82470841,64.71459778,14.97339633,18.22803787,62.49486726,6.068544662,53.75710018,lentil,Peaty Soil
98.60440041,56.42627697,15.66446901,23.9362481,72.7502858,6.216682673,70.80333867,maize,Sandy Soil
112.2540626,79.33454783,53.98668478,28.05643291,74.86357561,6.166063688,120.4202413,banana,Sandy Soil
117,79,49,25.40909896,82.36208097,6.176644228,112.9794804,banana,Sandy Soil
8,50,21,28.62911222,89.1148059,6.218923893,50.49913241,mungbean,Sandy Soil
114.5306397,94.22985688,53.02084246,26.14052221,76.89675937,6.209495201,117.4063528,banana,Sandy Soil
22.57670882,70.2843022,15.45773935,18.3056078,20.89805868,5.545872803,70.05616491,kidneybeans,Clay Soil
93.53116928,82.53303135,51.48188693,27.61684247,81.17955528,6.432903066,95.50091297,banana,Peaty Soil
95,88,52,28.00316034,78.90085998,6.235461772,94.68180316,banana,Red Soil
19,79,19,20.06003985,67.76252583,6.677262562,42.89509057,lentil,Loamy Soil
37,18,39,24.1469628,94.5110662,6.424670614,110.2316633,pomegranate,Peaty Soil
91,55,15,18.09300227,72.61024172,6.376651091,78.96159541,maize,Peaty Soil
67,60,25,24.92162194,66.78627406,5.750254943,109.2162279,maize,Loamy Soil
1.391785735,122.8640243,198.3969851,23.53146273,93.97073311,5.656513177,113.1876883,apple,Loamy Soil
103,42,17,24.29470232,84.61527627,6.527541661,81.05902285,cotton,Laterite Soil
11.55673415,30.99113548,28.11964406,36.06703816,52.24458428,5.380573268,99.73092256,mango,Sandy Soil
95.3569202,29.66448407,27.57493615,27.64394436,54.34474757,7.178771318,142.0881186,coffee,Red Soil
115.1297517,19.82834144,26.46825982,25.38505423,62.59886906,7.29564585,195.7102212,coffee,Clay Soil
66,47,36,24.85441411,74.4407048,6.57256106,175.572958,jute,Black Soil
15.92001311,66.36468568,18.00076647,17.97653276,62.54860874,6.078826879,50.20299911,lentil,Peaty Soil
113.4653586,93.09343665,53.80268104,26.45525074,77.32157339,6.177421597,118.3922023,banana,Sandy Soil
25.92578737,63.32445331,15.30437118,29.69860147,66.0528177,6.946562674,44.15756383,lentil,Peaty Soil
86.77556218,32.75331806,24.76214495,21.40926568,63.53465366,6.195670726,66.6306664,maize,Clay Soil
75.34561981,37.61607592,38.1875318,23.21658318,83.56219673,6.248038456,283.3251682,rice,Peaty Soil
12.5786631,61.60991201,22.51280948,18.00563377,70.7223973,7.587460154,49.0324832,lentil,Loamy Soil
51.26422782,71.57165528,75.8974069,18.91339945,15.67821802,7.124230575,81.69860549,chickpea,Loamy Soil
118.2173683,78.91928409,46.62427688,25.54696298,80.59964884,6.19902633,113.8841294,banana,Sandy Soil
28,65,23,28.38686534,61.88871127,7.405176138,74.24459122,blackgram,Clay Soil
54.15981796,58.7936906,81.88637995,20.12668215,14.43617743,6.7914677,90.96851459,chickpea,Sandy Soil
29.40071508,131.8126373,205,22.9365127,89.69112148,6.123757844,107.548384,apple,Allvial Soil
85,89,51,29.21144871,84.70189923,6.158164422,108.5501443,banana,Laterite Soil
22.73980826,36.30157118,23.67433012,28.70516397,42.7743547,8.001909862,33.55072341,mothbeans,Peaty Soil
6.70386883,60.87856563,24.00462874,20.61819124,19.00921888,5.834102522,119.0392787,kidneybeans,Allvial Soil
119.7911739,7.824376532,54.0171874,26.19948632,84.7373617,6.050200317,44.65353111,watermelon,Black Soil
82.27959267,34.70551052,34.30461118,25.61941675,86.59401675,7.301069891,175.5937188,jute,Loamy Soil
114.9341571,40.29646933,33.03256172,25.15126129,54.2704805,6.99152605,127.3659395,coffee,Laterite Soil
13.90750868,30.13318881,34.07863888,20.87027494,92.19253803,6.246941306,106.6477543,pomegranate,Red Soil
114.1800711,53.03184734,18.78003343,22.97462644,75.09519159,6.145120641,67.30859665,cotton,Laterite Soil
36,65,16,25.71269843,64.1123333,7.692013657,50.17067771,lentil,Sandy Soil
118.2566893,8.074721968,49.30029501,26.71795151,85.34892226,6.261775712,42.92873239,watermelon,Allvial Soil
34.27657578,125.2695059,205,19.81533771,80.22939064,6.100117766,75.93259974,grapes,Allvial Soil
83.0049592,44.50381356,21.82575902,21.8146618,62.60051443,5.853663795,108.9086918,maize,Sandy Soil
54.4409388,65.82007698,54.71950503,36.46527011,93.22425136,6.860783757,105.6287364,papaya,Black Soil
62.92831121,49.88303525,36.11923295,24.23936238,81.82874746,7.471865985,162.6907752,jute,Laterite Soil
34.90337123,7.737650846,31.61465093,26.95738198,97.0280276,5.917358042,171.5527264,coconut,Sandy Soil
66.96662111,63.90958722,48.26124197,31.77590226,91.52820178,6.52826901,79.59000001,papaya,Loamy Soil
108.0913293,48.71172857,25.12968286,25.47414661,77.32397085,6.434783937,67.74582127,cotton,Red Soil
68.72995422,65.52645899,54.38536663,27.56407808,94.17754963,6.821095967,81.1555892,papaya,Clay Soil
81.41649954,14.83671321,51.05077522,27.16073298,94.20828774,6.46133079,24.71615429,muskmelon,Black Soil
87.24153482,30.16622338,36.03031395,27.16002089,59.83093111,6.481081708,189.8564142,coffee,Laterite Soil
34.01367806,80.06617065,20.77863644,28.39312586,65.52350784,6.625155148,71.76849854,blackgram,Peaty Soil
32,130,196,40.66012294,81.24995984,6.372959542,74.03030056,grapes,Laterite Soil
82.52072259,54.91046389,37.41017526,23.7222811,73.37980153,7.113975203,176.9913773,jute,Loamy Soil
0,5,36,24.35193812,90.88612388,6.152906502,105.529185,pomegranate,Peaty Soil
23.53023956,130.2300202,194.3684094,29.95934744,81.52033667,6.122702246,66.13806579,grapes,Black Soil
102.5628959,16.39110273,55.65234321,24.18415568,86.71297027,6.469026291,45.23987409,watermelon,Allvial Soil
5,29,44,21.02432943,93.0569505,5.578095745,104.7847006,pomegranate,Loamy Soil
12.02448899,75.509222,18.74671929,28.31203966,64.83372706,6.484937573,49.37544649,lentil,Clay Soil
30.72785933,57.9729247,14.58905018,28.41006588,59.47940979,6.187348528,45.03040617,lentil,Laterite Soil
44.76897243,57.74047254,47.33393485,30.06975056,90.36360714,6.827401172,76.38413101,papaya,Peaty Soil
37.60344772,23.87289957,31.70742603,28.14917648,96.16788751,5.984090099,141.0689655,coconut,Clay Soil
5.940921602,17.99268575,38.98070615,19.88766956,90.31057062,5.920206549,109.4059068,pomegranate,Loamy Soil
34.92162914,30.69551843,32.05706326,31.46537653,50.86273144,5.442687561,90.23949915,mango,Black Soil
63.84332055,45.84800832,20.44911966,19.00451282,69.79117252,6.715696035,78.12356157,maize,Laterite Soil
72.77026908,34.63944616,39.76026971,24.56557893,80.98931266,5.015492415,184.9295479,rice,Loamy Soil
35.22915978,44.96073218,23.24455236,28.03731712,83.66355612,6.280761027,36.4231165,mungbean,Allvial Soil
20.81883475,50.72425865,16.72197855,29.17429632,88.68227689,6.702013032,43.51351904,mungbean,Red Soil
24.65857152,126.8090332,195.5259601,22.67438351,90.77739187,5.480771999,111.0267517,apple,Sandy Soil
27.59721928,6.508476126,29.78531052,26.73410522,91.05263129,6.085396517,212.608564,coconut,Peaty Soil
37,11,36,24.24779615,85.56033312,6.710143266,106.9216033,pomegranate,Black Soil
4.691153249,65.41973501,12.92268384,34.92102363,29.91745643,6.353237385,157.971503,pigeonpeas,Black Soil
0,29,32,28.05912437,98.3670985,5.868255858,171.6516396,coconut,Allvial Soil
5.384920598,39.40086455,20.99267142,28.90533827,79.31232463,6.718181539,44.13883321,mungbean,Laterite Soil
69.14780522,57.84523466,44.35946061,26.17088804,80.43482621,5.702679082,185.8370579,rice,Black Soil
94.88609205,53.84659912,17.10380711,23.35351184,61.43500228,5.892011281,107.8216122,maize,Clay Soil
103.0958124,42.21143946,28.17830584,27.31308287,55.36003981,6.330991366,141.8620536,coffee,Laterite Soil
99.50895898,57.98453083,39.49328807,23.21014949,87.40459339,6.653198583,160.6931906,jute,Loamy Soil
0,21.50398814,35.62392993,36.02810192,54.79256893,6.441636057,90.78619795,mango,Black Soil
6.5039879,13.77521665,28.81923018,27.32478966,99.98187601,5.807400785,201.5476791,coconut,Black Soil
103,17,51,25.11189154,80.02621335,6.209888345,44.20656987,watermelon,Peaty Soil
31.71836255,10.81822915,13.99418163,30.46909483,92.83760411,6.051722323,119.0862504,orange,Peaty Soil
27.94595204,60.44279184,17.64665304,26.46456266,63.71063116,7.027035612,63.83648223,blackgram,Allvial Soil
80.03294955,30.41811342,26.16489475,26.21888885,65.66146529,7.512489902,147.9394033,coffee,Loamy Soil
37.29974378,28.14177941,25.38449824,26.48268998,94.72502859,6.205628472,169.8509482,coconut,Allvial Soil
22.00608074,56.61077604,14.26366268,29.96546017,86.87406946,6.867672189,44.80192847,mungbean,Sandy Soil
82.40205786,48.61294175,20.7161028,17.97836343,60.17332896,5.520129383,107.713972,maize,Allvial Soil
40.72341659,63.41711349,49.9705215,29.2830267,92.89644379,6.68819233,62.94733698,papaya,Loamy Soil
4.445016472,140.1461928,195.8639422,21.74843054,90.65588056,6.144403467,114.638847,apple,Allvial Soil
86.64843772,15.65676085,46.18364707,29.03407608,90.12784487,6.571184771,23.94481821,muskmelon,Loamy Soil
46.06899242,79.02108447,79.75918866,17.53204381,14.25803981,6.627101874,63.21025939,chickpea,Allvial Soil
59.09922024,63.16578963,52.72403445,43.40178146,92.97562622,6.67438865,111.5099746,papaya,Clay Soil
114.0129958,30.89729705,47.9072485,28.64246212,91.39031812,6.171293304,24.93312417,muskmelon,Laterite Soil
7.53390591,23.07131319,38.37476288,19.30931584,87.18875349,6.992764397,105.2702707,pomegranate,Loamy Soil
90.48603385,14.61908887,46.88324765,24.96627276,81.64751466,6.310178306,51.66048474,watermelon,Peaty Soil
0,55.41802559,24.21767577,28.2979375,42.87009928,4.516471381,44.84052,mothbeans,Loamy Soil
12.77270126,21.09481838,5.366152477,19.52063908,91.41544374,7.773813202,98.34157754,orange,Peaty Soil
119.8144075,8.086141784,47.90259615,24.16432044,83.68642808,6.650310177,53.80874992,watermelon,Laterite Soil
14.53566776,28.92237119,26.49810347,28.95803525,44.87646685,5.323795097,93.93236871,mango,Laterite Soil
0,26,31,25.0707247,95.02156793,5.547933273,192.9036306,coconut,Clay Soil
57.34485083,66.20123131,46.62565738,38.77444049,91.88812829,6.692002601,62.00734837,papaya,Allvial Soil
15.11046349,16.94719463,42.64575345,24.48722572,91.73829015,5.817611195,103.0203875,pomegranate,Clay Soil
97.45709799,7.459371887,46.03382761,27.61965555,92.73708421,6.141652622,26.41489622,muskmelon,Sandy Soil
45.10110968,60.18574237,78.97947576,19.44979233,16.59720184,6.46365278,79.92464039,chickpea,Sandy Soil
23,58,19,24.17093241,58.25204566,5.243634849,59.18953429,mothbeans,Clay Soil
117,19,55,28.80311922,91.78336933,6.121745389,25.16359891,muskmelon,Black Soil
5.984344918,31.58247884,39.30643662,22.75414273,91.97675835,6.367205303,106.7311135,pomegranate,Red Soil
20.34595976,12.9009052,6.681406985,12.37986717,91.98952296,6.18746923,120.6209942,orange,Peaty Soil
31.37073668,14.11492378,32.92716569,29.34832642,94.03174124,6.363044258,147.9717221,coconut,Clay Soil
93.53587191,90.30748347,47.94253201,28.27161059,85.20592552,5.654002791,110.8128728,banana,Peaty Soil
119.0241469,21.05124374,46.27343817,25.51239296,88.35018216,6.118810041,55.3854645,watermelon,Loamy Soil
96.76866339,38.11602183,21.81595288,19.03204377,68.02267859,6.113237036,88.15686634,maize,Clay Soil
7.721168054,54.57629157,18.09464826,26.09562596,66.97694054,6.222262005,46.4407237,lentil,Allvial Soil
39.79245161,51.92965892,20.32038477,28.48754644,85.68724229,6.886943157,49.02036731,mungbean,Loamy Soil
81.65230245,18.72260533,47.24076581,29.4069245,94.32766853,6.188707581,27.18749963,muskmelon,Clay Soil
10.79383093,6.834630119,23.20528156,28.75657152,95.89830984,6.083213222,179.5730718,coconut,Red Soil
2.555775895,59.46819996,15.43819808,26.1598574,67.52530174,7.600369636,42.71369532,lentil,Allvial Soil
36.78601271,51.30538032,46.53295672,43.28478754,94.05834285,6.571322371,209.7779574,papaya,Laterite Soil
13.906029,64.14398986,21.71230308,19.34897641,63.71008547,6.632234232,36.51958326,lentil,Black Soil
7.743564031,28.47527805,32.21504371,29.41204065,45.49073613,5.758053656,102.4282432,mango,Red Soil
134.8386774,43.47036834,15.44890082,23.5902952,80.93113052,6.724591511,88.88140781,cotton,Sandy Soil
109,10,53,26.81938687,87.8274604,6.551750306,46.06193778,watermelon,Clay Soil
20.50285896,79.31530536,17.01262196,21.47676284,20.3624664,5.927554953,116.6304058,kidneybeans,Sandy Soil
22.2598873,49.08773907,23.81717516,30.8886012,46.24696837,9.361735729,42.02763306,mothbeans,Black Soil
30.79803159,56.76804095,24.46613131,31.54860374,34.76495025,5.653659619,173.3764618,pigeonpeas,Sandy Soil
36,43,21,28.36319404,84.8593608,7.140437859,52.93031105,mungbean,Clay Soil
19.40903,75.20766201,17.69489165,25.08525664,23.30417824,5.698986555,146.1063124,kidneybeans,Black Soil
0.348916468,13.062775,6.117666159,20.14963524,91.65691679,6.942225641,116.4109989,orange,Red Soil
26.58929295,21.90223519,27.53476248,28.85672586,92.85756572,5.991640793,144.3712911,coconut,Black Soil
22.0132122,55.37600039,17.91806011,29.68581588,87.88694478,6.891420422,44.122541,mungbean,Sandy Soil
99.74219806,14.5842178,51.83249567,26.84062182,89.63696181,6.515791554,57.12620239,watermelon,Sandy Soil
7.463441051,78.73032779,16.80857204,20.37918739,59.90224907,6.670792012,189.3978866,pigeonpeas,Allvial Soil
4.006863802,75.86099305,21.24818322,24.31133785,62.08882987,6.644286483,52.75347242,lentil,Red Soil
25,132,198,22.31944084,90.85174383,5.732757516,100.1173443,apple,Sandy Soil
89.843209,92.05789644,47.09886607,27.81225907,83.07944793,6.081738878,117.9224278,banana,Laterite Soil
62.41489026,51.58257922,40.25908535,25.01756679,84.06531997,6.853781663,204.4770622,rice,Laterite Soil
7.950211107,63.79647681,19.77938359,26.08659563,50.2160493,5.912632341,160.0299411,pigeonpeas,Allvial Soil
13.18953979,34.2731055,30.36417086,29.18037491,50.44464552,6.849376618,96.86281461,mango,Laterite Soil
81.73244266,19.92159069,30.02411963,25.41506189,59.86643985,7.428619555,188.6981473,coffee,Allvial Soil
12.13628143,42.76051614,15.48954017,29.00407336,87.54463112,7.066334182,34.58923708,mungbean,Black Soil
93.76807014,14.18882407,48.02215417,26.26822085,80.96570983,6.303994033,54.62103572,watermelon,Black Soil
21,139,201,19.3642553,83.36094029,5.980598579,67.15094741,grapes,Clay Soil
56.85868346,54.79631611,45.86556337,26.03609397,93.84567975,6.756782878,242.5253835,papaya,Allvial Soil
30,20,38,22.59890174,93.16343942,7.058222596,110.0932899,pomegranate,Peaty Soil
108.823524,5.601594854,51.50301384,26.69482358,90.41869561,6.912633828,55.66782294,watermelon,Peaty Soil
92,44,16,18.87751445,65.76816093,6.082973754,94.76189431,maize,Allvial Soil
18,23,44,23.71028128,89.61794165,6.184400085,105.6499907,pomegranate,Peaty Soil
45.18754952,76.01070377,76.38453694,18.14768864,19.45274283,6.993922361,82.79067144,chickpea,Laterite Soil
69.72171678,57.65629646,37.76511912,23.0156965,83.08669931,6.324983105,226.2273867,rice,Allvial Soil
75,53,18,20.68899915,59.4375337,6.864793607,103.651438,maize,Loamy Soil
53.8491561,63.50579697,77.57195134,17.68259812,15.57065276,7.484408663,80.08693218,chickpea,Black Soil
27.23110166,145,202.4896093,9.347957969,82.08994518,5.786045065,65.18558365,grapes,Red Soil
4,18,37,22.91843172,85.40695044,7.13147457,106.2817706,pomegranate,Loamy Soil
79.93022068,89.99349626,45.43628269,26.22951086,79.15309991,6.208152616,106.9339744,banana,Black Soil
81.86706248,57.84383017,25.02595135,19.8726159,59.04663641,6.378103859,63.95312554,maize,Laterite Soil
77.35689083,38.22328475,23.29450562,24.23224257,56.20265262,7.03755538,65.5804741,maize,Laterite Soil
15.24811209,40.59321532,15.62683206,29.10955538,88.60630503,7.0986659,34.61542584,mungbean,Black Soil
71.27644323,53.07735524,34.37364575,26.75554199,71.15737311,7.318913144,198.0360868,jute,Peaty Soil
89.42272991,91.52821245,55.15565079,24.98631559,79.63576064,6.336218116,95.04764001,banana,Sandy Soil
19.29397654,21.88167764,7.964776125,32.00390694,89.36356762,6.436082488,110.2389381,orange,Peaty Soil
33.70571347,68.448936,23.74629181,16.75236238,24.60873576,5.559649025,74.86786523,kidneybeans,Black Soil
87.95865443,47.66263502,40.36922898,25.57721645,71.53091856,6.002764171,152.9363435,jute,Black Soil
39.40540669,121.4922346,197.2751126,26.15253191,80.08864761,6.328740618,66.0987681,grapes,Clay Soil
91.79956317,55.5565453,40.97395084,24.18872822,81.95328797,7.378682226,195.9105207,rice,Sandy Soil
33.19879757,60.62810912,22.49836091,20.23269353,24.54595438,5.646058409,101.3153138,kidneybeans,Sandy Soil
16.32578952,59.09598514,16.19464324,18.4279945,23.46446638,5.690521249,132.4208256,kidneybeans,Sandy Soil
12,19,31,27.25373364,52.66319725,5.566704378,91.87312479,mango,Clay Soil
36.25463334,35.9700922,19.52527552,26.15663504,62.03582041,6.257458155,38.56352249,mothbeans,Laterite Soil
40,58,75,18.59190771,14.77959596,7.168096055,89.60982451,chickpea,Clay Soil
25,21,11,32.23797837,90.15406807,6.460044778,104.7052254,orange,Red Soil
17.64650875,27.87210323,8.943672528,29.11190585,92.73681788,7.362690859,100.4759215,orange,Clay Soil
6.397001155,63.03451079,21.93830864,20.43277179,17.75487307,5.822098412,119.8421204,kidneybeans,Allvial Soil
23.56226291,76.9924119,21.44371036,15.24925501,25.55860045,5.57808627,134.6432917,kidneybeans,Sandy Soil
89.88359218,52.04508674,41.16988993,26.5851587,81.4812127,5.350459977,265.2089839,rice,Clay Soil
101.4186044,24.28662584,50.99729212,28.95745172,94.54882622,6.724612522,28.44251193,muskmelon,Clay Soil
32.63355884,77.25685836,14.93462464,23.73386558,65.84692228,7.790068228,40.26852727,lentil,Red Soil
33.7138257,51.20427642,13.30096929,29.13043514,48.51531978,3.547575102,43.24028802,mothbeans,Allvial Soil
37.95732805,9.657430494,37.10618173,24.21222813,85.34575408,6.736613625,102.7789982,pomegranate,Black Soil
24.5088595,130.7125708,196.4328383,30.10365846,81.95177017,6.099794555,67.67041142,grapes,Black Soil
26.31740809,35.79571488,30.56604544,33.50662684,52.22103136,5.303102496,97.23171685,mango,Allvial Soil
78.18512794,47.46877701,33.08216644,25.70816832,84.00376171,7.371981596,155.0009871,jute,Clay Soil
83.66206537,37.80913251,34.77172295,25.63334387,54.2974587,7.187019148,136.0702097,coffee,Laterite Soil
108,24,31,24.12832546,56.18107663,6.431899748,147.2757818,coffee,Peaty Soil
67.22194646,49.59143673,20.88955292,23.80546566,62.10922311,5.552058884,68.26367245,maize,Clay Soil
114.64952,28.08904859,53.32891055,29.302985,90.71783077,6.124103384,26.76932808,muskmelon,Peaty Soil
33.16390685,139.4392657,195.8224792,35.61466194,83.33584987,6.341039088,67.28267152,grapes,Black Soil
32,12,30,25.39241091,98.08951196,5.579845008,218.080385,coconut,Loamy Soil
22.79696688,39.28788947,21.29312415,28.37399719,82.44896956,7.08797923,46.59485949,mungbean,Allvial Soil
30.00052606,28.27410623,30.98489371,31.70288401,53.02937272,5.092898814,99.04421863,mango,Loamy Soil
2.927731713,118.9145011,203.6403217,23.11216304,94.23963981,5.906214029,107.3047253,apple,Red Soil
31,51,25,27.53592929,85.5701901,7.196774236,53.01899249,mungbean,Peaty Soil
111.0571443,79.74341247,53.17601185,25.81540314,78.17520648,5.914910452,99.18007152,banana,Loamy Soil
105,93,46,25.01018457,78.76260938,5.760457558,108.3690513,banana,Loamy Soil
1.537924453,59.03469489,16.14988506,25.73063609,40.68265116,4.808831062,99.38488819,pigeonpeas,Laterite Soil
5.481323598,10.85569101,6.330448327,34.36250252,88.85127353,7.81591458,118.8907651,orange,Laterite Soil
93.35922575,73.37838874,51.04191324,25.93928661,80.3735609,5.995133161,111.8648355,banana,Loamy Soil
38.06656854,5,32.00396914,27.22138612,94.3873747,5.565858971,150.7973616,coconut,Laterite Soil
79,45,20,23.80546189,59.24537979,5.715208817,89.9622014,maize,Black Soil
22,72,85,18.86805647,15.65809214,6.391173589,88.51048983,chickpea,Red Soil
25.88911563,15.37956388,5,16.90210657,93.8905781,6.921899793,110.1260008,orange,Laterite Soil
49.93951293,58.54408279,25.79633088,27.56959876,63.227963,7.617496759,69.29267206,blackgram,Loamy Soil
6.167372164,77.4041645,18.32017569,31.20878752,66.45817229,6.240232603,176.2134151,pigeonpeas,Peaty Soil
16.62542763,75.09215287,20.84725452,31.64751477,35.96272283,6.548754826,98.57823478,pigeonpeas,Clay Soil
80.89969444,19.89882681,47.22571843,26.93457204,87.41647871,6.867696456,53.0090174,watermelon,Allvial Soil
8.834608236,142.5750662,198.9496806,23.74533919,93.00733374,5.56932133,116.624524,apple,Laterite Soil
26,135,203,33.78372897,81.16314317,5.685102769,74.53557341,grapes,Laterite Soil
13.1771049,55.33344286,24.02069815,28.10292563,84.99570325,6.866881341,50.45033576,mungbean,Clay Soil
31.03912567,55.87867101,17.72350139,15.93380971,24.71932146,5.691207198,106.6454006,kidneybeans,Peaty Soil
116.8518758,25.92523768,49.29484668,26.71387508,83.68988969,6.859048731,56.64312015,watermelon,Allvial Soil
98.57156458,43.97537289,33.65377034,25.43243098,76.2814497,7.355418541,188.9207704,jute,Laterite Soil
74.80023412,55.85409205,37.57037014,26.36546367,85.55245927,7.022891328,257.6023877,rice,Clay Soil
85.27276548,40.09445279,39.77613979,25.14314445,88.46070139,7.240967337,169.0195543,jute,Loamy Soil
36.3351603,53.10340709,16.33568543,27.18403572,90.22835204,6.681729854,38.17800017,mungbean,Allvial Soil
35.78649022,126.8215785,205,19.65648614,81.49270538,6.121324453,70.07152553,grapes,Allvial Soil
28.20259726,69.24111301,18.06337052,29.66471215,66.47741371,6.519554845,36.36876451,lentil,Peaty Soil
9.251033405,28.21936348,34.91607688,18.90970317,86.22327489,6.778699177,102.5237239,pomegranate,Laterite Soil
0,133.3993168,197.7631581,23.72116897,90.33982331,5.702730903,101.4004363,apple,Clay Soil
123.0569242,48.58974407,16.50767796,23.01713036,75.6440939,6.485121185,70.30631051,cotton,Black Soil
15.35630152,26.83265509,40.24568915,19.92091856,90.96138819,6.399929239,102.6011745,pomegranate,Black Soil
20.56156783,19.62392058,31.51982786,25.35278004,99.98187601,5.80511374,162.3718393,coconut,Red Soil
21.22043954,23.9566818,46.0116259,20.01143044,89.45340446,6.151356008,109.2148474,pomegranate,Clay Soil
5.216221169,22.08830535,5,22.88127607,93.88883645,7.455951079,109.2838232,orange,Peaty Soil
24.03843766,70.28561727,20.19569789,19.27237759,45.73698785,5.520620064,133.7090388,pigeonpeas,Allvial Soil
16.95487259,56.47664225,18.16875197,28.55059646,45.55333351,3.788879468,67.15845101,mothbeans,Allvial Soil
17,74,17,26.03026959,69.55863145,7.393210848,37.11395801,lentil,Allvial Soil
87.59776678,48.06071212,37.59602135,23.6963116,81.79574337,7.175420315,191.3640597,jute,Loamy Soil
14.01261012,17.2622611,40.85795346,21.4110978,92.6769038,7.137553698,104.8211316,pomegranate,Loamy Soil
114.6723238,40.33288983,22.86234235,25.61171834,80.70427181,6.717514308,95.63386052,cotton,Peaty Soil
34.42556681,13.55070139,8.844106568,21.0659087,92.52278158,7.662913548,110.6642513,orange,Black Soil
116.7035049,32.73712992,25.04365806,24.99349629,56.79065979,7.201776705,127.0575454,coffee,Sandy Soil
112.3758597,37.66527993,18.91667671,22.19507947,78.9846688,6.368198339,71.61538532,cotton,Red Soil
11.64050244,72.29671025,18.029707,25.08566834,60.0534538,7.162096033,41.7565467,lentil,Sandy Soil
24.08895795,43.8160315,17.48656497,31.29933476,52.79000475,8.956786907,74.83997037,mothbeans,Clay Soil
1,48,24,29.34594634,85.60472562,6.232836962,59.03629954,mungbean,Allvial Soil
9.418671349,6.41773842,32.92522928,28.32025693,93.11546695,6.09260521,171.9335336,coconut,Allvial Soil
34.25300069,22.10192303,43.13271848,19.84042131,86.01475508,7.124806335,110.0019644,pomegranate,Red Soil
113.8498583,30.06408551,48.64702621,28.97219656,92.24384182,6.178424699,25.70629061,muskmelon,Laterite Soil
58.54735867,62.83112901,14.15314401,30.97060703,63.34757719,7.387798144,62.45906566,blackgram,Loamy Soil
16.70995547,52.77956669,27.05486216,26.83407145,48.92764195,3.514941759,42.18654227,mothbeans,Laterite Soil
34,60,25,29.78416743,85.16906976,6.79385576,40.77872823,mungbean,Peaty Soil
85.1033578,54.64374331,19.4515829,21.58911879,59.99253934,6.81090883,109.8905194,maize,Allvial Soil
59.42565755,69.74188866,82.27795704,17.4955127,18.52007381,7.524340287,84.29536891,chickpea,Peaty Soil
65,60,43,21.97199397,81.89918197,5.658169482,227.3637009,rice,Loamy Soil
112.2514648,52.42517549,17.83892371,23.82720093,77.83139797,6.413913305,86.00117404,cotton,Clay Soil
74.615978,43.6553568,22.92791901,26.06556255,61.4769354,6.310784729,99.78709587,maize,Sandy Soil
70,68,45,33.83508569,92.85470152,6.991626158,203.4044028,papaya,Allvial Soil
9.240432117,139.0533965,196.8954634,22.02391925,89.59566179,6.214985125,126.7648004,apple,Peaty Soil
15.48940198,57.03808641,16.79975164,18.41431852,23.74865572,5.71846361,130.137195,kidneybeans,Sandy Soil
99,6,46,28.61475136,94.22253035,6.39637861,28.98574189,muskmelon,Loamy Soil
91.82844085,39.71130684,38.88719466,22.97608191,74.31551852,6.341105176,199.5440371,jute,Sandy Soil
13.46538047,71.44298586,20.77372027,30.35736364,35.82501173,5.423162255,159.2259764,pigeonpeas,Black Soil
11,74,17,21.36383757,69.92375891,6.633864582,46.6352865,lentil,Red Soil
106.5005071,10.44832227,53.82303463,28.90188934,92.20611778,6.090077121,28.22853114,muskmelon,Allvial Soil
27.04976267,53.0621845,22.06412039,30.34466486,50.19957155,4.979208511,53.17626319,mothbeans,Red Soil
17.18059632,58.01967744,15.60098344,21.18531222,39.14770816,4.913360932,179.3951979,pigeonpeas,Black Soil
9,16,36,23.77989026,92.93386903,5.893332378,106.977723,pomegranate,Laterite Soil
60.79993307,49.48493338,40.35770442,24.34574688,79.55587856,7.069237156,233.6027868,rice,Peaty Soil
39.18300665,70.44797557,20.39261826,31.91611549,46.02884726,5.623965035,148.30838,pigeonpeas,Laterite Soil
12.14614535,63.4593281,16.55241002,18.53452781,17.8588278,5.705049727,139.5520935,kidneybeans,Laterite Soil
39.90818989,6.046221198,33.77583517,26.03399473,96.8929027,5.964634821,143.3120526,coconut,Loamy Soil
104.9279394,34.07087799,29.86676152,27.50524994,48.60223196,6.988203771,140.554839,coffee,Black Soil
89.95889882,58.79250572,35.47169845,24.20948021,82.35492361,6.076935961,168.3787834,jute,Black Soil
31,70,77,20.88818675,14.32313811,6.492546046,90.46228334,chickpea,Red Soil
74.85336163,59.33158627,20.39968215,20.35479,58.16148315,6.58165185,58.20897686,maize,Peaty Soil
37,144,197,11.18994268,80.8084305,6.415555956,66.34234944,grapes,Black Soil
21.7242603,72.81099388,13.09192687,29.30996943,67.69268872,6.519993618,152.5830497,pigeonpeas,Laterite Soil
62.08222631,49.19136029,20.94009901,21.64790826,59.77074194,6.709502274,94.9959332,maize,Red Soil
33.25976166,45.79388529,19.06893934,27.54481372,87.04803724,6.603141203,53.67721684,mungbean,Sandy Soil
23.49939997,41.2438087,23.08785825,25.35232199,56.1241554,7.87252405,47.70022297,mothbeans,Peaty Soil
82,40,40,23.83067496,84.81360127,6.271478838,298.5601175,rice,Red Soil
0.600765746,34.09394523,23.79121934,34.16149367,52.11884968,5.068208195,97.18359439,mango,Black Soil
73.92608479,39.67584693,34.62786158,24.95374037,78.09898161,6.853851611,165.3618227,jute,Loamy Soil
12.53427985,68.619178,19.72855345,21.1612804,63.78536718,7.269174246,50.8750313,lentil,Red Soil
19.91156855,67.65994955,17.07016637,30.05705996,59.57498132,6.542947988,71.10291421,blackgram,Red Soil
39.32314582,16.86296595,32.70372681,34.77783663,49.88904565,5.858991334,88.77398713,mango,Laterite Soil
8,120,201,21.18667419,91.13435689,6.321152192,122.233323,apple,Peaty Soil
100.7344102,46.55598251,14.50793463,25.74339633,67.49166931,5.53567944,74.1036997,maize,Sandy Soil
6.522649775,48.53861476,19.47696899,29.17227775,80.74535466,6.750509245,40.59793808,mungbean,Clay Soil
94.12912447,54.15305764,39.17117354,26.87292065,81.46827853,7.073333557,292.5233697,rice,Clay Soil
3,9,35,26.91641934,99.84671638,6.318552973,225.6323656,coconut,Sandy Soil
9.375714507,37.47949405,35.40785998,36.15313902,53.00735026,5.987719511,95.77638759,mango,Sandy Soil
101.5329099,75.05130448,49.20339535,26.63239472,82.85550412,6.2180164,111.2733503,banana,Sandy Soil
103,51,20,22.80213132,84.14668447,7.046607434,91.6389565,cotton,Red Soil
21.89499762,58.41183802,23.66859266,27.56870877,50.03176345,4.406742598,38.98407887,mothbeans,Loamy Soil
27.94574648,73.97842454,83.04393108,20.51695404,14.25803981,6.687802091,82.6105674,chickpea,Laterite Soil
18.99219582,23.00215128,14.39706402,20.60464032,92.67578267,7.140517726,110.464369,orange,Black Soil
32,137,204,22.86006627,93.12859895,5.824151693,117.7296726,apple,Allvial Soil
20,41,20,29.27308605,89.4875022,7.073048264,50.9246554,mungbean,Laterite Soil
40.33008495,62.43087411,19.29996503,30.37285865,68.24700778,6.725677615,64.59533258,blackgram,Red Soil
0,142.8043239,194.6931601,22.63314698,90.86393306,5.654963048,109.4350941,apple,Clay Soil
4,59,19,26.25070298,67.62779652,7.621494566,40.8106299,lentil,Allvial Soil
38.62936526,15.2346137,28.84785069,35.55400498,52.71661911,4.963131224,91.62428787,mango,Allvial Soil
34.84856408,67.39223275,19.02900053,18.61198613,21.44328722,5.886334542,125.0813164,kidneybeans,Loamy Soil
5.078720439,18.79060341,38.21411046,23.05872269,85.28518208,7.150214799,106.2028386,pomegranate,Loamy Soil
104.3519474,21.13176961,34.1339015,25.65733197,56.93159895,7.424863066,188.9076492,coffee,Black Soil
29.12038621,120.9378242,195.3803069,22.83789174,93.81220587,6.112638943,122.1665308,apple,Peaty Soil
25.78041158,143.7448753,197.6260971,22.54972233,91.31676239,6.053676021,104.6670106,apple,Peaty Soil
25.71756506,31.68534723,31.76889194,31.15220764,49.59518618,6.805054589,89.4636941,mango,Loamy Soil
113.2784562,26.33907854,47.37308239,27.80535575,93.33892748,6.497426657,28.47370407,muskmelon,Allvial Soil
60,55,44,23.00445915,82.3207629,7.840207144,263.9642476,rice,Clay Soil
22.36261434,79.31819576,76.53511308,17.83130136,20.06226601,8.618192495,76.34899602,chickpea,Allvial Soil
115.7441279,23.03927583,26.23986298,23.50278872,53.58281852,6.849258658,137.1701697,coffee,Allvial Soil
54,67,52,35.67667332,93.30641944,6.586107335,141.3381168,papaya,Allvial Soil
44.91267012,47.57841293,44.59697819,38.78839459,93.97546232,6.585913294,214.3244268,papaya,Peaty Soil
125.9517713,37.71068971,22.08848519,26.04496283,83.50183789,6.651612519,77.78527742,cotton,Sandy Soil
17,43,22,30.06142622,45.90067655,5.498340808,41.0550915,mothbeans,Red Soil
25.15489839,40.06307545,20.28093646,27.71795196,80.97992043,6.244096666,45.96093555,mungbean,Peaty Soil
25.16985847,64.91581207,22.38361681,17.94948398,18.33087429,5.971267311,143.3047225,kidneybeans,Allvial Soil
116.1440338,26.67070675,49.76439691,29.17833793,93.05057204,6.079788086,28.34469685,muskmelon,Loamy Soil
40.55557999,9.250320346,41.05626381,24.39256288,85.9673188,5.807283895,103.8673573,pomegranate,Black Soil
116.8271565,57.3932731,18.30454341,25.81011353,75.48719887,7.313203485,89.8026178,cotton,Peaty Soil
96.74296889,35.69983264,27.49227466,24.88546258,53.9313073,6.327639865,166.5451036,coffee,Clay Soil
25,65,21,33.86351172,68.59232289,6.880245789,69.24464096,blackgram,Red Soil
10.96564226,34.25149634,27.13175492,33.122279,45.3473297,6.12343149,98.61356986,mango,Loamy Soil
0.955594082,25.89753402,33.76363016,24.25480912,93.11701492,5.678087068,104.4321702,pomegranate,Black Soil
12.97516463,15.35372307,8.449267167,34.59078936,93.13696279,6.935296409,99.13475613,orange,Black Soil
62.66540971,56.81029147,42.82408019,24.03011586,74.01730339,7.18707338,192.4962823,jute,Sandy Soil
25.4341934,31.1917107,34.97548713,30.82020045,48.81684302,6.809406818,90.82733244,mango,Loamy Soil
6.083076652,123.0486505,205,28.01524361,82.54041119,5.740766986,69.62732341,grapes,Sandy Soil
78.03155304,43.23851811,39.72740183,21.44479963,81.08919247,7.059465431,212.3458502,rice,Black Soil
60.74726819,34.61213995,43.40410496,26.65949377,83.08086499,6.009318989,161.6337288,jute,Allvial Soil
16.77867048,59.66151123,15.28571405,21.36904993,40.05240635,4.96003437,178.4276821,pigeonpeas,Black Soil
4.661662728,30.10487925,43.17219737,21.10321594,92.04741461,5.585831618,105.4268116,pomegranate,Loamy Soil
24.52789643,18.39739075,29.11594206,27.72923397,92.72670319,5.797894013,140.9702375,coconut,Laterite Soil
72.75007638,40.34606222,37.26191586,23.99065827,79.84642177,6.207308509,177.4461545,jute,Loamy Soil
40,140,195,14.97846952,80.49979873,6.294395676,71.63437433,grapes,Peaty Soil
116,28,34,23.44372334,60.39523266,6.42321105,122.2103248,coffee,Black Soil
96.98304481,42.87732648,34.51453348,24.53223095,82.12678097,6.727128734,180.1218324,rice,Allvial Soil
85.08058127,25.58966832,51.24671443,24.39139959,80.7687654,6.139737173,45.11170116,watermelon,Loamy Soil
92.31979997,93.63758739,45.7526569,29.28237175,75.26810497,6.124547157,91.06091206,banana,Black Soil
30.61297678,144.3420264,198.486531,23.89592012,91.13821099,5.797229789,103.5764323,apple,Red Soil
87.7972239,59.82419706,22.78269831,20.23607503,63.71268272,6.439292252,63.33875528,maize,Black Soil
23.1252299,73.88960997,25.79859162,30.86882304,47.76512489,7.021939157,90.44978594,pigeonpeas,Loamy Soil
86.22590231,55.96388121,35.29728646,26.90356031,79.47400937,6.951034798,172.676305,jute,Laterite Soil
56.89903945,59.7004773,46.48390059,37.32479605,95.14936384,6.640432756,172.7660151,papaya,Red Soil
84.62757896,7.732960532,44.64385709,29.19689217,91.60671459,6.703350401,26.07022333,muskmelon,Sandy Soil
11.86006189,122.9978933,205,13.25944086,80.79522594,6.366165529,70.20466748,grapes,Laterite Soil
5.564002335,64.45551349,18.82131723,18.23714606,67.68649664,6.942544628,49.58584286,lentil,Black Soil
37.01980072,62.03170357,18.3073275,25.50336887,68.84609997,7.13018207,75.34292034,blackgram,Clay Soil
92.1615746,55.89816944,43.31191305,23.69771856,82.41072533,7.368909999,192.8939954,rice,Sandy Soil
33.24180986,63.18102536,47.34707638,41.56969211,89.18742773,6.666272959,198.1775488,papaya,Red Soil
50.85595483,72.02601806,78.76790705,17.18602951,18.69497334,7.85059084,93.91451161,chickpea,Black Soil
55.09667186,65.91773436,79.08356027,17.40558216,17.41439496,8.249575569,78.99154156,chickpea,Peaty Soil
17.50979261,15.63687679,14.5417762,16.19599425,91.32377622,6.630050904,98.61387069,orange,Black Soil
83.97738247,35.96593669,28.41948662,26.9712436,56.32366733,6.095751234,142.9367348,coffee,Laterite Soil
0,25,14,19.33516809,91.97978938,6.361671475,116.450422,orange,Loamy Soil
60.89606428,71.18616968,13.6369391,27.97423943,67.1072406,6.926981585,72.62625295,blackgram,Black Soil
24.13050581,28.2617845,30.56209965,29.09443621,94.53419479,6.176095132,143.3783214,coconut,Loamy Soil
25.24730702,53.05667023,18.5368537,29.24145992,88.72588989,6.404743496,58.86079846,mungbean,Red Soil
24.55287472,35.01294765,36.92709225,29.53164474,54.19898182,5.333311162,101.8614643,mango,Red Soil
92,81,52,28.0106804,76.52808057,5.891413895,103.7040783,banana,Black Soil
12.05569349,73.97104764,17.75725975,21.51988114,70.03814007,6.621521974,46.59263622,lentil,Red Soil
0,48.1413331,18.64858459,29.57958691,88.3944552,6.966557024,44.03537077,mungbean,Black Soil
79.5681534,51.99633472,43.87094604,25.06035259,85.63513722,6.324597018,159.2514429,jute,Red Soil
12.39178782,15.37742671,9.86779562,34.72385579,92.50090391,6.950954041,98.65992324,orange,Black Soil
38,61,52,31.22790131,94.94021378,6.620729882,46.44279118,papaya,Sandy Soil
43,79,79,19.40751744,18.98030507,7.806747656,80.25064637,chickpea,Clay Soil
91.10786057,35.23571714,37.33107843,24.10211714,81.32565766,6.989275853,205.7693875,rice,Allvial Soil
35.07447325,28.44269312,9.679484177,31.91445295,92.09341804,6.45388409,105.8637713,orange,Clay Soil
43.43934089,62.32920525,55.41487539,29.70250129,90.23098055,6.763687093,233.1293351,papaya,Black Soil
76,51,18,26.16985907,71.96246617,6.247040422,79.84925393,maize,Black Soil
4,80,16,29.19585548,68.01965728,7.441976825,44.93261911,lentil,Sandy Soil
37.89702976,26.75032944,8.507636224,31.51243122,91.11273848,7.18038669,108.7100396,orange,Red Soil
16.46086247,43.77148833,25.08234355,24.19783225,62.55573131,7.219283094,45.28142022,mothbeans,Clay Soil
8.843041898,76.7525192,17.86746999,20.41982631,59.67922612,6.667468827,189.8539444,pigeonpeas,Allvial Soil
114.5369291,20.33553525,34.45197762,25.92140879,56.46795425,7.278253711,178.0020445,coffee,Red Soil
27.18285358,70.51833285,18.75927618,22.20942625,62.49756134,6.386142212,52.960787,lentil,Loamy Soil
119.7743785,8.404947966,46.10923553,29.43476019,90.71669115,6.756393104,30.35906404,muskmelon,Loamy Soil
87.08427616,34.29753001,26.21955817,21.26528688,61.95735885,6.171121324,64.29817105,maize,Clay Soil
40.12931413,78.45017007,15.2820336,21.07643459,63.58536286,6.358757573,38.28948483,lentil,Peaty Soil
79.07256125,48.28346789,19.48175277,18.06381366,61.502804,5.543220763,101.2413331,maize,Allvial Soil
7.269593102,38.08797616,32.2395019,29.84153123,46.45300885,4.994557246,91.75286625,mango,Peaty Soil
42.24932128,76.82576328,24.14532052,27.71506278,62.81890085,6.79418173,69.88326657,blackgram,Loamy Soil
13.21497418,130.8406002,202.5543072,23.55809268,82.5157258,6.420781471,72.25165518,grapes,Clay Soil
23.26933604,60.00841632,23.62369478,27.42226245,51.24240418,4.354146282,39.02317314,mothbeans,Loamy Soil
79.73608127,54.10373947,41.20627848,23.7209236,81.26100054,5.173849879,235.0328671,rice,Black Soil
38.04669596,35.6938158,34.11127083,31.98319908,45.87548721,5.464657317,89.66560236,mango,Sandy Soil
22.52874177,77.22898068,13.10911158,21.35410184,20.42178048,5.920940306,115.2518597,kidneybeans,Sandy Soil
17.81037139,38.38556361,24.08352782,31.48012652,48.74513415,4.569666674,90.90175142,mango,Red Soil
46,76,77,18.2356751,19.68538502,6.967843048,83.74879344,chickpea,Laterite Soil
58.36093721,69.34562196,80.99032156,16.97018603,18.38513442,8.050659438,75.48760242,chickpea,Red Soil
119.761206,21.65810625,34.44094135,23.57906477,51.76557511,6.941978391,128.9031674,coffee,Allvial Soil
25.66305413,56.39410898,83.12621687,18.41390776,17.50836011,6.539970499,78.44950739,chickpea,Sandy Soil
36.62132779,57.64229637,82.31056708,19.63168822,17.35929114,7.481475943,80.86202766,chickpea,Clay Soil
43.62724601,57.97882066,48.37203841,30.14096484,90.74965796,6.827126196,78.08300126,papaya,Peaty Soil
40.96990065,61.83908343,20.48436683,20.71526264,65.70806406,7.02922415,45.39252427,lentil,Peaty Soil
9,25,41,24.81530144,91.90842992,5.972714857,109.2853418,pomegranate,Allvial Soil
25.90795292,59.4810818,21.75463157,19.85078659,17.68266296,5.768528631,144.0663911,kidneybeans,Laterite Soil
36.22130985,66.36482602,77.46966106,18.13716985,18.19913714,7.164650052,80.82034372,chickpea,Sandy Soil
80.61931362,17.61765737,52.60354404,26.32465637,81.2228206,6.496466746,46.77628752,watermelon,Allvial Soil
118.6641456,71.57325191,54.73282598,26.00185535,82.7045456,6.187006377,110.2543796,banana,Loamy Soil
118.0229655,29.96575472,49.69985762,24.80093001,86.30545047,6.756508392,42.86987458,watermelon,Red Soil
118.7900644,82.30252864,45.76280057,25.40674258,78.7886766,5.616411537,104.9194148,banana,Clay Soil
112.9952103,34.29231357,35.69849415,26.17728554,62.3240479,6.589091562,154.7957831,coffee,Peaty Soil
0.802746846,133.1508963,198.3523748,16.2215593,83.5776559,5.612740634,68.60288729,grapes,Clay Soil
21.23738703,52.40823594,17.11707062,29.26210073,89.48084334,6.68978026,51.23475333,mungbean,Red Soil
39.21638827,41.53138079,21.89442042,29.30484484,60.67109728,8.087681552,38.305185,mothbeans,Laterite Soil
4.750554909,63.54636989,22.17374926,20.70718409,18.96526532,5.803620476,120.3988844,kidneybeans,Allvial Soil
23.39743526,44.44639744,20.65863331,31.55175664,50.94530036,8.983294562,74.50632472,mothbeans,Clay Soil
94.03517909,55.63953364,41.2645527,23.68515091,81.77576496,7.36348567,196.0907744,rice,Sandy Soil
61,60,15,24.87502824,68.74248334,6.265564338,91.26056654,maize,Clay Soil
9.214537111,121.6285461,203.1004151,29.53895746,80.81644226,5.563165286,69.37489957,grapes,Sandy Soil
132.2077809,56.51876398,16.79094344,23.67506964,84.59678597,6.677527044,69.23228597,cotton,Peaty Soil
113.8193611,75.04366864,48.08207311,29.08857771,78.04327204,5.733295465,91.58744385,banana,Clay Soil
29.81012424,129.5620542,201.4088755,16.32535569,82.18548764,6.47812268,69.66704778,grapes,Red Soil
60.50456445,58.70359375,50.74090833,42.22678298,92.07426843,6.839075373,163.0283665,papaya,Black Soil
31,62,52,33.7960155,93.00754254,6.99104104,182.026807,papaya,Black Soil
5.050967268,18.55024158,36.26703875,23.0010785,86.62973707,7.10494851,106.7030831,pomegranate,Loamy Soil
118.9570773,44.92992054,10.61139019,22.3778562,81.10783764,7.096549871,58.3883606,cotton,Sandy Soil
66,54,21,25.19008683,60.2001687,5.919045532,72.12375573,maize,Clay Soil
74.32588095,41.77918259,22.70518629,26.19895575,61.50606813,6.331908578,101.1628523,maize,Sandy Soil
115.8468067,82.09860711,44.77604158,25.36811598,78.16561877,5.58948976,105.7041194,banana,Clay Soil
29.34539812,57.54330201,82.10162538,17.62576541,16.83785377,6.171882428,93.35651594,chickpea,Red Soil
10,71,18,19.54284889,66.34777265,6.151029296,173.1106982,pigeonpeas,Clay Soil
1.541202054,64.99488864,17.01629211,34.67049072,48.01061351,5.917485626,125.1310527,pigeonpeas,Clay Soil
58,71,15,27.82592799,67.5861883,6.919243702,74.01229707,blackgram,Black Soil
21.42309109,54.02332769,25.21701643,28.58003894,56.82609082,8.667310828,61.564083,mothbeans,Black Soil
4.74165079,13.16448383,34.0999393,22.43064635,89.48777653,5.646010219,101.7197886,pomegranate,Clay Soil
17.63781186,70.90970454,15.93983851,28.7483491,68.5893987,6.887119665,43.16047143,lentil,Sandy Soil
4.00884832,58.97581848,24.62049512,29.20296443,48.80226958,8.895636974,38.87354306,mothbeans,Red Soil
35.14769017,56.73230182,24.27491991,27.02117477,42.68069287,8.34192557,69.83855826,mothbeans,Peaty Soil
37.63147746,23.48391077,12.51312526,31.4282295,91.09676444,6.40400198,115.5007637,orange,Sandy Soil
61.50226411,58.8169194,51.82698335,42.95835811,94.13249302,6.757671424,40.77953128,papaya,Laterite Soil
22,51,16,27.96583691,61.34900107,8.639586199,70.10472076,mothbeans,Sandy Soil
89.87263927,34.24286073,37.84342892,24.94491313,80.09446341,6.088465926,182.0126858,rice,Loamy Soil
74.54586184,43.64860928,34.97477277,24.80701721,78.89667344,6.852000053,165.3469061,jute,Loamy Soil
28.03677061,76.43292457,12.87402438,28.55616071,62.50523049,7.008170501,71.08348542,blackgram,Laterite Soil
22.70669138,19.04344488,5.74175633,26.6450674,94.44421415,6.276694069,117.0891385,orange,Laterite Soil
9,10,10,22.3551049,93.52211892,6.010391864,101.5164589,orange,Peaty Soil
99.68942304,6.149966779,48.26335097,24.07505688,85.1416506,6.62276593,51.05970938,watermelon,Loamy Soil
21.71580063,140.629,201.5328327,19.32964784,83.05719621,5.978360906,64.24918729,grapes,Clay Soil
43.36138261,80.26678582,79.78385184,19.38489556,18.71230241,7.806954783,80.72131192,chickpea,Clay Soil
85.13031432,20.43983041,52.36952784,26.16317209,89.89940778,6.806678029,57.75406954,watermelon,Red Soil
61,68,50,35.21462816,91.49725058,6.793245417,243.0745066,papaya,Sandy Soil
81.87503242,40.89611273,36.58904016,22.67551156,83.87414475,7.532003316,199.5403669,rice,Peaty Soil
37.16821178,49.68153954,24.78491211,29.58306278,85.42401032,6.399093992,44.15697267,mungbean,Clay Soil
84.75858255,20.67435535,53.92135577,28.2965299,94.61082262,6.469479735,21.10151894,muskmelon,Loamy Soil
20.52878499,73.04442489,22.46833895,15.98950059,22.48756633,5.95517728,129.4449116,kidneybeans,Laterite Soil
96.2375255,10.74086006,44.32735132,25.09872247,90.34367318,6.764387056,58.24877503,watermelon,Red Soil
110.7100211,30.21958247,28.78822242,25.95837512,51.66704905,6.094490156,162.9141716,coffee,Sandy Soil
82,43,38,23.28617173,81.43321641,5.105588355,242.3170629,rice,Laterite Soil
119.2451775,70.10325737,52.99854341,25.90327903,84.10665824,6.187579669,113.7163505,banana,Loamy Soil
62.2468098,43.61595691,39.80253152,24.25280633,83.23314513,5.550900213,257.6668786,rice,Peaty Soil
19.50950444,63.10352048,23.10697734,24.86954722,67.61265915,6.878452441,72.37549973,blackgram,Allvial Soil
63.33737986,35.16857461,16.86320071,21.91834633,65.23530231,6.264211404,84.46339083,maize,Peaty Soil
39.5389658,135.1803976,204.0291533,23.64718227,92.82142423,5.922432622,100.0472158,apple,Peaty Soil
96.79814213,28.48141123,28.8220358,25.68175473,60.69776572,6.172037087,199.308406,coffee,Clay Soil
89,83,47,28.09577643,77.79586769,5.63127166,109.5408614,banana,Loamy Soil
75,56,18,19.39851734,62.35750641,5.696205468,60.95197486,maize,Black Soil
30.48007284,36.37238948,25.71181876,27.82748185,89.07294397,7.135850613,48.46864597,mungbean,Black Soil
17.7060601,121.3256198,193.8069474,18.72913654,80.90921733,5.924195487,70.74963992,grapes,Allvial Soil
32.0922075,143.1515199,201.2700804,11.20984754,80.39103509,5.888541812,69.88741781,grapes,Black Soil
1.817038625,60.14405643,20.09495198,22.25771337,21.43954777,5.977359141,78.92327481,kidneybeans,Black Soil
24,130,195,29.99677232,81.54156612,6.112305667,67.12534492,grapes,Black Soil
21.51777955,17.53805862,25.98905718,28.61774861,46.88770493,4.753849899,100.7222301,mango,Loamy Soil
130.7313019,49.87121614,15.49885242,23.37874081,84.88346565,6.492216382,89.77321069,cotton,Laterite Soil
41.41728009,16.28057967,35.82757867,33.88465422,54.88358949,4.969769462,97.01181692,mango,Peaty Soil
38,38,18,26.31051759,61.18749126,6.294130313,35.73403813,mothbeans,Laterite Soil
103.4945099,12.72655415,47.79836869,28.01148099,92.01053586,6.492397309,27.46238547,muskmelon,Allvial Soil
14.14092245,22.99940037,25.02956932,26.30930055,97.1918577,5.573719832,136.3231276,coconut,Clay Soil
5.552442279,137.2106561,198.5242883,29.39597399,81.04959979,6.344638091,64.56064607,grapes,Loamy Soil
34.19040701,132.8043724,203.5194281,21.2045928,95.01438388,6.080319162,115.600732,apple,Loamy Soil
123.8280255,38.24161568,23.88214349,25.05979152,82.71166459,7.972343568,95.57451384,cotton,Sandy Soil
39.31122337,144.7623543,201.2598132,36.75735555,80.25876623,5.778808444,71.60707706,grapes,Sandy Soil
10.46314423,71.6375128,17.85361338,19.43879426,67.42035919,6.151305869,172.8158349,pigeonpeas,Clay Soil
35.86516558,23.99456796,41.39167931,24.96028738,94.02004098,6.990948616,105.0740937,pomegranate,Allvial Soil
7.819014226,139.1239493,200.704873,21.00488833,81.21061682,6.161383218,70.06309405,grapes,Allvial Soil
89.26896742,53.73419938,44.44201305,26.34949713,81.44436817,5.37919526,264.8837684,rice,Clay Soil
0.127565133,138.5538833,195.7883593,22.30119737,80.26985357,6.335096261,64.32887841,grapes,Red Soil
10.64105183,47.54029782,19.03109421,29.59513876,83.79693733,6.388472479,54.22338532,mungbean,Allvial Soil
101,33,33,26.97251562,62.0183627,6.908671379,142.8610793,coffee,Red Soil
90,57,24,18.92851916,72.80086137,6.158860284,82.34162918,maize,Red Soil
31.98971704,13.26506972,35.9916028,27.59310143,94.98870548,5.846413805,203.2285595,coconut,Peaty Soil
28.39439379,34.980207,29.09483333,33.56669573,53.30952434,5.352169939,99.65616368,mango,Allvial Soil
6.991152028,29.92519329,37.77705889,23.31672914,94.01457832,6.838093902,106.0117142,pomegranate,Loamy Soil
38,60,20,29.84823072,60.63872613,7.491217102,46.80452595,lentil,Clay Soil
26.14705946,129.3212051,197.3640587,39.77075682,83.83458395,5.570303074,74.62128489,grapes,Clay Soil
17.08047694,55.1163554,23.69486552,22.02635815,56.02920372,6.999428691,138.7660097,pigeonpeas,Loamy Soil
62,59,41,24.2248758,74.89465426,7.175170657,192.4931257,jute,Sandy Soil
25.79548303,20.86211787,10.6251394,32.23532506,90.98976078,6.443791559,103.5454558,orange,Red Soil
10.29817787,76.42235994,22.53421821,23.80159465,22.07477816,5.929070869,111.8654141,kidneybeans,Loamy Soil
20,45,22,29.5888162,89.9939693,6.904587016,54.96121262,mungbean,Sandy Soil
42.89055429,72.67677021,85.21482883,20.00566329,19.93898607,7.124892639,78.38451059,chickpea,Red Soil
80.1338331,5.395687277,55.94372746,24.90237236,87.41640398,6.117964457,48.91959121,watermelon,Peaty Soil
12.24765798,18.11076261,41.06808412,19.88538904,86.68398972,6.023596145,112.0937145,pomegranate,Loamy Soil
6,8,11,24.35590861,92.39651663,6.600948788,119.6946577,orange,Loamy Soil
77,57,21,24.9321581,73.80435276,6.550563823,79.74078719,maize,Black Soil
115.7121113,27.70717895,49.55499267,27.73562365,94.21650629,6.557283169,25.36075019,muskmelon,Allvial Soil
18.96340032,68.12580351,16.16813463,31.22298512,56.45953576,5.600037333,130.226502,pigeonpeas,Sandy Soil
23.28108315,140.8104195,200.6202662,22.82822868,91.46788248,5.746235094,104.7682412,apple,Laterite Soil
100.8236818,10.11415627,47.80881285,25.46625133,82.79459278,6.984956632,57.07323064,watermelon,Black Soil
17.80966294,23.91524365,45.79864515,23.58145981,89.71632837,6.154344749,106.9600373,pomegranate,Peaty Soil
88,35,35,27.55906475,58.45742907,6.784460602,117.9389993,coffee,Peaty Soil
112.6039009,48.24776402,25.82414887,25.86022954,78.34590864,6.462165407,68.39580295,cotton,Red Soil
90.84140077,21.79613542,49.27124623,28.91648109,90.54181076,6.781577033,22.38040877,muskmelon,Loamy Soil
57.95220591,59.31279307,15.12785588,26.1426766,66.83001556,7.493985037,72.07461761,blackgram,Allvial Soil
60,46,22,24.89364635,65.61418761,6.625404348,87.9298085,maize,Laterite Soil
71.18189038,57.06978925,37.95582794,23.22302809,86.14844364,6.472983174,178.61102,jute,Laterite Soil
35.59602138,10.66111223,36.74040305,22.61583392,86.69120297,6.355521555,111.6211653,pomegranate,Clay Soil
24.5694776,76.37607014,26.59235922,15.13396901,25.10614052,5.558913121,135.7287418,kidneybeans,Sandy Soil
91.36139415,50.6003356,44.58950169,26.75833065,74.25926078,6.26868155,170.9725177,jute,Red Soil
32.55780277,18.15753082,14.82402701,13.63137869,91.73561728,6.049741315,108.5566164,orange,Laterite Soil
93,58,38,20.61521424,83.77345559,6.932400225,279.5451717,rice,Laterite Soil
91,7,52,25.07803672,83.46230461,6.405054243,56.39962921,watermelon,Laterite Soil
107.906361,87.36575529,56.34607385,26.53957279,82.20502919,5.889000434,113.7811808,banana,Black Soil
34.46737517,62.59343801,16.40516677,28.60098008,64.12547751,6.488583332,68.95117781,blackgram,Red Soil
31,40,22,29.40889385,86.16063492,6.365513634,53.35486977,mungbean,Peaty Soil
89.15775407,50.9738664,39.32277625,26.72171619,81.44396261,5.367315585,259.2119328,rice,Clay Soil
49,76,18,27.05365239,67.7017527,7.393631868,60.4693835,blackgram,Loamy Soil
2.53806644,66.56592997,22.96985155,28.75749229,64.01065361,7.319202754,43.20070382,lentil,Sandy Soil
17.79349955,55.71120374,21.99053621,19.85227381,19.89786108,5.806692449,60.68333444,kidneybeans,Clay Soil
16.57968567,27.05209707,28.99713596,33.74368098,46.37250456,4.501408579,89.06390216,mango,Black Soil
16,73,19,18.41645629,34.80541039,4.684079249,163.2747473,pigeonpeas,Sandy Soil
34.71100968,51.84787744,16.16171198,28.92851233,51.30032998,3.544003387,42.86661414,mothbeans,Allvial Soil
27.38500883,16.8353721,39.48604845,18.89643482,87.64969986,6.643483111,110.6161117,pomegranate,Loamy Soil
40.43540061,144.3458143,197.1658411,11.2728417,79.73488721,6.409622315,66.35054775,grapes,Black Soil
23,7,34,26.1055118,91.52421214,5.852038202,134.1279669,coconut,Allvial Soil
110.9156915,78.1580259,44.18531504,27.51539461,80.44769238,6.524365438,110.0161329,banana,Allvial Soil
78.00979635,33.56262856,45.12489652,26.6042841,85.13304243,7.055121957,185.5090391,rice,Clay Soil
38,51,52,32.66160599,90.78931681,6.927803911,78.85085502,papaya,Loamy Soil
36.84729272,6.012610535,10.94443259,25.86961644,91.04816855,7.526377332,102.7063307,orange,Allvial Soil
86.44980514,79.34796082,47.23638862,27.72229489,82.64992178,5.789624352,100.0014199,banana,Clay Soil
100.2745781,40.20843225,32.35145099,24.20120332,70.61408883,6.990012564,162.6464808,coffee,Laterite Soil
0,53.99427532,21.38319401,23.08928839,21.67021288,5.967612831,142.861788,kidneybeans,Laterite Soil
108.2935372,5,51.9662743,26.58494374,90.69756505,6.864533619,56.69902775,watermelon,Peaty Soil
98.05713888,37.01628203,42.84907379,22.26440483,82.03187166,6.954336275,278.726322,rice,Red Soil
75.64572663,48.49147329,36.7324245,23.18098074,71.17430732,7.46263353,162.780537,jute,Black Soil
26,64,22,25.95058595,40.58227261,5.16516459,109.1821183,pigeonpeas,Allvial Soil
7,74,17,22.47253208,62.56532471,5.667419697,96.74706956,pigeonpeas,Loamy Soil
26,54,17,28.5474135,88.9570454,6.27258822,49.4897245,mungbean,Clay Soil
89.3492476,54.38144744,36.39641519,24.58385719,83.89404365,6.633061242,231.228232,rice,Black Soil
36,55,20,27.01470397,84.34262707,6.635968698,55.296354,mungbean,Clay Soil
122,59,18,23.5000992,83.63488952,6.219469084,79.81328183,cotton,Peaty Soil
86,95,49,28.05484146,78.04602887,6.458714879,108.3957179,banana,Laterite Soil
36.6136379,18.1339065,29.42388758,27.05123671,50.80663823,4.959141454,91.42936013,mango,Clay Soil
101,37,18,22.92360984,82.68738535,7.63737841,92.91915074,cotton,Allvial Soil
35.71589281,42.86843478,21.43437187,25.32628806,49.80707919,4.518268783,40.45486827,mothbeans,Loamy Soil
63.00978927,68.14342155,50.88317027,35.06129486,91.83141748,6.815449261,243.5742954,papaya,Sandy Soil
35.34633544,72.52366902,19.26013121,34.01660428,62.73318509,7.75084957,67.90328948,blackgram,Clay Soil
37.04259935,44.86246184,24.54341392,27.31680811,44.28301265,3.504752314,37.50791158,mothbeans,Allvial Soil
90.16894433,35.25017094,34.27308534,25.08108684,81.30194996,6.085892631,183.9214756,rice,Loamy Soil
87.76058644,59.52777522,20.65702363,20.28469903,64.06465922,6.431984273,59.6509788,maize,Black Soil
38.4498112,56.18685498,19.90717483,31.09090726,44.69351382,7.365268113,70.07537267,mothbeans,Peaty Soil
101,17,55,24.37118217,87.1269128,6.451499764,44.63907691,watermelon,Allvial Soil
5.1508656,24.08923769,38.762875,24.5342543,94.11794462,6.283585731,104.8722064,pomegranate,Clay Soil
13,144,197,22.9215706,94.89613443,6.28022267,105.6941544,apple,Laterite Soil
116,5,54,25.37601283,80.99313508,6.65398725,57.23028471,watermelon,Peaty Soil
26.45946836,73.38101974,79.08772892,19.03917882,15.84630414,7.340845142,81.20757694,chickpea,Black Soil
41.3888514,48.21816753,17.6177757,31.14247807,46.19223717,6.684588676,53.65352903,mothbeans,Laterite Soil
20,139,202,23.50201428,92.21083961,5.66999105,107.9868949,apple,Peaty Soil
31.27822431,55.50640865,21.30142529,31.38536504,34.61725239,5.647457849,172.8422297,pigeonpeas,Sandy Soil
0.462903801,5.367316867,35.09685386,24.25545737,90.69636253,6.168654811,107.4137312,pomegranate,Peaty Soil
117,27,48,26.53259325,82.39053979,6.835268184,54.30660782,watermelon,Allvial Soil
27.0136902,71.98369834,23.84597597,19.90428896,21.26532378,5.973980751,65.792159,kidneybeans,Black Soil
58.77509953,52.89205528,46.20120769,21.34284934,83.48730468,5.951501145,288.9149793,rice,Allvial Soil
9.47457634,124.3605541,194.6113741,22.32865078,90.71672012,5.760900591,115.0788433,apple,Laterite Soil
12.25670891,143.5089315,202.3467605,30.70066858,82.48467161,6.091699033,71.1522663,grapes,Allvial Soil
16.65473052,10.97763827,6.543522083,12.55379704,90.21013471,6.191710585,120.9637386,orange,Peaty Soil
128.0852911,54.29819789,24.52008773,22.16954507,76.02167778,6.127282221,71.2098476,cotton,Laterite Soil
118.1604182,39.88180422,33.08329025,24.38255627,54.42617489,6.701065228,115.7841671,coffee,Allvial Soil
66.15843106,47.43647812,44.08936546,26.81491343,81.91118097,7.861614239,281.2244764,rice,Sandy Soil
33.15563497,13.76444554,6.00122154,25.17745706,90.2752678,6.817987428,117.9144426,orange,Red Soil
94.37300021,92.43385999,48.65544108,27.76876987,83.07352476,6.14391632,116.3891618,banana,Laterite Soil
10.71317225,82.21816031,17.53405388,21.97251813,65.09212424,5.96185837,34.53341712,lentil,Allvial Soil
0.087351159,78.58323654,22.66946377,21.27283102,66.11210185,7.310641509,45.41607039,lentil,Black Soil
9.187053209,70.17999643,15.20909096,19.45606317,65.43779056,6.160582854,171.4084352,pigeonpeas,Clay Soil
34.85687925,7.70144645,37.14434679,22.92962291,86.8515112,6.31905875,108.3735178,pomegranate,Clay Soil
0.044114481,144.21799,203.4909639,21.23932175,90.22382784,5.541330191,113.0076202,apple,Sandy Soil
80.17592845,34.29346372,27.88254891,24.95824462,61.43781415,6.622728244,134.5814191,coffee,Red Soil
99,36,20,20.57981887,65.34583901,6.671085817,78.34604471,maize,Laterite Soil
8.817431548,16.22054207,32.69827416,25.79487983,93.3888482,5.778724662,171.7057118,coconut,Allvial Soil
99.56557127,5.514338581,54.17268773,29.29027575,93.49159491,6.056883109,21.84949765,muskmelon,Loamy Soil
72,41,36,26.50838667,86.84264005,6.065898283,152.9801697,jute,Laterite Soil
40.152422,5.566573169,30.76263658,26.09469046,96.17025439,5.983198676,145.0275919,coconut,Loamy Soil
27.63891203,71.5102811,26.26118307,31.48875153,47.95421301,7.070427546,167.0419846,pigeonpeas,Black Soil
14.62337641,127.6947177,205,22.80532036,94.13733272,6.24475319,115.5168394,apple,Laterite Soil
25.13896775,40.70073444,12.84975689,24.91691125,42.97200834,5.873883735,51.83274799,mothbeans,Red Soil
22.71170327,129.4664853,197.1473789,39.73745284,83.36334558,5.53712023,73.74957337,grapes,Clay Soil
37.02568287,64.76262253,15.63398529,29.97173425,69.1308662,6.674722521,67.5876699,blackgram,Red Soil
0.197519983,134.6744009,204.3762703,22.85475497,92.57426201,5.655127231,113.1719627,apple,Red Soil
35.86436198,49.89241342,15.20513288,28.70040118,51.10064134,3.566501121,43.58949878,mothbeans,Allvial Soil
6.89352481,11.62027394,31.33162929,27.32321788,99.32405942,5.866046471,200.9294817,coconut,Black Soil
23,75,17,24.87425505,64.00213929,7.198076286,48.28137482,lentil,Red Soil
0.864961949,30.30082136,9.770310568,11.88734387,90.82664351,7.263865369,101.7243631,orange,Black Soil
23.93633364,76.73255805,25.97046518,15.32483605,24.83710751,5.599047615,133.484499,kidneybeans,Sandy Soil
108.7708861,31.01988128,27.8323986,22.72920965,50.36300172,6.973558185,167.5526041,coffee,Clay Soil
68.98441228,70.98244394,54.16551673,31.28889572,92.21188293,7.010413295,57.39305597,papaya,Clay Soil
37.14367166,38.20386883,19.96401649,26.39386128,61.18441593,6.258043804,35.55828123,mothbeans,Laterite Soil
100.0098922,73.03469957,52.2486886,25.54682999,82.08818712,5.832183402,96.35070677,banana,Laterite Soil
36.95516728,134.7933104,198.8038989,21.63452546,81.21335171,6.382976464,69.43854493,grapes,Allvial Soil
91.88098773,55.29810509,35.40040804,23.49729625,80.60971603,6.407739779,270.1350394,rice,Loamy Soil
4.648009352,66.12079626,21.79592414,27.59732384,60.83408732,6.573185673,49.06913126,lentil,Black Soil
115,11,46,24.41592661,89.39655519,6.623167177,40.32161859,watermelon,Sandy Soil
68,69,52,25.65492304,92.74501561,6.813383387,52.95477913,papaya,Red Soil
109.7944779,30.98160971,35.72741624,25.61157195,70.69557688,6.433459231,172.3235868,coffee,Loamy Soil
3.719544143,136.8143969,205,29.90088525,82.33815559,5.950232485,64.9479525,grapes,Red Soil
116.8420033,27.53061496,29.44695206,27.72331651,67.53569123,7.039672897,117.8211677,coffee,Red Soil
22,11,29,28.03380598,95.01630593,5.955742971,218.0055713,coconut,Clay Soil
4.305712015,13.34303755,10.81866218,34.1867439,90.57954094,7.775175159,117.510621,orange,Laterite Soil
28.86948874,72.31281151,19.00762197,28.71646059,57.16647678,6.361205833,120.1161969,pigeonpeas,Laterite Soil
35.96823822,55.28094135,19.72234894,27.11559596,83.36047247,6.666766398,52.33731918,mungbean,Clay Soil
58.05838689,62.21253678,16.83463713,31.84512393,60.02206923,6.488986516,64.38647198,blackgram,Allvial Soil
77,52,17,24.86374934,65.7420046,5.714799723,75.82270467,maize,Peaty Soil
30.20344792,136.4248843,199.6851803,22.92942584,89.86176878,5.604029505,118.369523,apple,Black Soil
63,47,35,26.98582182,89.05587886,7.432768147,193.8778713,jute,Loamy Soil
35.90186297,131.2020619,198.2998752,20.34213524,81.20656137,5.98054392,67.10234047,grapes,Loamy Soil
19.77889772,11.56315356,34.38531414,25.98718779,96.33315622,6.339512141,133.228887,coconut,Peaty Soil
121,36,24,23.66457347,81.69105088,7.352401887,99.36898373,cotton,Black Soil
61,53,43,26.40323239,81.05635517,6.349606327,223.3671883,rice,Clay Soil
37,62,22,24.02037872,61.62313345,7.397546271,49.78102578,lentil,Black Soil
23.18938896,20.85816014,10.67193296,32.41766309,89.3898909,6.430420856,104.649777,orange,Red Soil
65.08829201,57.97825343,47.14357579,26.5733765,89.80549655,6.847743183,147.9199787,papaya,Clay Soil
12.88862647,56.31328264,13.44983698,29.92804876,83.155066,6.618211389,40.26467298,mungbean,Peaty Soil
9.098971228,123.6443899,203.6511686,13.29987758,80.62467474,6.368178465,71.79939369,grapes,Laterite Soil
34.68568556,21.33796451,39.9254048,18.756474,89.44865681,6.612958109,112.0829374,pomegranate,Red Soil
53,73,77,19.71359733,18.09665739,7.325451279,73.64476535,chickpea,Red Soil
9.610462246,67.32547286,20.13096542,25.51560075,62.51868459,6.562171026,45.35372859,lentil,Allvial Soil
27.66322525,145,205,22.96661706,91.49863736,6.22387445,107.8558713,apple,Black Soil
21,39,20,28.14448546,82.1193047,7.064782138,46.75690086,mungbean,Allvial Soil
38.68501589,48.1843171,47.70352232,42.79528205,91.55758629,6.484189933,245.714418,papaya,Laterite Soil
37,18,30,27.63551259,99.34854917,6.38488418,157.9171537,coconut,Loamy Soil
8,120,196,24.06679352,82.66396666,6.053662544,69.81855775,grapes,Peaty Soil
88.46672101,36.89878939,42.66886769,23.43127508,83.38200072,5.848487799,290.0819635,rice,Red Soil
61.3395662,37.28826363,21.70198088,18.56940578,62.23380487,5.963438336,67.28396765,maize,Black Soil
21.87189001,26.11058982,39.37733416,22.93636117,85.57444067,6.987715258,114.155895,pomegranate,Sandy Soil
81.062034,17.25353858,45.70828203,26.82825735,86.00440823,6.744765234,62.69844969,watermelon,Laterite Soil
93.94382311,53.70780189,41.36735487,20.09214334,83.58311013,5.664215374,242.2244393,rice,Peaty Soil
76.62856276,50.07852226,42.9067006,23.16801649,82.67960248,7.146790204,167.805352,jute,Red Soil
60.53425241,63.58385963,78.63399227,20.45654598,18.86836,6.329393172,92.57609381,chickpea,Clay Soil
15.78234433,11.09781118,38.42012469,23.33563508,93.12689188,6.609369511,107.3338451,pomegranate,Loamy Soil
39.46489223,51.79372532,17.23589323,28.60758584,86.0531626,6.88525047,49.30173534,mungbean,Loamy Soil
33.72964471,67.46500973,52.04679325,27.47634268,94.6190647,6.664523431,41.10647172,papaya,Red Soil
34.42880033,62.99937311,76.12297316,17.84442021,18.03649737,7.725069738,90.52041909,chickpea,Loamy Soil
11.17690322,54.9641021,24.11486066,21.37382553,19.6880616,5.740965227,135.8377759,kidneybeans,Laterite Soil
68.58220394,36.81490885,40.79461362,23.06857605,83.5955211,7.020868661,250.0426591,rice,Loamy Soil
60.6206513,43.38057835,17.08429587,26.16359295,71.51130172,6.941833304,103.1115628,maize,Loamy Soil
8.886479352,61.77555315,16.30156899,31.22154691,45.74721572,3.815206152,55.71677399,mothbeans,Laterite Soil
88.72971582,87.17730904,52.76200655,25.78750107,81.09566357,5.816842368,119.2713061,banana,Peaty Soil
63.92436302,57.93171848,35.04440606,25.87656796,81.35483631,6.224492138,161.8276303,jute,Peaty Soil
33.4513269,19.43741781,37.47893275,26.32091885,98.98851371,5.583148582,144.9066552,coconut,Laterite Soil
14.99591641,21.52393043,35.15209954,29.63637612,90.59802059,6.115072748,194.1924439,coconut,Peaty Soil
70.56545076,44.8876168,43.52704956,23.57404973,81.19890245,5.033484714,261.5595678,rice,Sandy Soil
89.78597175,39.51970959,35.29401652,24.78242129,81.61028583,6.86207374,189.8277787,jute,Allvial Soil
52.08451132,64.06294464,17.37741434,32.73002556,67.17259786,6.792820986,70.37822402,blackgram,Clay Soil
19.13366639,20.7408923,30.31605298,28.17927528,52.67525463,5.392765703,100.0909736,mango,Sandy Soil
28.00680381,24.18522338,28.20291723,26.60719297,95.66492079,6.162704893,193.9726576,coconut,Clay Soil
0,24.72509832,15.06314133,19.32418073,91.68863613,6.351725338,116.2259842,orange,Loamy Soil
3.997500508,68.21879442,18.78863441,19.14086742,33.47337051,6.146059563,154.3432015,pigeonpeas,Clay Soil
18.20535392,51.38640452,26.8286302,26.83608149,49.65272651,3.534619688,45.14430781,mothbeans,Laterite Soil
28.44532524,72.88546303,25.33609615,31.61924502,48.10336089,7.083526233,168.5655175,pigeonpeas,Black Soil
107,34,32,26.77463708,66.4132686,6.78006386,177.7745075,coffee,Red Soil
81.52273781,78.79145938,50.45877785,25.98168337,79.82988541,5.48699785,111.249131,banana,Sandy Soil
107.0378525,34.02817403,30.44763592,26.73352471,67.53314357,6.778935318,179.6456721,coffee,Red Soil
33,121,203,22.45696744,94.76285385,5.605934087,114.8407725,apple,Laterite Soil
39.26828706,28.35647555,41.94797928,24.90917757,89.21724677,7.083578934,109.1493204,pomegranate,Peaty Soil
31.60511043,11.97793056,14.27319664,30.17173689,92.36412533,5.98907667,117.6315518,orange,Peaty Soil
79.16411107,42.41223595,39.60620143,21.54556655,82.21218089,7.064239845,209.3031949,rice,Black Soil
36.57955615,66.7846057,56.95551832,29.28911615,89.90261904,6.749692861,200.3461459,papaya,Sandy Soil
44.62202629,62.18768733,14.4633897,26.48494952,64.05868051,7.340006745,62.79810554,blackgram,Allvial Soil
52.1671048,65.36223229,76.63738382,20.34829975,15.04156751,8.727824049,76.82394986,chickpea,Black Soil
81.59237658,14.2159006,49.02745359,27.11608059,95.46346108,6.425629976,25.88128283,muskmelon,Black Soil
46.40652809,76.02839897,18.24919779,27.13197643,67.52893462,7.344151136,58.25721498,blackgram,Loamy Soil
24.54626229,130.4233255,192.3051213,22.27602873,83.01304594,5.724736618,66.26657211,grapes,Sandy Soil
105.8799686,87.96440538,54.11563688,26.03989574,84.96731624,6.056719521,112.5446472,banana,Peaty Soil
102.9338675,73.93698371,48.52664557,29.1900471,79.81392093,6.284076556,88.74573335,banana,Sandy Soil
31.5891728,76.2849667,27.58592442,30.1362479,42.90301068,6.427937202,148.2278011,pigeonpeas,Loamy Soil
1.324858736,14.57865057,9.780338009,30.14468931,94.19078562,7.554616662,115.6785425,orange,Red Soil
5.31429444,124.4488474,202.3409545,27.95181653,83.85683398,5.749347006,70.95553288,grapes,Sandy Soil
38.84297676,71.48895649,85.55011558,20.55565475,16.22116512,8.12670956,82.30510172,chickpea,Allvial Soil
3.791628211,11.79581546,5.631510825,15.59921267,94.99880617,7.576122886,102.6648206,orange,Sandy Soil
96.03022365,33.91459819,29.40688687,25.00882503,53.98156935,6.337800032,166.9744692,coffee,Clay Soil
33.7865946,73.58318791,16.01057921,20.94898924,63.15039026,7.640415956,54.3622138,lentil,Clay Soil
35.94304014,51.16804484,17.39672383,28.88130751,49.51635268,3.569036244,39.42505529,mothbeans,Allvial Soil
26.17534899,57.84301948,14.76603506,30.55074728,61.76740872,9.405693567,63.71994186,mothbeans,Red Soil
27.93329294,28.98241691,29.42737463,28.89396845,91.52541596,5.727801982,149.3441964,coconut,Black Soil
7.997962851,15.99029144,8.797459349,18.88497638,90.41722276,7.815835945,112.9168407,orange,Red Soil
0,55,25,28.17489437,43.6672299,4.524171562,45.78172762,mothbeans,Loamy Soil
36.55284506,55.24645153,27.74861391,25.62194723,45.6356619,7.888597775,65.34131975,mothbeans,Peaty Soil
19.22720185,40.01078864,16.57585287,29.52227114,81.61034401,6.872290466,46.5022921,mungbean,Peaty Soil
58.02169634,57.36917643,74.92708589,16.9197486,19.19304012,7.808953165,84.72522255,chickpea,Clay Soil
95,27,55,28.47212559,91.21322065,6.160414414,20.88620369,muskmelon,Peaty Soil
113.8641336,93.06220396,53.157435,26.19631877,76.79531958,6.189516021,119.0316754,banana,Sandy Soil
34.71323478,48.81166662,50.02309352,41.266751,91.20837344,6.790005236,181.1753458,papaya,Black Soil
87.34669462,44.35470188,40.05118108,22.46959693,82.70193573,6.597407472,194.7050066,rice,Peaty Soil
0,136.4497485,193.8709339,22.57696608,80.19247223,6.335228921,67.91955286,grapes,Red Soil
75,49,15,21.53574127,71.50905983,5.918263801,102.4852929,maize,Peaty Soil
37.78664364,18.45814027,10.43216974,10.24812566,91.01862893,7.364941466,105.1835964,orange,Loamy Soil
36.47862875,140.4701238,197.9195513,17.00504958,82.47232439,6.124444836,67.77041526,grapes,Laterite Soil
18.73142995,34.47349768,24.85925904,26.8531792,82.31387807,6.925496672,50.86043121,mungbean,Clay Soil
30.80395391,40.26892122,19.64897883,29.41690868,86.1070268,6.325538842,52.76173515,mungbean,Peaty Soil
8.993845777,27.00064112,38.20146414,23.84048664,86.0871909,6.093445605,108.4440894,pomegranate,Peaty Soil
35.869694,133.8502957,196.8535769,25.44842436,83.85164264,6.176983711,69.67384435,grapes,Laterite Soil
37.96442087,50.04873555,18.32800812,28.70082779,85.29948143,6.90695679,49.9846491,mungbean,Loamy Soil
0,135.2238079,204.1812218,22.90034659,92.14867016,5.632639902,114.5191578,apple,Red Soil
113.29934,22.02705989,35.36347439,25.94836674,55.78437537,7.273808723,179.4452768,coffee,Red Soil
8.051229628,138.5362873,201.9521953,23.6666901,94.04578625,5.872978689,105.8992387,apple,Allvial Soil
94,5,55,28.5854649,91.89216849,6.085682344,26.88372572,muskmelon,Allvial Soil
28.2182958,68.17156718,16.72648652,29.91325679,64.44609971,6.592855487,33.42651317,lentil,Peaty Soil
38.64091183,23.59110902,26.9967158,33.49999533,53.64497114,4.750377028,99.09872482,mango,Loamy Soil
68.80449868,39.89768235,17.66259336,26.24809726,64.95307838,6.632914742,106.0243045,maize,Loamy Soil
125.7568988,48.31332318,11.82582643,22.92838518,74.70213318,6.472624596,69.32115019,cotton,Black Soil
88,55,45,24.63544858,80.41363018,7.730367824,253.7202781,rice,Allvial Soil
107.8042025,37.73577364,30.26434752,26.80611592,57.39921305,6.381593828,147.0938032,coffee,Clay Soil
17.87322255,57.01534324,25.2647368,31.26243169,42.5417835,6.419156006,31.98940703,mothbeans,Peaty Soil
40,61,22,20.94981756,65.8108757,7.002216044,44.23913012,lentil,Peaty Soil
103.4399447,26.65330933,30.66699649,27.12410249,52.40303744,6.721572073,125.6019269,coffee,Sandy Soil
31,35,23,30.30260453,47.18283631,7.707595055,68.04039813,mothbeans,Sandy Soil
75.92087279,56.54509851,39.54319789,24.51447472,91.30754301,6.536610242,199.5782845,jute,Allvial Soil
0,64.65968406,13.74768939,23.52849236,23.48008629,5.664782075,95.12497231,kidneybeans,Clay Soil
102,25,50,28.20480805,92.91440379,6.099662369,20.36001144,muskmelon,Black Soil
76,57,18,18.9802729,74.52600826,6.092725883,94.26249353,maize,Red Soil
125,39,21,25.03149561,82.21276599,7.954629324,95.0191318,cotton,Sandy Soil
122.3252893,53.50957657,19.99108699,23.62626717,77.36944212,8.004861708,78.91851968,cotton,Loamy Soil
58.33035604,61.66742505,15.41495737,31.84566316,60.31313486,6.50886111,67.04126917,blackgram,Allvial Soil
83.63162545,19.3260288,55.97172423,29.46610327,90.08940527,6.529662192,23.2601325,muskmelon,Black Soil
62,52,16,22.27526694,58.84015925,6.967057762,63.87020584,maize,Black Soil
18.30719783,74.46578684,20.43745643,31.26193097,34.22503882,6.550067395,103.4796679,pigeonpeas,Clay Soil
93.19401405,23.25319439,43.58131707,27.77928488,90.78438378,6.274135077,20.21126747,muskmelon,Red Soil
98.09013489,20.67338243,50.54940207,26.27575636,85.01312089,6.792944542,58.64357855,watermelon,Clay Soil
12.2324455,19.48195623,29.31238682,29.8679894,52.81379527,5.151994361,97.33650427,mango,Laterite Soil
38.73940847,77.90786301,18.02846027,27.26511768,69.13439028,7.149559238,69.49466747,blackgram,Black Soil
64.05238109,53.5520405,43.25817096,25.24440793,80.78156299,7.812846981,254.0627233,rice,Allvial Soil
55.80706221,76.52848227,18.08517976,28.25641813,60.19116736,7.517311909,63.71614623,blackgram,Loamy Soil
56.16055669,70.7623777,12.91596262,27.73591948,67.53185925,6.922438623,71.58507504,blackgram,Black Soil
94.89865878,49.38640579,38.37124002,25.86041295,81.70154291,7.032153732,210.2205897,rice,Laterite Soil
26.76397864,75.8031743,24.03131365,15.30012457,25.73599296,5.573435291,134.179279,kidneybeans,Sandy Soil
37.80094155,139.4624056,200.3719942,41.18763137,81.26022324,5.524818027,68.04079649,grapes,Peaty Soil
73.09246601,42.92892456,21.52296542,25.95912553,60.94683928,6.327855087,99.83950326,maize,Sandy Soil
99.25644274,53.17847281,38.22420656,21.12121271,81.32906718,5.618753838,200.4287997,rice,Clay Soil
30.17892234,57.40007435,20.05828586,25.47015244,51.18419587,5.879961231,54.54262805,mothbeans,Red Soil
75.63625578,55.38285275,37.24513213,26.4286045,84.84947008,7.030305159,260.8754844,rice,Clay Soil
19.93941664,70.30728878,15.09094429,36.1196341,55.38286876,7.294220988,135.3995287,pigeonpeas,Red Soil
49.00798795,53.66061657,55.59756604,38.78708015,92.08399177,6.543594372,79.0757754,papaya,Sandy Soil
105.7955696,44.12195699,25.51589384,23.06251356,82.56404383,7.216342894,72.15684678,cotton,Laterite Soil
13.51260296,58.82027289,21.94523021,23.8311808,68.32417589,6.75133047,47.67406011,lentil,Black Soil
24,73,20,19.63736208,32.31528909,4.608695247,176.4134092,pigeonpeas,Red Soil
89.22202201,46.77212969,39.36085878,21.1527381,79.93873801,6.455094836,185.4665437,rice,Sandy Soil
67.90207928,59.23975161,41.95590439,21.93663342,80.90853135,6.021981398,213.9616103,rice,Laterite Soil
30.73931195,52.0824116,13.02388678,28.77091058,87.01676148,6.449500193,50.36370225,mungbean,Loamy Soil
62.65378135,53.26742315,16.7586655,22.14326195,58.24907931,6.946767855,63.35412099,maize,Black Soil
23.96198199,59.05912657,23.42165361,18.57156126,19.62103085,5.669338259,106.6692371,kidneybeans,Peaty Soil
37,49,25,29.9145443,85.85384444,6.415459592,41.39081525,mungbean,Clay Soil
32.84655762,72.3279861,81.68328734,20.45105654,14.43824654,5.939092577,93.10232191,chickpea,Loamy Soil
10.95144341,41.85835908,18.71441254,27.057994,41.45099659,5.146461203,41.57374106,mothbeans,Loamy Soil
25.01139276,35.76462944,21.74954101,28.77943392,43.43378575,8.944839265,72.68366804,mothbeans,Black Soil
8,28,37,23.88404783,86.20613842,6.082571701,108.3121789,pomegranate,Peaty Soil
9,69,20,19.30607278,23.96362799,5.591560999,129.3449326,kidneybeans,Loamy Soil
34.43467654,141.3531167,205,21.1116207,89.97351351,5.875313426,124.5768282,apple,Allvial Soil
80,18,52,27.87317436,91.14849627,6.484799661,24.05207925,muskmelon,Sandy Soil
37.6546623,72.76689402,12.92592335,25.07760628,18.43250269,5.595897281,62.58685902,kidneybeans,Red Soil
35.12043416,67.26348847,14.31647334,18.91519162,20.78156844,5.936734878,125.1713919,kidneybeans,Loamy Soil
86.71905493,25.40899226,29.13300757,27.08241835,52.52207776,6.091913888,190.2965453,coffee,Laterite Soil
40,9,41,24.37766782,85.4017118,5.78270695,106.128338,pomegranate,Black Soil
7.935721169,127.6838344,196.2653635,26.91557617,83.40579127,5.846614527,72.29693067,grapes,Black Soil
86.95187755,25.9230157,47.67197762,27.25849679,88.8483556,6.431587481,22.2534228,muskmelon,Sandy Soil
91.16471943,53.16598084,39.46707076,26.46630229,80.7269701,5.368806687,267.9473487,rice,Clay Soil
24.61983737,59.57856042,20.94006311,21.93223312,22.04943951,5.872337122,135.2900347,kidneybeans,Allvial Soil
40.7679123,10.05202113,45.79834582,24.40791425,86.11271014,6.304451741,108.914787,pomegranate,Sandy Soil
67.77104308,46.54653449,39.31385755,25.26347291,76.51426305,6.127746439,181.8378008,jute,Sandy Soil
61.93625706,49.51310694,37.79987812,24.06154539,84.24988801,7.530256472,165.8495646,jute,Laterite Soil
32,138,197,9.535585543,80.73112694,5.908724337,69.44115171,grapes,Loamy Soil
10,9,28,29.01256899,94.01014388,6.282955073,150.0500312,coconut,Black Soil
28.25405143,75.71246887,81.90034816,17.79735384,17.64075625,8.764149114,83.57101565,chickpea,Allvial Soil
32.42652613,80.24117549,20.23450084,28.34770507,66.80633115,6.572314298,69.33595733,blackgram,Peaty Soil
32.9610156,67.98865508,43.98183879,43.1085929,89.00481396,6.666147169,236.0772692,papaya,Clay Soil
95.27987249,39.33632074,22.70356161,19.5684952,60.80930997,5.690142651,102.3148531,maize,Red Soil
121,45,22,22.45942937,81.30681027,6.443785385,64.23026638,cotton,Red Soil
83,60,36,25.59704938,80.14509262,6.903985986,200.834898,rice,Clay Soil
11.83527346,29.99900093,13.44074898,22.61776597,91.03817266,7.556131089,117.1521997,orange,Laterite Soil
18,74,15,24.9035819,22.27512704,5.70836603,146.4727237,kidneybeans,Black Soil
21,31,32,35.38598705,51.42664176,5.254532213,90.29643888,mango,Peaty Soil
98.27725206,23.79353398,45.56266426,27.99287517,90.84242199,6.271643966,20.41673251,muskmelon,Red Soil
38.09161823,58.36013399,16.14420587,34.92445265,31.12615254,5.005976486,118.4001997,pigeonpeas,Peaty Soil
44.47754394,46.64140813,44.0393421,38.84189072,95.04719724,6.564758686,216.302166,papaya,Peaty Soil
38.76897417,49.24191738,48.76572734,42.92077603,91.28730144,6.49426948,245.9778459,papaya,Laterite Soil
35.80278768,67.39780468,19.10282481,20.41010639,60.10916402,6.957672985,52.75394175,lentil,Clay Soil
8.333212828,15.17087411,31.51878279,25.05725354,94.81860736,6.177179972,176.8447526,coconut,Peaty Soil
90.85396026,8.944447012,47.2761766,29.67782244,90.48477427,6.633153746,30.09708865,muskmelon,Clay Soil
27.79591066,21.69400738,27.5940334,35.62747002,52.01714043,5.074663222,91.10886241,mango,Clay Soil
62.37404295,36.42962341,44.42984842,23.43665973,84.0310299,6.697338447,185.4377392,jute,Laterite Soil
76,39,24,24.2547451,55.64709899,6.995843776,64.23845455,maize,Laterite Soil
133,47,23,24.88738107,75.62137159,6.827354668,89.76050416,cotton,Peaty Soil
117,81,53,29.50704598,78.20585613,5.507641778,98.12565829,banana,Red Soil
22.40516637,23.34389449,29.89691003,32.76906786,48.78572897,4.76332704,92.06457038,mango,Allvial Soil
11.68141731,56.45476851,25.03806088,28.26232129,85.26475094,6.848540426,49.38503342,mungbean,Clay Soil
26,122,202,22.44516988,94.73763514,5.617227184,107.1843273,apple,Clay Soil
16.31400652,17.91160331,30.18596154,27.69744846,91.03126666,6.228361054,162.1888082,coconut,Red Soil
117.5862167,87.82398821,51.84656564,28.4394839,81.88110246,5.868861762,99.73901986,banana,Clay Soil
107,10,49,25.83202912,89.00481725,6.755192025,45.24690619,watermelon,Red Soil
100.5057821,55.84403979,41.37939147,26.49554295,82.70430615,7.434700642,176.7803302,jute,Allvial Soil
95.25687543,74.87920759,49.57123596,25.99827381,80.91426666,6.016578682,107.9251998,banana,Loamy Soil
24.88436268,50.1078043,18.71847602,27.79241398,54.10016513,9.464033816,49.45303128,mothbeans,Clay Soil
22.58828633,25.58393609,39.62769143,22.79602008,85.35679516,6.989825379,111.2328713,pomegranate,Sandy Soil
30.56604786,79.30669268,73.88661976,18.94363739,15.10263416,8.202025774,88.92246639,chickpea,Clay Soil
38,36,21,28.02952623,84.8845732,6.556372966,36.12042927,mungbean,Black Soil
77.69980039,52.61295648,44.59134864,23.83272706,84.05498147,6.107436277,168.6315322,jute,Sandy Soil
16.81712346,57.07854285,19.84736527,28.37025695,45.92992163,3.787290925,67.23472928,mothbeans,Allvial Soil
0,25.41539804,29.58612004,25.18238939,95.54520209,5.518597455,193.3852952,coconut,Clay Soil
12,6,8,30.84835031,92.86773675,6.388617138,107.4142681,orange,Loamy Soil
25,57,24,27.65472156,58.59986279,6.974978386,36.94255012,mothbeans,Sandy Soil
81,45,23,19.32666088,68.034493,6.192360003,84.22969177,maize,Laterite Soil
102.3818918,51.62625673,23.06762544,22.93348484,76.52895748,6.877968529,91.62915255,cotton,Sandy Soil
9.728937606,43.42759251,23.94764301,31.10702547,42.48323828,8.03083736,58.65042708,mothbeans,Red Soil
90,92,55,27.00932084,80.18546798,6.13465588,97.32531705,banana,Laterite Soil
90.76582863,25.42750416,56.28660083,26.27569928,83.42281073,6.236979004,45.65551193,watermelon,Red Soil
111,40,25,24.484692,84.44932014,6.187455799,90.94342484,cotton,Clay Soil
63.04049056,48.55787032,34.909958,26.98103387,88.7538235,7.476808316,195.9374763,jute,Loamy Soil
4.673336756,21.78493122,15.03858267,25.71477591,92.09918899,7.428012256,115.1587731,orange,Laterite Soil
57.31874948,60.69065292,13.94580554,30.71586747,64.74626866,7.362194072,62.5486593,blackgram,Loamy Soil
42.6504072,61.77456691,19.91183044,26.91711815,60.89684933,6.799176526,62.92094982,blackgram,Peaty Soil
84.97832962,41.45274432,45.25214274,24.85792714,86.98684407,7.210291951,170.3051847,jute,Loamy Soil
100.1044615,33.52769504,25.2411215,25.36808223,56.87736019,6.054247626,128.9604558,coffee,Peaty Soil
0,21,32,35.89855625,54.25964196,6.430139436,92.19721736,mango,Black Soil
87.88144416,38.6843832,31.02292068,25.01217317,56.76018931,6.656598083,156.7552772,coffee,Red Soil
14.70544081,59.32185747,24.18379305,23.7152249,67.36941241,6.747074276,46.30269487,lentil,Black Soil
34,48,48,41.04224355,91.37258067,6.805277038,181.527598,papaya,Black Soil
28.55490943,21.20848963,32.22328001,35.23982804,52.18016677,5.041474668,92.09915202,mango,Clay Soil
83.10674885,24.74081795,49.03108176,24.15441903,87.04618524,6.074995756,47.57174458,watermelon,Clay Soil
3.738425588,40.36337538,26.02985046,27.56966321,48.15418312,6.727148112,96.2450561,mango,Clay Soil
92.45788198,41.56845533,37.66635403,24.58004711,83.68014042,6.136075904,193.0926256,jute,Allvial Soil
35.95468453,6.499122647,37.00408541,20.05501836,87.00915644,5.79781939,106.6830244,pomegranate,Black Soil
87,60,23,20.27317074,63.91281869,6.439071996,62.50351892,maize,Black Soil
107.8738861,89.1825964,54.91332622,28.998057,79.77973682,5.921300126,112.9880349,banana,Clay Soil
70.16425381,60.08882525,53.60506154,36.18033816,92.87475534,6.951646157,143.8269123,papaya,Clay Soil
71.5788156,42.90420774,40.39862914,24.58647315,89.1268797,6.182738095,171.2201647,jute,Peaty Soil
1.040094407,58.69275344,21.8342768,27.55150943,86.85920345,7.190921844,46.29340961,mungbean,Laterite Soil
9.590587287,49.29179927,18.69954598,29.72899337,84.17690613,6.395668651,57.00832671,mungbean,Allvial Soil
75.23357959,43.71809555,16.49071515,20.37905726,63.47344868,5.844385853,66.5288062,maize,Sandy Soil
3.3758225,40.09782362,18.48878924,28.08635833,84.36550197,6.627557527,37.37889021,mungbean,Red Soil
26.36063485,68.53672663,14.83086019,29.69928423,65.38954743,6.557214021,36.11108081,lentil,Peaty Soil
24.3364009,63.68923994,18.49937069,19.2098322,54.77946594,4.683947699,194.2962944,pigeonpeas,Sandy Soil
95.00909011,49.32602209,19.49520336,23.37402767,73.65601045,5.873444845,100.1640256,maize,Loamy Soil
11,44,17,26.34043268,55.59160391,8.016210782,35.1051197,mothbeans,Black Soil
17.55936001,56.8997496,20.19826948,28.43403264,45.93659334,3.802757181,65.98944443,mothbeans,Allvial Soil
85.71792295,46.14780139,42.1986231,22.43756693,84.00008822,6.619194413,193.3859402,rice,Peaty Soil
9.496693721,56.16246218,24.52602174,30.1025014,89.31976947,7.195523097,43.92291533,mungbean,Loamy Soil
1,8,26,27.5136304,94.18955816,5.562911913,156.6732553,coconut,Laterite Soil
110.2754649,25.52168744,54.46001242,28.77870837,91.85807359,6.416102079,22.60379777,muskmelon,Peaty Soil
81.40010707,24.00940898,31.24945685,26.478183,66.93055112,6.804162801,124.6825569,coffee,Loamy Soil
17.09355653,39.7732241,20.57577053,29.29970341,81.66570894,6.861999194,45.31039721,mungbean,Peaty Soil
38.53071778,138.8966331,203.2337224,20.89703518,82.38249137,6.397616627,74.65591778,grapes,Allvial Soil
22.45988653,72.15294446,15.66567762,18.24432176,19.16384446,5.539061582,110.8392517,kidneybeans,Red Soil
27,59,22,21.81167649,23.20591245,5.794158504,130.0608093,kidneybeans,Loamy Soil
0.391726176,27.27094518,35.20137147,23.98523146,91.88073907,5.647047042,105.9569253,pomegranate,Black Soil
22.50198531,45.55354715,22.57500057,28.67074185,86.81912879,6.963242482,55.62630379,mungbean,Clay Soil
1.587722026,49.1737662,22.86876164,29.38123696,86.07776304,6.220266803,59.40966274,mungbean,Allvial Soil
35.52044484,48.11531421,24.77040947,29.75224295,85.57295712,6.44135169,41.96272321,mungbean,Clay Soil
22.40019389,138.6466086,199.9219879,10.04277501,80.25666281,5.985085552,66.30793826,grapes,Peaty Soil
20.67151997,80.45642824,17.41124838,21.21138906,20.28529162,5.911049182,113.6533579,kidneybeans,Sandy Soil
6.838845402,44.24782149,14.96310662,28.21726086,61.66544424,4.635444819,32.64250235,mothbeans,Sandy Soil
27.07924585,76.05908802,19.35630465,24.87128654,50.94326517,6.017738614,113.7675754,pigeonpeas,Peaty Soil
32,73,81,20.45078582,15.40312102,5.988992796,92.68373702,chickpea,Loamy Soil
85.30144325,20.09337769,56.54817973,25.69019333,82.33355345,6.301840554,53.22876413,watermelon,Black Soil
1,30,29,28.33333307,51.39586505,6.434197756,91.67241761,mango,Peaty Soil
32.59697792,44.02179924,20.97201354,31.94963328,54.24928069,5.266560583,72.09742483,mothbeans,Allvial Soil
108.1648611,21.76269833,55.19641099,29.07168766,94.72143562,6.265666454,23.7402955,muskmelon,Allvial Soil
70.43421664,70.26412563,55.95749767,43.23784666,94.58130227,6.65690339,76.48002467,papaya,Laterite Soil
26,65,22,17.84806561,18.77621951,5.949949081,143.0984171,kidneybeans,Allvial Soil
34,15,34,27.05826457,91.10510371,5.677282678,224.7006953,coconut,Allvial Soil
1.80938536,50.22173401,16.20725784,25.7743791,46.86454033,5.850529581,41.11552309,mothbeans,Laterite Soil
126,37,21,25.84997269,84.16855231,6.61448588,77.03421249,cotton,Sandy Soil
27.64410672,135.9498523,199.350661,22.93728375,92.09009847,6.231943744,114.053449,apple,Allvial Soil
82.9385592,9.175426465,51.26919693,24.97983975,85.63196798,6.21729697,48.80025745,watermelon,Loamy Soil
83.3922072,58.50620332,39.95868084,21.56267649,80.21686245,6.989087281,229.5442978,rice,Allvial Soil
24.21690713,35.84948655,16.85755545,26.54823116,47.13290682,5.401067696,33.91580493,mothbeans,Sandy Soil
102.7997204,32.51793477,34.73246404,26.71874305,50.81437831,7.151190393,126.582074,coffee,Laterite Soil
23.17143551,72.70952677,82.93333382,18.94903371,17.84272014,6.921889649,77.50492078,chickpea,Allvial Soil
42.94016498,75.68982023,21.72564854,27.36487329,67.3710451,7.758885505,71.78234033,blackgram,Loamy Soil
22.5790997,15.5541948,5,24.28630214,90.72769341,6.972509372,102.599,orange,Allvial Soil
117,43,25,24.68854799,78.51206972,7.839849298,69.31153566,cotton,Red Soil
13.1457821,60.75062349,25.02718882,18.20172958,69.53250668,7.593360612,48.27672822,lentil,Loamy Soil
12.92732766,131.1495794,196.1197992,33.4496238,83.04486667,5.57457408,67.73128686,grapes,Laterite Soil
19.96730918,126.0934437,202.3179696,22.44405353,90.46241535,6.121282661,101.5902432,apple,Red Soil
14,59,15,21.35135729,22.91244883,5.779090476,146.4548645,kidneybeans,Peaty Soil
0,55.39445564,24.92446601,28.09369616,44.81784612,4.548000443,46.82064415,mothbeans,Loamy Soil
26.15256497,65.61319921,24.52763358,17.78487577,17.58027269,5.926116273,143.4936783,kidneybeans,Allvial Soil
4.055088783,132.4703131,201.042147,28.98169354,80.76074707,5.815808322,73.08870087,grapes,Laterite Soil
7.904445884,54.57369261,18.72220953,25.90128908,66.23740472,6.276203152,47.06501091,lentil,Allvial Soil
5.443633746,62.6926033,22.00400302,19.39976769,64.50043495,6.854976074,54.11312979,lentil,Black Soil
21.47844511,79.57810558,15.90169767,21.31880345,20.94065488,5.953769541,115.6365918,kidneybeans,Sandy Soil
20.22213434,19.40286853,35.26322018,34.32891002,50.11443008,6.10814929,98.47267907,mango,Allvial Soil
31.80744878,37.10031013,20.49231243,27.70613015,86.32155503,6.755311216,38.47300823,mungbean,Peaty Soil
1.112441479,20.91216983,35.75537248,25.07029075,92.0703256,6.326064073,179.4910248,coconut,Red Soil
111.2745797,88.79174168,56.74646854,29.60193079,78.56853446,5.515880688,95.5166941,banana,Allvial Soil
82.52225438,19.4642528,51.48514126,26.92215779,88.73008314,6.428722716,58.23545547,watermelon,Laterite Soil
40.80603773,71.27744462,76.94179317,16.86697447,17.0210168,7.459500092,89.41466666,chickpea,Black Soil
85.40285314,19.95249154,52.31505229,27.45277113,95.04470453,6.099702414,26.03042882,muskmelon,Red Soil
23.64524478,51.80501546,13.37152541,27.75005947,62.06305685,8.654587771,71.78847085,mothbeans,Sandy Soil
110.4077297,78.24634815,51.33004871,25.86520604,79.54932202,5.931098088,96.88807592,banana,Loamy Soil
29,77,75,17.50361137,15.48083156,7.778591618,72.9446671,chickpea,Loamy Soil
61.03378001,44.49023086,23.85554132,24.56557402,69.55330983,5.72919875,78.90293556,maize,Loamy Soil
108.5325818,24.62080742,20.85946172,25.1395215,68.4025433,6.981448841,195.7327254,coffee,Red Soil
39.87770554,61.89993344,14.39194462,16.37190079,24.00298751,5.941423957,141.5144008,kidneybeans,Peaty Soil
33,75,84,19.46210401,18.72831993,7.217018459,68.81405149,chickpea,Laterite Soil
25.7379265,21.72750447,23.18569923,33.70098911,45.10527978,5.982985201,94.23766738,mango,Peaty Soil
36.52131216,58.65168084,22.28215293,28.38210208,82.69179265,6.921935833,54.76475325,mungbean,Laterite Soil
22,60,85,18.8392908,14.74071856,7.811997977,94.78189594,chickpea,Allvial Soil
70.32624175,52.21629297,17.86896698,25.23427086,57.34128421,5.803282749,76.50621975,maize,Peaty Soil
29.21481369,27.7783205,30.44337761,31.89114189,51.98369766,5.059027206,100.0638859,mango,Loamy Soil
82.04608429,25.17513382,32.36717999,26.45499562,67.38702297,6.782166963,120.274274,coffee,Loamy Soil
57.38586681,42.59645566,43.18394647,24.16610216,81.84811677,6.569050485,157.8330822,jute,Red Soil
35.64162051,53.58377178,81.63142481,19.3465095,17.95213026,8.404588051,77.31084616,chickpea,Peaty Soil
2.0517895,78.39026872,19.11029953,24.22984964,45.69790766,6.641553294,176.0965114,pigeonpeas,Loamy Soil
23.7877731,30.52827652,44.36963929,21.05869085,85.17171697,6.081672136,103.0240833,pomegranate,Allvial Soil
79.43447637,53.23777149,40.25878222,26.42002946,76.84612044,7.187158411,195.4518371,jute,Allvial Soil
13.44344481,75.13024612,19.77363394,30.77482237,36.12003137,7.009081433,176.7588484,pigeonpeas,Peaty Soil
94.85746855,12.3861519,45.88081241,26.35995711,81.54148225,6.291405538,53.04537555,watermelon,Black Soil
36.70889887,145,202.125143,36.69306099,80.57592152,5.766333012,70.53449543,grapes,Sandy Soil
42,74,83,19.2582557,14.2804191,7.545258424,65.78042032,chickpea,Laterite Soil
99.52090756,9.163530198,50.8538879,26.41301212,85.61260683,6.269821655,45.93046168,watermelon,Laterite Soil
93.04036216,46.59037418,36.15993605,21.61741932,82.04534256,6.502083129,294.7514229,rice,Black Soil
86.20983507,59.69547018,33.87263557,25.63048792,82.4085781,6.95505616,240.3644689,rice,Red Soil
4.031473799,57.38675199,24.83941461,24.88154849,46.23004258,5.038857516,190.4224734,pigeonpeas,Laterite Soil
114.8873211,19.35867401,26.50802015,25.53724088,62.68041213,7.264180926,193.2020931,coffee,Clay Soil
31.47515426,58.22306402,16.44867314,27.83250509,89.01212041,6.753836652,57.46517184,mungbean,Red Soil
36.0092285,69.30907303,25.60141587,16.65284135,24.86180826,5.576315222,74.793089,kidneybeans,Black Soil
32.70204335,58.50392103,22.39535924,22.62825188,21.57176622,5.918936751,122.3633503,kidneybeans,Peaty Soil
91.42188417,44.84872165,39.79479932,23.81898713,83.40997144,7.451715642,241.764843,rice,Red Soil
100,10,53,24.54356968,84.60808277,6.211748957,42.00660251,watermelon,Peaty Soil
53.17491434,65.54223253,76.68539814,20.04023967,16.71972573,8.74876169,76.44224771,chickpea,Black Soil
80.88560601,31.84380545,28.47717505,24.80724868,52.28305592,7.060417736,137.4335916,coffee,Allvial Soil
59.72606551,53.73845753,44.7624084,22.82214767,82.35210987,7.856083665,263.83056,rice,Clay Soil
113.5637742,7.060850408,53.73200077,27.65562304,90.41370514,6.740422108,26.75277374,muskmelon,Black Soil
120.8677277,54.37689757,17.53481511,23.67543167,77.39134186,7.934895046,78.26643616,cotton,Loamy Soil
67,43,39,26.04371967,84.96907151,5.999969026,186.7536773,rice,Red Soil
33,59,19,23.19305333,62.74710773,7.641024177,49.55213308,lentil,Allvial Soil
30.30099798,128.4859156,194.0597748,40.54250944,81.06733918,6.377354547,74.42891572,grapes,Laterite Soil
108.460569,22.46121431,24.44854603,24.72032755,68.67489282,7.028312604,193.5234519,coffee,Red Soil
2.046335515,67.43604685,20.51933319,19.24017779,33.42774066,6.117567573,157.9035078,pigeonpeas,Clay Soil
8.696965851,59.53675889,26.4429304,30.4066613,59.39401684,7.701073152,35.18523896,mothbeans,Sandy Soil
100.0136728,6.697428273,54.13964588,29.13981113,93.87585286,6.091289495,25.40336284,muskmelon,Loamy Soil
62,49,37,24.21744605,82.85284045,7.479248124,166.1365886,jute,Laterite Soil
25.62159949,8.927801705,29.30743654,26.24516929,98.97235248,5.962583991,219.9515224,coconut,Laterite Soil
36.44767635,26.00551782,41.29443949,24.97092807,92.67278576,7.01621074,102.7037605,pomegranate,Allvial Soil
7.271275096,54.32454906,17.84920732,18.18514521,24.43351399,5.708189236,73.01534948,kidneybeans,Clay Soil
110.1436709,5,57.02791975,26.3092504,83.5284511,6.499681171,50.07186904,watermelon,Clay Soil
111.6396314,7.246276965,43.10983266,26.32258373,84.62537863,6.176353327,48.3076312,watermelon,Sandy Soil
53.98996929,69.52857821,17.69542331,33.60025862,66.37921777,7.544839769,67.02735139,blackgram,Peaty Soil
16.67554065,5,11.06898723,20.83940526,91.25253187,6.239696739,101.1218505,orange,Sandy Soil
18.07296848,7.133379055,9.398530122,27.46849641,92.19948078,6.983161005,101.7121719,orange,Allvial Soil
112.8376146,6.731990091,55.91570887,26.62243658,85.00254308,6.46089832,50.72753689,watermelon,Clay Soil
36.89387621,53.78508774,46.72998245,42.51111022,94.77294092,6.676242665,213.0568836,papaya,Sandy Soil
31.05862555,120.4096124,201.3704195,22.9701064,90.54436361,5.726092513,109.7861263,apple,Loamy Soil
33.05016608,53.73995266,21.4113522,31.32331884,40.49251136,5.053203133,66.93365704,mothbeans,Loamy Soil
93.82408959,36.87740053,40.47055254,24.60872043,86.86859538,6.479820192,178.7149044,jute,Sandy Soil
89.74094752,37.15847574,36.12542226,26.27277721,77.02653019,7.320534556,156.6596616,jute,Sandy Soil
55.17238167,72.51125728,84.96378263,18.71558322,14.5219123,7.400984256,91.91131023,chickpea,Laterite Soil
107.2840334,57.61640614,17.07755609,23.72551385,74.84732769,7.517285736,76.17707258,cotton,Laterite Soil
78.02084917,38.76418404,19.15811462,25.5252422,63.57757753,6.30757978,72.5606538,maize,Red Soil
31,144,202,11.02105378,80.55557235,5.870600622,68.23963161,grapes,Black Soil
63.88016502,49.36552497,54.42272336,28.62016887,92.70864609,6.756549456,114.7474933,papaya,Sandy Soil
32.13860591,75.4312219,84.9347774,20.78010559,17.7336238,7.618747847,77.36570268,chickpea,Loamy Soil
20.19125597,8.480010894,28.97896209,27.91324136,95.11476404,5.949926101,217.7408414,coconut,Clay Soil
92,85,51,29.22118628,81.08183635,5.740764682,108.8616474,banana,Black Soil
26.4844829,8.350700649,32.95330343,28.31705231,97.04595771,6.051160692,201.2534994,coconut,Red Soil
27.89386137,124.3295904,200.8128703,22.85541144,92.79347112,6.439781279,121.0741561,apple,Red Soil
108.6213551,93.55830013,46.96083702,27.42967025,85.505594,6.401425622,89.14467682,banana,Peaty Soil
97.50029929,73.87632356,46.1272352,26.59470364,77.93840263,5.662653344,113.0284221,banana,Clay Soil
116.5311651,23.83929276,53.90350472,29.40908838,91.35992223,6.276835753,20.21126747,muskmelon,Laterite Soil
28.81481508,119.8758788,195.7393775,22.81857444,95.09491975,6.071396653,123.6789998,apple,Peaty Soil
6.573808127,5,12.08987422,28.03495294,91.15063505,6.900404452,101.5715055,orange,Laterite Soil
85.43129262,23.80838867,26.41074443,27.12637949,52.18983799,6.052185707,188.8663825,coffee,Laterite Soil
87,28,35,26.5602777,57.1621814,6.759211911,152.0616227,coffee,Allvial Soil
35.02495691,77.96179829,22.55359973,24.05970039,61.58346033,6.926903146,52.7768847,lentil,Sandy Soil
20,19,35,34.17719782,50.62161586,6.113935087,98.00687989,mango,Allvial Soil
84.03946062,6.313242678,51.85479084,26.96318865,86.29768219,6.401232473,54.67170857,watermelon,Red Soil
22,54,20,28.56149805,83.63802195,6.689825155,41.013132,mungbean,Sandy Soil
82.12082827,39.49903684,38.64506545,23.8418482,82.84488093,6.264446022,297.3929181,rice,Red Soil
111.295872,38.71686912,24.10340963,22.8152759,76.94900277,7.218403003,74.2380519,cotton,Allvial Soil
25.08395507,34.58475839,19.29493011,28.85096368,44.62539622,8.881599097,72.5509839,mothbeans,Black Soil
93.58510108,53.969828,41.22769665,26.843692,82.75911301,5.967894338,192.5627653,rice,Red Soil
97.44715062,20.86256135,34.36113626,27.75611101,55.71974458,6.287362997,130.9168877,coffee,Black Soil
8.560473813,44.25829085,20.02027675,26.29566765,56.13727121,8.01973557,32.80899798,mothbeans,Black Soil
26.65745314,75.31414257,82.57491281,20.25552983,14.46379912,6.643390158,85.70891313,chickpea,Laterite Soil
38.13504686,64.05449504,22.29092608,25.47941084,67.65878303,7.64632563,38.87039263,lentil,Red Soil
12.2247607,22.71443847,5,19.51845876,90.53184644,7.768906215,103.0032409,orange,Peaty Soil
14.57673287,131.0493318,198.1541885,33.47708762,83.27408556,5.53191208,66.28447205,grapes,Laterite Soil
25.8821994,57.41816416,25.89408027,27.40170345,42.98291873,6.111977258,139.83583,pigeonpeas,Red Soil
32,57,22,28.6899851,87.50436797,6.769415888,44.56598352,mungbean,Sandy Soil
101.1778574,74.38775342,52.36169647,25.4238834,80.98348958,5.859321519,96.06684951,banana,Laterite Soil
12.65414903,64.92034204,22.19032903,27.41003852,61.6000802,7.318977848,45.35475896,lentil,Laterite Soil
10.79210957,34.28299807,32.27094609,29.00940265,48.38053661,6.824034158,99.01345581,mango,Laterite Soil
1.960543129,136.5441607,205,17.54908984,80.22994266,6.297547717,69.90434553,grapes,Allvial Soil
1.870081603,26.43037656,45.48261907,24.5347869,92.01245202,6.577304874,110.151759,pomegranate,Laterite Soil
81.48302163,76.17629833,53.74662159,27.42436155,78.52016244,6.295000199,91.46501882,banana,Clay Soil
73.50787732,34.80663833,39.29208029,24.9454936,81.06257567,5.004698013,185.3209058,rice,Loamy Soil
7.084118777,133.01864,198.3215716,20.41253537,80.18513009,6.463510585,70.16953537,grapes,Sandy Soil
86,40,33,26.1387869,52.26311691,7.432322234,136.3027766,coffee,Black Soil
30.01962445,29.19893149,36.09817536,27.10148148,92.54796866,6.126863563,139.3893655,coconut,Loamy Soil
99.92898081,57.41603833,36.14417627,26.73502123,81.00512719,5.952022569,271.4385091,rice,Sandy Soil
30.65652513,139.9826114,193.8623318,23.73204597,92.10236637,5.516477747,120.1827463,apple,Peaty Soil
20.35165774,8.510413733,46.04257341,18.94418057,89.16668716,6.084247468,110.0892502,pomegranate,Clay Soil
24.48565461,77.57267186,76.97443389,17.48056512,15.32606293,7.225977354,67.44504494,chickpea,Clay Soil
3.732678498,44.78013724,21.197894,26.03559147,64.83336377,4.182276353,70.57761307,mothbeans,Clay Soil
31.96548024,58.06888116,25.50047223,35.50213777,68.02540414,5.317726143,108.016786,pigeonpeas,Clay Soil
14,19,14,17.68408797,94.35815354,6.699164936,108.0638166,orange,Sandy Soil
0.546807788,63.80385764,25.41630124,28.58695601,63.34635359,7.867832299,53.15119332,lentil,Loamy Soil
34.89325521,138.3935328,199.2511946,21.34790548,89.93030793,5.709669235,104.1016542,apple,Red Soil
0,18.15706781,13.25405209,29.76585115,91.52384985,7.197283159,114.6061952,orange,Peaty Soil
21.75200224,29.42364966,30.71827953,35.71090788,51.06869896,5.224498383,93.52968488,mango,Peaty Soil
17.25042126,55.11526473,22.82579042,21.91104722,55.95541083,7.003478737,137.1490549,pigeonpeas,Loamy Soil
23.59564668,7.090275054,32.46188322,27.9621544,89.38367557,6.390100988,174.6228592,coconut,Loamy Soil
117.6397748,46.5683656,24.74700807,23.36506071,77.70732765,8.018344307,72.88190851,cotton,Clay Soil
102.6059489,36.65593728,24.55683031,25.19838875,77.07519623,5.887166276,72.7836386,cotton,Red Soil
118.2296321,11.81244715,54.01797878,24.7363316,90.09684848,6.031349621,43.95548128,watermelon,Loamy Soil
88.85858184,56.26135491,44.5670674,24.64078896,79.65016849,7.705147289,251.8586535,rice,Allvial Soil
114.0509749,33.24198318,24.36164226,27.46739037,58.94988292,6.154847922,157.4665199,coffee,Allvial Soil
5.953446857,139.2070953,201.3680103,29.2470064,81.32248556,6.367049763,68.15641833,grapes,Loamy Soil
47.25584817,78.77726052,76.33650358,17.59672929,14.25803981,6.584984312,64.66918947,chickpea,Allvial Soil
82.36315418,30.20756784,53.94170895,25.72829925,87.26013813,6.738516918,46.41356118,watermelon,Sandy Soil
7.260588062,13.85553619,32.18948161,25.13287044,96.39163034,6.123642131,174.8852993,coconut,Peaty Soil
26.28439318,10.92963683,31.70700257,25.97824463,94.55283565,6.478821937,144.8310677,coconut,Peaty Soil
13.35077102,21.56312931,7.862922526,17.31232366,91.59860689,6.505083803,112.311404,orange,Loamy Soil
117.6315089,52.13225984,14.11031407,22.82789918,79.39890429,6.007222426,99.87095109,cotton,Loamy Soil
112.9512905,35.65392956,18.2476516,25.0153046,79.20167276,7.369809527,96.14908572,cotton,Loamy Soil
89.65473295,84.65045141,52.82650779,25.76833834,81.86181618,5.770032436,120.3421549,banana,Peaty Soil
80.36722281,48.24560157,20.442185,18.07773705,60.67790529,5.541748299,106.3166949,maize,Allvial Soil
92.83782418,21.76228804,48.47583345,25.67541077,80.77949338,6.365604702,57.12362491,watermelon,Red Soil
109.2509243,87.88537943,53.95839509,26.29614439,83.53862372,5.910427531,113.6813737,banana,Black Soil
66,60,38,22.08576562,83.47038318,6.372576327,231.7364957,rice,Loamy Soil
45.0212839,79.94390175,79.0631814,17.34882985,15.66504191,7.567970023,74.28709842,chickpea,Peaty Soil
55.85031468,56.37734339,46.05854971,31.70830052,92.17676451,6.52471619,65.23828065,papaya,Allvial Soil
18.42403745,124.7336649,205,22.24180182,93.91106001,6.028775193,118.1505509,apple,Black Soil
23.47849775,60.71014673,16.24870908,22.48300211,65.77370667,6.262646888,36.66080845,lentil,Loamy Soil
82.51186875,78.26954621,44.62666282,28.71105072,83.22260252,5.912626025,94.86119144,banana,Allvial Soil
9.958566446,32.11610039,29.71769053,30.08069176,49.66391893,6.412523502,90.15658327,mango,Peaty Soil
8.479700562,78.45079065,18.76760404,20.2869726,60.71008245,6.648927439,190.2677491,pigeonpeas,Allvial Soil
9.650693919,27.82024232,36.98005394,23.61482671,87.85502236,6.105982551,106.4083421,pomegranate,Peaty Soil
73,45,37,23.70467146,74.63745355,6.742688094,181.2783964,jute,Red Soil
21.41287423,141.7732105,198.6177849,39.32667215,81.77758613,5.957928089,69.63824238,grapes,Loamy Soil
13.32540608,53.26716912,17.25515389,27.5094066,55.78483145,8.036969901,71.61610928,mothbeans,Clay Soil
30.86018182,12.03814691,43.90243583,24.8749887,87.4916335,6.046256437,108.0977185,pomegranate,Clay Soil
101.987231,17.31049056,50.17533772,23.91091324,82.57066952,6.930602909,48.88939757,watermelon,Black Soil
37.62774849,45.90730749,21.0611841,25.24033882,51.23295802,4.506993487,33.47184054,mothbeans,Loamy Soil
17,58,25,31.12896766,43.58788762,6.455592696,32.76742894,mothbeans,Peaty Soil
9.620718203,10.24200139,12.01547856,22.49464344,93.81062006,6.033129456,98.2823705,orange,Peaty Soil
91.14106184,35.2178681,39.43299573,24.91958504,80.28205105,6.16012193,184.9715836,rice,Loamy Soil
5.773772356,47.67653946,18.59340322,31.01434381,61.87740669,3.525481815,63.70646984,mothbeans,Loamy Soil
35,66,81,19.37101121,15.77458129,6.138243973,85.24819851,chickpea,Sandy Soil
0,137.5318431,201.6653012,22.97308883,93.24872573,5.612389794,113.5139747,apple,Red Soil
59.30990654,60.4448316,83.95655707,19.09448859,17.92991014,7.700741151,96.80871408,chickpea,Red Soil
105.6979075,87.95614946,53.81932725,25.83000015,84.71599553,6.027252713,116.3517602,banana,Peaty Soil
80.37056778,23.94752034,33.76638466,26.81916457,67.30734071,6.833813535,120.6725552,coffee,Loamy Soil
0,122.7312106,205,22.07663313,92.07360146,5.774166511,124.1707709,apple,Red Soil
103.6838464,17.85816984,37.30771959,23.34753773,69.60125593,6.728081788,170.1110781,coffee,Clay Soil
59.45616547,63.22473747,84.22000589,18.7946512,19.59301218,8.058097502,70.55644465,chickpea,Black Soil
111.661113,30.09843765,33.10165567,25.7147309,52.24106134,6.124695528,162.4916336,coffee,Sandy Soil
28.69225866,24.24728467,41.95851253,24.37687176,92.15154768,6.620780851,110.8402189,pomegranate,Red Soil
82.43909519,38.31394469,40.82652628,25.66992982,81.80499988,6.785930017,169.9310945,jute,Sandy Soil
60,37,39,26.59104992,82.94164078,6.033485257,161.2469997,jute,Allvial Soil
28,67,21,21.79792649,63.73086065,6.250994223,46.62370222,lentil,Loamy Soil
22,68,16,27.70496805,63.20915034,7.74672376,37.46160727,lentil,Loamy Soil
90.47612428,35.90870074,41.37045524,22.30284896,79.97292946,6.369344103,200.1861013,rice,Peaty Soil
9.071510324,17.64572851,32.09226219,25.94454047,93.28949617,5.882449778,170.593002,coconut,Allvial Soil
31,79,25,23.18864385,22.3104551,5.902033406,63.38208822,kidneybeans,Sandy Soil
32.6378337,78.61085302,23.74961157,24.25536729,62.64258861,7.017295991,55.8237911,lentil,Sandy Soil
35.23749583,10.89189932,10.38739002,17.15338258,93.45455654,7.16201671,112.6096258,orange,Red Soil
117.9197617,24.00531095,54.92071228,27.83019997,91.17398107,6.722466126,25.47273869,muskmelon,Allvial Soil
32.21922224,5.908789573,12.19879279,17.82013171,91.29637211,6.584871455,109.4139764,orange,Laterite Soil
9.812949089,20.77164637,30.86771018,32.18817102,53.34011218,5.853923134,96.2802725,mango,Red Soil
8,136,201,41.65602996,82.22118237,5.609255992,74.19664838,grapes,Red Soil
27,10,33,27.81132822,97.48410555,6.465906333,154.0621221,coconut,Clay Soil
43.57475105,56.88902559,48.77112648,39.16646335,91.33704564,6.516024241,66.39651555,papaya,Clay Soil
61.78349624,48.69770443,37.42152492,24.54689808,83.02384413,7.492931518,164.5603499,jute,Laterite Soil
36.66495569,23.40417105,13.53855007,31.57709786,90.69221473,6.387458963,109.1072612,orange,Sandy Soil
14.94066174,70.70885368,20.73521497,18.58519845,35.02483404,4.687496316,165.0962617,pigeonpeas,Sandy Soil
31.00518026,143.3956909,201.3503499,23.70517677,91.696953,5.798799231,104.3649314,apple,Red Soil
58.58868186,57.93466647,18.84667314,28.55101324,65.39461001,7.384620886,63.40051269,blackgram,Peaty Soil
31,130,198,21.80129837,92.73446667,5.554823557,120.0586671,apple,Clay Soil
75.31391706,35.42069181,44.68962205,23.35652191,75.28427823,6.604290659,153.0279683,jute,Peaty Soil
100.1283538,57.57479691,37.3633085,26.62659936,80.59592347,5.92624098,272.4849252,rice,Sandy Soil
0,18.74005002,13.66138827,29.78255204,92.02782037,7.207759455,113.2195902,orange,Peaty Soil
22.85244322,81.09333413,20.30964179,22.96703556,18.59938923,5.637608331,97.46324067,kidneybeans,Loamy Soil
4.085019098,35.11090624,18.12638027,24.13840047,60.2533877,8.861886172,43.71331583,mothbeans,Black Soil
20,67,19,19.24462755,50.54495302,5.671419084,180.6465282,pigeonpeas,Sandy Soil
99.67424686,40.09517228,35.51578912,24.46719092,82.06512187,6.733929899,183.7176163,rice,Allvial Soil
11.25253625,5.282591788,40.90788635,19.5943563,91.47183673,6.896725703,109.9035804,pomegranate,Sandy Soil
37,38,32,31.85744939,45.53106268,5.417340525,91.55845821,mango,Sandy Soil
117.4728552,19.19137962,55.52094156,28.90408249,90.57302404,6.120083368,22.26541276,muskmelon,Black Soil
12.50024607,59.30893886,26.3271014,17.27669401,20.2035211,5.743295287,129.2748444,kidneybeans,Sandy Soil
76.58180349,60.55459067,40.30380345,19.92333184,81.70024099,6.76069717,208.6961605,rice,Red Soil
94.31078659,91.47713988,50.25064421,29.12371147,75.85833475,5.626685146,112.3185017,banana,Clay Soil
1.253311093,20.61766041,46.26849558,18.8386742,88.16438478,6.588252555,103.6228888,pomegranate,Laterite Soil
3.304097707,124.5054332,203.6526353,27.85175679,82.84747726,5.76356138,69.27378312,grapes,Sandy Soil
38.02043217,134.0087392,203.0111437,41.23761001,82.75884474,6.445424579,70.48940354,grapes,Peaty Soil
17.74509823,132.1685503,205,39.18743245,80.30671742,6.489001897,76.56246036,grapes,Allvial Soil
75.60933119,35.36866926,35.46252751,26.85560827,82.30546571,6.165404824,194.0688605,rice,Laterite Soil
32.6188501,74.42428009,11.99875354,28.06688063,63.47420424,7.566137355,42.95279365,lentil,Black Soil
34.70541634,30.54934738,32.27013007,31.33477894,50.07706452,5.450864553,90.41858559,mango,Black Soil
13.09026787,59.19281603,22.70357556,27.3462375,87.72486747,7.048019304,50.83188626,mungbean,Black Soil
23.95256635,6.578928088,32.69413565,26.1930037,90.77813665,5.85052863,131.3759006,coconut,Allvial Soil
64.97757615,54.79628986,19.88085909,25.00986829,60.20133358,5.930982672,72.62701277,maize,Clay Soil
28.27192228,71.38116892,84.25477183,18.78171207,19.15146026,6.460156147,71.17415345,chickpea,Peaty Soil
29.65904403,75.69792836,81.86829756,20.68606899,17.80520133,7.587277158,78.70043306,chickpea,Loamy Soil
73.86711181,48.46358461,39.14669217,23.29711018,71.70522883,7.474743689,163.1171114,jute,Black Soil
118.614891,90.50498231,50.13709623,28.77495116,79.15286506,5.994890448,117.5145544,banana,Allvial Soil
99.81910144,56.39271708,39.0035638,26.14122017,83.65767193,7.432808522,177.9206286,jute,Allvial Soil
13,8,12,25.16296632,92.54736032,7.105904818,114.3117197,orange,Black Soil
99.29935706,54.4517078,35.15377101,21.78020242,79.37365251,6.453566743,278.0249201,rice,Red Soil
53.2567534,65.2457285,47.73390403,27.92273748,91.10894942,6.719014749,148.7791898,papaya,Laterite Soil
38.52171644,16.57193713,27.88944736,26.96401602,91.05877489,5.593118139,192.2027871,coconut,Black Soil
82,48,36,25.79351957,81.76904006,6.352076783,193.2418382,jute,Sandy Soil
50,60,47,32.57720726,92.74889453,6.92791761,93.7942847,papaya,Black Soil
84.23913294,36.92060129,42.49871809,21.79401907,83.1818658,6.215412725,276.1513943,rice,Black Soil
5.5435507,60.68162808,25.47132135,28.09591782,82.09262976,6.408777693,54.32955446,mungbean,Clay Soil
81.45013016,80.24306391,54.52586728,24.84716967,83.50021406,5.558102973,100.1765439,banana,Peaty Soil
40.20177874,62.32159958,45.37196904,32.17502057,93.81171412,6.904579006,71.10987978,papaya,Loamy Soil
105.1798533,40.07251525,30.8577632,23.24883603,64.81177708,6.7549361,121.9936584,coffee,Clay Soil
33,138,198,22.29423493,90.69033986,6.222390798,122.7418744,apple,Black Soil
34,62,55,27.58548913,90.72526502,6.585346229,238.5008779,papaya,Red Soil
28,72,84,18.72963144,19.18197264,6.481783043,71.58010169,chickpea,Peaty Soil
70.40094498,53.57073182,15.58245323,22.92697797,64.68178086,5.763651527,87.97437725,maize,Sandy Soil
88.81022688,54.20562137,42.87261518,26.29653057,80.6029246,5.39641991,262.6565567,rice,Clay Soil
23,55,16,21.01142393,69.69141302,5.111488821,185.2039114,pigeonpeas,Clay Soil
107.7345254,9.790849002,46.41997653,25.82523532,89.93225148,6.728957155,45.09915682,watermelon,Red Soil
58.99870421,62.00172811,48.95241879,43.25748102,92.60804793,6.951893925,116.5046419,papaya,Allvial Soil
37.20406635,5,31.68501004,25.65813239,93.33954348,5.784400406,152.362064,coconut,Clay Soil
57.4257633,55.41063558,52.0806057,39.16953399,92.84557571,6.99905355,105.5800288,papaya,Peaty Soil
23.08707213,18.4855452,6.238328438,26.6919615,93.44590369,6.265861152,115.0177379,orange,Laterite Soil
15.16072498,14.2201182,40.68121917,19.57672333,88.92580434,6.872887187,106.8518756,pomegranate,Red Soil
7.883097685,72.41904913,24.99582445,27.56997549,62.60231368,7.270915168,48.32999977,lentil,Sandy Soil
17.38925437,65.17344181,19.49366904,36.66877949,57.79042787,6.076823787,124.129202,pigeonpeas,Laterite Soil
66,53,41,25.0756354,80.52389148,7.778915154,257.0038865,rice,Allvial Soil
55.63665633,56.99874457,48.95723142,36.87478989,94.98260855,6.679650177,175.2038533,papaya,Red Soil
56.0057441,57.42266881,48.90311756,31.68832311,93.35286884,6.523352632,66.48366178,papaya,Allvial Soil
119.4004835,17.33696464,49.19331726,28.04266013,91.51918517,6.518906097,24.42186265,muskmelon,Sandy Soil
68.31737223,65.80264875,46.9838363,40.27536611,89.56133988,6.554125954,92.79066814,papaya,Clay Soil
65.61425175,69.21934467,46.75169148,23.73867685,94.59141782,6.895033396,87.67093557,papaya,Black Soil
28,123,198,23.46260321,91.45665004,5.682751473,111.7763395,apple,Black Soil
21.6021714,60.0971718,18.49882971,19.82681402,61.70186257,6.747537404,39.79434608,lentil,Laterite Soil
56.08787937,74.60698465,15.41882756,28.19072445,60.97781468,7.534467018,63.97719416,blackgram,Loamy Soil
38.40998458,137.5832157,201.7823628,41.27932608,81.30679381,5.547062145,69.39494682,grapes,Peaty Soil
97.43669424,39.43498014,31.77778892,23.84606416,69.77068258,7.061454387,161.6491281,coffee,Laterite Soil
38.6033711,63.87570953,22.81899459,17.30653226,18.04898881,5.928885696,120.4029235,kidneybeans,Red Soil
39,17,45,18.09691127,90.42177379,6.924490731,104.88189,pomegranate,Red Soil
37.4710459,133.1126305,200.0446587,20.35859215,81.68790955,5.906270563,63.30041475,grapes,Loamy Soil
7,15,32,25.03512351,95.89739958,6.182232762,174.796583,coconut,Peaty Soil
23.05862144,54.76652606,18.90382128,28.54561264,83.61400097,6.642764188,40.10926669,mungbean,Sandy Soil
10.38619444,74.72963105,17.0810129,18.19442066,68.56041458,7.721393406,38.47721773,lentil,Sandy Soil
28.46849848,140.5354669,193.7803915,23.65446318,91.22734105,5.55192062,118.7992371,apple,Peaty Soil
24.9245653,40.71469703,23.85303063,27.54479582,90.11592008,7.094742642,53.82754347,mungbean,Laterite Soil
22.76218019,73.05427477,17.17500297,32.35485801,64.85809424,7.383836733,66.98506033,blackgram,Clay Soil
29,57,20,25.60973447,50.7330069,5.87707519,53.39249517,mothbeans,Red Soil
114.7518594,8.405167414,52.05958049,29.31340437,90.74574429,6.024692165,27.12977269,muskmelon,Red Soil
82.36574376,57.98036822,38.59952744,23.37406901,70.97936122,7.07718491,177.3064249,jute,Loamy Soil
21,26,27,27.00315545,47.67525434,5.699586972,95.85118326,mango,Laterite Soil
33.25036552,134.7282919,205,20.83546114,94.5492466,6.047543438,111.9689322,apple,Loamy Soil
9.774721111,20.95802525,32.18514614,32.40657745,53.64500555,5.875242799,92.98803328,mango,Red Soil
1.112098043,48.13549784,26.23262137,29.45213543,86.26250516,6.243148204,59.80629883,mungbean,Allvial Soil
59.48825094,46.83653513,39.34423919,24.2870779,79.54154908,7.044350382,230.4121616,rice,Peaty Soil
12.57509336,22.71655929,7.272728773,23.87895824,90.76145009,7.356802589,106.3308861,orange,Allvial Soil
97.76058494,28.35098717,31.35181508,25.49787894,60.9216639,6.210361831,199.5135392,coffee,Clay Soil
71,60,22,26.07470121,59.37147589,6.2048017,85.75692395,maize,Clay Soil
37.7202692,6.56600808,22.67491592,25.54440132,97.51093779,6.175540291,193.314859,coconut,Red Soil
2,47,15,29.86860065,85.99127934,6.401455706,58.41394143,mungbean,Red Soil
115.0377683,36.11257981,19.91417388,25.19909525,78.77966482,7.374652386,97.13821285,cotton,Loamy Soil
38.9000023,7.12857679,30.09466079,27.63784792,93.9502793,6.338485749,150.4192364,coconut,Loamy Soil
39.64389268,23.76141122,26.70780044,28.58282466,50.24255009,5.463238067,94.63216023,mango,Clay Soil
64.14737908,41.96183928,14.82091129,19.40639441,65.7241668,6.853736112,71.85606068,maize,Loamy Soil
84.25358879,34.62596962,28.20976506,27.06196751,55.19132984,6.151612498,140.7952718,coffee,Laterite Soil
33.4622991,65.18158563,82.04950736,20.90169762,15.17443174,7.113482152,79.8749547,chickpea,Laterite Soil
12.5858067,8.084378282,5.901708147,16.35974991,89.87192507,8.002690726,107.3004307,orange,Sandy Soil
13.7532464,13.90801258,7.868896577,10.02879472,91.33579016,6.192069894,119.3952541,orange,Allvial Soil
24.20305517,142.292387,200.6887995,22.33932472,90.78628562,5.721623402,100.289123,apple,Laterite Soil
5.080376139,137.8065472,195.1780048,22.50408308,91.72911804,6.244988103,108.4798003,apple,Red Soil
34.99847043,51.4454651,20.7043084,28.69535385,50.70192193,3.566798335,38.04456148,mothbeans,Allvial Soil
99.58317269,68.95209695,43.15898067,26.90559985,82.6866987,5.722269071,99.57123048,banana,Black Soil
18,21,35,23.2801227,94.94330457,6.368560522,111.1382096,pomegranate,Sandy Soil
119.7451196,7.552561889,48.74284751,29.57591153,91.50126826,6.738917601,27.73802362,muskmelon,Loamy Soil
20,62,18,29.36358721,64.98742947,7.366542647,61.91208707,blackgram,Peaty Soil
10.83113061,25.09949459,34.90169627,27.68569949,49.24277036,6.381607409,90.15146311,mango,Allvial Soil
89.95784765,59.07183835,32.37151888,24.01366643,88.61568367,7.149616581,174.4354561,jute,Allvial Soil
13.82725792,141.3216504,193.5494985,13.22467331,84.18773946,5.701318119,65.23515932,grapes,Black Soil
91.43134165,81.76334003,51.61399376,27.33304508,82.375396,6.40440937,96.29528259,banana,Peaty Soil
47.16711314,65.11680845,82.07372265,17.69947822,14.25803981,7.890294833,73.5465376,chickpea,Black Soil
105.4540119,73.85721232,46.26913799,24.96620726,81.43293325,6.118559292,119.1474854,banana,Black Soil
113.3973598,54.27759981,16.90752422,24.79774716,77.48480898,7.967150659,83.58878184,cotton,Peaty Soil
39.12664393,23.5354901,12.60737192,30.7284769,90.6447647,7.155914014,107.3023238,orange,Black Soil
85,37,39,24.52783742,82.73685569,6.364134968,224.6757231,rice,Black Soil
61.29060045,63.4211692,51.76062891,43.38602809,92.75566686,6.626356354,109.7348724,papaya,Clay Soil
100.8996816,56.14866336,17.20145524,24.29441264,71.76168177,6.236163592,69.72316507,maize,Sandy Soil
16.4308564,54.8641493,16.81901608,28.09276067,46.03476114,5.943322779,68.2302922,mothbeans,Clay Soil
36.66338626,62.35999303,21.23300379,24.18180354,62.16287635,7.409177432,52.70339379,lentil,Black Soil
32.20660571,75.19756854,13.84623898,27.83680746,63.1619255,7.60118176,43.94517388,lentil,Black Soil
28.50776879,34.68187442,28.1198513,33.88915514,54.26247518,6.260330492,89.58928653,mango,Peaty Soil
6,7,7,27.68167318,94.47316879,7.199106204,113.9995146,orange,Allvial Soil
23.24067653,38.78024589,20.91182397,30.48296124,58.22251487,5.829536979,60.82211208,mothbeans,Peaty Soil
39.80305445,57.57378939,25.77577653,36.82618292,63.76138894,5.301396025,162.57952,pigeonpeas,Allvial Soil
11.81548904,21.71112937,39.19457727,19.91243661,86.08676207,6.04980575,112.7064359,pomegranate,Loamy Soil
28.24980821,77.19973413,27.97683287,20.04811885,58.59468254,5.995892787,199.1029294,pigeonpeas,Clay Soil
24.08394066,141.953237,205,12.20165615,83.48328543,5.918214788,67.29023862,grapes,Allvial Soil
13.0235797,21.48208363,8.520951799,17.33348706,91.60767794,6.560415686,114.8262147,orange,Loamy Soil
34.33642479,38.2151105,29.34178962,35.33810318,44.90612903,6.419783399,96.28646324,mango,Laterite Soil
40.34725136,11.85769404,45.71271537,24.38119934,85.96583266,6.325248312,112.8821447,pomegranate,Sandy Soil
20.84686437,67.29347947,20.41732853,28.98520438,63.3243801,7.503202495,54.13499074,lentil,Clay Soil
130.7626093,50.3975027,20.41801504,25.43331968,80.51950927,7.301017552,63.99477459,cotton,Peaty Soil
2.06207533,139.0595705,198.1996604,22.7343059,93.46933813,5.535671252,106.9817371,apple,Red Soil
99.00589534,15.89834675,29.69508879,23.66114913,65.53809581,6.424118915,186.8193621,coffee,Loamy Soil
20.47772041,26.88718431,24.81740408,27.84403486,44.41030351,5.001025224,92.28959865,mango,Black Soil
29.87255711,57.77904036,16.55013366,27.21270694,85.42585786,7.101092096,49.67496693,mungbean,Allvial Soil
75.35059019,39.80214394,42.95337882,25.01761303,84.04855278,5.098647281,230.9005794,rice,Loamy Soil
39.18434543,25.56965583,11.22564181,30.72010786,90.18104784,7.227692931,106.0000942,orange,Black Soil
79.54889971,45.17422945,39.91021957,22.96953804,75.15824559,7.365519756,153.4692285,jute,Peaty Soil
32.54192392,61.28400369,26.04617123,20.18610086,48.55925104,4.597030693,123.0648036,pigeonpeas,Red Soil
22.31893807,70.73173311,79.63576255,18.80196385,15.3269337,6.3825303,89.72663969,chickpea,Red Soil
114,27,48,27.82054812,93.03555162,6.528404378,26.32405487,muskmelon,Allvial Soil
49,72,15,31.55846339,67.83563765,7.137004749,74.86960831,blackgram,Red Soil
39.44388637,119.4926312,198.4801117,24.00304237,92.52758148,5.929703215,118.9960975,apple,Red Soil
91.87493176,85.91884881,50.39412585,25.92000253,81.23929472,5.800689725,116.2580326,banana,Peaty Soil
26.90824072,60.81013558,23.10333896,27.80801613,52.56249671,4.394968596,35.81950852,mothbeans,Peaty Soil
37.6591494,17.85618786,10.74326325,10.38154665,89.94781971,7.422728501,105.618131,orange,Loamy Soil
62.82155248,43.47643814,41.5448225,24.41123133,82.99314302,5.587560313,257.8259671,rice,Peaty Soil
39.77588916,23.59759419,7.042634779,24.71291351,92.29106434,6.447597351,116.2217752,orange,Loamy Soil
15.80088052,56.8674971,17.79715505,18.20304567,24.19238188,5.667910628,131.0110337,kidneybeans,Sandy Soil
120.8053545,24.75842447,51.97415014,28.27169584,94.74885865,6.307659388,20.21126747,muskmelon,Peaty Soil
8.092903594,54.09761636,21.65576372,28.25634745,81.1141538,7.024397253,39.04177,mungbean,Allvial Soil
23,39,22,29.25649321,81.97952224,6.86483915,42.02483277,mungbean,Clay Soil
116.3690542,7.852332524,50.72592124,29.44924726,90.45660223,6.017900062,28.9479485,muskmelon,Red Soil
40.08387067,59.62869144,21.72832225,20.86800892,65.38572627,6.977709726,43.26924489,lentil,Peaty Soil
89.03607326,47.8730991,19.97906784,24.73352295,68.33049442,6.472611727,73.55906273,maize,Peaty Soil
0,19,33,27.1326009,95.23797989,6.234458417,204.7206567,coconut,Peaty Soil
93.67510569,42.81349776,17.17534691,18.97401663,65.12787511,6.083257237,96.49643891,maize,Allvial Soil
46.79024104,54.13787103,52.17304779,25.08777877,94.29098439,6.662467233,136.7472548,papaya,Black Soil
13.38350207,5,32.9635118,24.80882693,85.41722719,5.816400677,107.9113724,pomegranate,Laterite Soil
101.2818639,70.11130304,48.36567414,28.36607003,78.69250709,5.700083913,103.1380672,banana,Allvial Soil
9.498150575,47.48385009,21.33148446,27.39180407,89.38146856,6.48462026,55.79349703,mungbean,Red Soil
91,21,26,26.33377983,57.36469955,7.261313694,191.6549412,coffee,Sandy Soil
37.92449002,64.16982998,49.64780745,35.40346163,91.3591071,6.658093966,165.7195908,papaya,Clay Soil
5,8,5,11.03367937,92.22706805,6.562594972,112.7715925,orange,Allvial Soil
107,21,26,26.45288458,55.32222678,7.235070264,144.6861336,coffee,Loamy Soil
68.77376745,47.89387304,40.52091779,25.32828985,76.15851868,6.137343892,184.086216,jute,Sandy Soil
30.92916538,25.34226716,34.44127751,17.89656423,85.03698228,5.887148946,107.9957945,pomegranate,Clay Soil
16,143,204,23.71475278,91.53331177,5.631333387,121.8961665,apple,Sandy Soil
46.85778049,46.06533416,49.09728,23.20564684,90.7203232,6.48970394,205.7167535,papaya,Loamy Soil
6.59396457,34.2952973,21.98657518,24.16896835,60.60692038,8.852727533,41.12960792,mothbeans,Black Soil
106.3326326,15.31239589,49.31981523,26.34471076,87.50648441,6.426671158,59.60850767,watermelon,Black Soil
22,71,17,18.15300153,19.38602098,5.509295379,107.6907964,kidneybeans,Red Soil
38.07217605,135.217715,203.4034978,23.78255789,93.56369051,5.976205592,99.84837898,apple,Peaty Soil
87,6,45,29.82729394,90.79007335,6.40077205,22.84203589,muskmelon,Loamy Soil
30.51980451,43.83827861,16.2833608,29.75492467,82.78854746,6.440823584,53.46994461,mungbean,Loamy Soil
56.58433478,49.85366669,50.30239177,32.92917008,92.19587409,6.77698541,87.12710656,papaya,Loamy Soil
81.54287628,45.59383451,21.12533363,18.8866328,58.06714913,5.745763983,80.58566598,maize,Red Soil
19,17,39,24.72485577,85.56083187,6.728599215,111.2787584,pomegranate,Red Soil
83.66087395,90.85140141,52.77509981,29.34094739,83.9103907,6.142429127,107.3092377,banana,Laterite Soil
117.7192775,34.62657936,25.77594069,27.35043503,57.89864824,6.157040206,157.3558053,coffee,Allvial Soil
23.12127247,6.836073567,41.76392231,21.20711263,95.06037598,7.171451761,105.2518626,pomegranate,Black Soil
33,47,46,29.20300896,93.96834049,6.839443833,209.4083305,papaya,Peaty Soil
91.38028805,82.45427054,53.16773679,29.14556414,80.38862125,6.378209879,116.3592325,banana,Peaty Soil
13.26942768,67.28436573,23.12442684,25.54668362,62.62541874,6.620726789,46.3168829,lentil,Allvial Soil
45,57,47,23.16855863,90.78821158,6.656458831,161.6892093,papaya,Sandy Soil
21,21,30,27.69819273,51.41593238,5.403908328,100.7720705,mango,Sandy Soil
0,19,31,25.51791333,94.38420565,6.271952833,178.7297725,coconut,Laterite Soil
21.58104155,59.11787622,23.45331902,18.6573814,21.00242205,5.625083672,103.0458734,kidneybeans,Peaty Soil
10.35924951,9.136437299,39.32244896,22.49500121,89.51511371,6.555995687,111.1087811,pomegranate,Black Soil
74,49,38,23.31410442,71.4509053,7.488014404,164.4970373,jute,Black Soil
100,35,36,25.31042337,72.01364411,6.346715209,190.5577618,jute,Loamy Soil
13.29292687,139.3881234,194.5158794,21.74652716,93.41936915,6.028024707,121.9792821,apple,Clay Soil
21.1777001,68.74056676,16.40930674,27.77200013,62.68385067,7.78609445,36.71808093,lentil,Loamy Soil
114.9829398,11.171348,45.24009956,24.43228824,89.05084202,6.670423885,39.37434276,watermelon,Sandy Soil
85.69841581,37.07245799,38.2990091,24.55367077,82.49060167,6.320007128,222.141528,rice,Black Soil
13.6658825,76.08830486,12.94545751,27.85057018,65.01970559,6.492255406,49.51448234,lentil,Clay Soil
68.72331923,67.75990482,50.33737105,35.12547311,91.95298492,6.838111408,147.3966058,papaya,Red Soil
71,56,37,23.18866654,86.20899734,6.491506245,176.103677,jute,Laterite Soil
0,15.43138777,6.24764935,10.69269643,92.46614857,6.800372934,119.0872398,orange,Peaty Soil
30,63,16,23.60506572,21.90539577,5.525904526,100.5978728,kidneybeans,Sandy Soil
38.87689807,5.084462547,29.80688656,28.17021107,97.15250643,5.833460864,159.6743852,coconut,Allvial Soil
3.246256551,46.48607807,15.35683466,29.68856927,85.4335351,6.417520715,59.28780924,mungbean,Red Soil
74.48103504,46.07713345,18.61225688,19.235392,68.78110266,5.743309309,81.78637939,maize,Sandy Soil
115.5794348,5.317105593,51.8593017,25.34088746,79.45289253,6.645505336,58.00936291,watermelon,Peaty Soil
115.2261788,17.67408392,52.09238717,29.25196223,94.83003641,5.966854678,25.31490632,muskmelon,Peaty Soil
18.84898144,7.884507252,10.91525871,25.29316655,95.90627574,7.287554828,116.6454692,orange,Clay Soil
30.43337715,70.43893872,22.28638439,20.90609989,44.58080681,6.181708094,194.9009124,pigeonpeas,Laterite Soil
15.33258099,27.14780136,31.06891159,28.77967289,98.90757492,6.214688886,225.8879718,coconut,Allvial Soil
19.88847736,78.41452822,17.07457106,20.64802256,23.65464525,6.015612261,68.25642608,kidneybeans,Black Soil
97.25716431,53.21723495,39.21653544,21.22520881,80.18764738,5.621662951,200.8222588,rice,Clay Soil
81.08794131,8.717743789,52.49921111,24.78166825,84.99784906,6.074824983,51.58415895,watermelon,Peaty Soil
7,144,195,22.96388477,93.58065995,5.85648105,104.6472986,apple,Peaty Soil
25.57523529,8.625820477,34.51233472,25.67801536,95.87636868,6.516910099,141.3015464,coconut,Peaty Soil
111,5,55,26.283443,84.42478917,6.520663422,50.78669728,watermelon,Clay Soil
32.38335028,8.864074858,5.674297438,34.17038546,93.51894793,7.183617927,104.4738558,orange,Black Soil
80,71,47,27.50527651,80.79783998,6.156373499,105.0776992,banana,Peaty Soil
14.18434287,14.82874736,28.46837541,29.53610624,96.61192869,6.373090583,210.6755458,coconut,Sandy Soil
50.03330269,54.27586288,78.6775557,20.9157908,21.38391487,7.960017903,76.61515551,chickpea,Black Soil
40.17677714,69.22805473,49.77464413,26.25516692,90.13622139,6.641677309,56.40938976,papaya,Loamy Soil
96.82368698,60.9370267,45.15880452,26.39934165,84.10323577,6.280634615,269.6390392,rice,Clay Soil
44.2229052,49.75939393,45.78425833,28.09175867,90.8171615,6.63580201,181.872448,papaya,Sandy Soil
82.65120137,21.10463112,55.71466903,25.86599015,82.75588952,6.292693146,51.16938552,watermelon,Black Soil
20.70565905,26.85887699,24.85385241,26.47103365,90.91550119,5.553972792,164.6962142,coconut,Loamy Soil
6.12167707,22.17947605,34.86373033,25.81001359,95.73556485,5.768164797,133.6988938,coconut,Sandy Soil
75.84540781,41.08449257,34.74745293,25.30503898,78.11655729,6.859087518,165.6479302,jute,Loamy Soil
97.42936112,21.55390554,45.91107847,28.91248057,91.78104948,6.328258216,28.85199373,muskmelon,Allvial Soil
72.58132658,44.7561739,36.09702407,25.49235043,82.02607384,5.757296566,194.8402742,rice,Allvial Soil
5,18,14,33.1056981,93.48447453,7.434118807,119.1709113,orange,Loamy Soil
118.4997456,17.8675598,51.44049056,27.92488133,90.00296746,6.574165546,20.21126747,muskmelon,Red Soil
35.82753804,79.88300749,16.73392908,27.90545007,69.05712121,7.158571014,68.85070919,blackgram,Black Soil
138.485894,38.81634013,15.18296327,22.61293658,77.56351239,6.024373487,77.82197369,cotton,Laterite Soil
73.06372322,41.13162019,37.96234236,24.32688035,79.38074195,6.158321601,176.4258273,jute,Loamy Soil
32.96679801,22.95490239,31.48499788,26.32212421,99.19192987,5.824978555,207.4125169,coconut,Laterite Soil
101.325146,40.27688046,23.09410648,22.37184306,85.8670815,7.304177798,93.98158024,cotton,Red Soil
33.56238225,41.21210733,16.20308675,28.77093797,61.17750369,7.725461912,69.15705401,mothbeans,Clay Soil
41.73795465,59.73481154,23.81743714,27.58470066,61.56132686,6.487570478,68.35116494,blackgram,Allvial Soil
31,79,75,18.8202251,16.1074793,8.204862075,89.73119396,chickpea,Clay Soil
9.22804332,35.65990682,28.101179,27.72116322,51.86092054,6.470795858,98.63647851,mango,Clay Soil
111.2442988,21.23623281,47.7408995,27.65619605,95.51713825,6.420560266,26.4391262,muskmelon,Clay Soil
41.27074375,30.52939205,35.78879501,20.76519021,90.77969894,6.309415579,106.1060516,pomegranate,Allvial Soil
10.83560532,72.73886826,19.84122797,30.68892899,34.19403809,5.338428918,163.2964834,pigeonpeas,Black Soil
37.80199591,18.18804,43.17473188,18.00776854,91.01881435,6.859610838,104.7786283,pomegranate,Red Soil
9.86078287,48.69120448,19.15313288,27.87166238,86.6040335,6.384301174,50.02124875,mungbean,Peaty Soil
51.5120646,71.6901313,73.78123371,18.77692478,14.61144633,7.055234742,81.32035662,chickpea,Loamy Soil
81.47148743,34.80745202,30.94934988,25.35454509,61.28068634,6.66568179,133.529097,coffee,Red Soil
111.0859885,5.865875647,53.05581045,26.72854125,87.88836524,6.303658598,47.46020722,watermelon,Clay Soil
122,40,17,24.96440768,81.31677618,6.854558957,80.03995829,cotton,Sandy Soil
22.51040154,57.50091635,17.97664244,19.52780551,62.13964085,6.723617369,42.51757129,lentil,Laterite Soil
3,60,19,25.74679443,40.7192594,4.820788186,100.7791633,pigeonpeas,Laterite Soil
26.28049126,56.15039221,16.72915687,19.30599923,20.56940601,5.511132552,97.57829173,kidneybeans,Peaty Soil
23.15442938,9.754251833,43.1297608,24.61348825,89.32554219,5.748747908,111.3145103,pomegranate,Black Soil
76.75193527,52.98605291,39.00062805,23.80426257,84.51043908,6.098184885,168.5879545,jute,Sandy Soil
51.18777641,66.34870308,50.72540312,35.51637043,94.63942238,6.602268685,140.3537324,papaya,Allvial Soil
20.13763,58.90646769,85.1194976,18.86364473,15.42021574,7.817268107,93.51786642,chickpea,Allvial Soil
58.58497097,58.15073525,50.46529997,38.96856272,91.4630875,6.932754953,107.8052841,papaya,Peaty Soil
19,21,34,30.01592643,53.19212381,5.074272692,97.72843182,mango,Clay Soil
107,31,31,23.17124551,52.97841162,6.766184468,153.1201644,coffee,Sandy Soil
22,67,22,29.03017561,64.49166566,7.475926645,54.9393771,lentil,Clay Soil
26.37445908,50.3619878,19.01295212,27.44179166,51.9857239,6.019530027,32.67893011,mothbeans,Sandy Soil
96.37170677,26.65959715,52.34385554,27.4049502,91.80540589,6.164582103,27.26042812,muskmelon,Clay Soil
10.9909357,143.6206764,205,31.37790079,81.33765156,5.960010031,65.94735497,grapes,Red Soil
67.94884668,68.30240207,46.1845819,23.73379813,92.89262365,6.88280291,84.78098765,papaya,Black Soil
101.0086268,76.25159283,44.12125651,25.50601998,76.08363098,5.59486567,101.1830115,banana,Clay Soil
20.99527654,44.95318316,24.71038308,24.40536969,56.84835211,6.033444533,59.50364293,mothbeans,Clay Soil
12.36150197,15.93816084,42.65395281,21.72521993,94.3865136,5.959944264,102.9441126,pomegranate,Loamy Soil
110.3331156,80.54736975,51.70698811,28.37860125,75.601022,6.206155638,120.2213057,banana,Sandy Soil
39.2999321,139.7482783,201.7753062,41.3012305,81.76271293,5.534416409,69.17075361,grapes,Peaty Soil
114.3924615,27.69375591,48.72364171,28.73094281,92.65404569,6.163657673,22.20895571,muskmelon,Laterite Soil
68.74881245,68.17908979,56.29327361,42.92252299,94.14876373,6.684694754,78.26166356,papaya,Laterite Soil
10,70,19,24.84918386,68.98088448,7.272427638,41.61080544,lentil,Black Soil
20.37293405,5,41.48860252,24.78198552,89.64790462,7.051763848,108.0790077,pomegranate,Laterite Soil
59.85292527,58.32761006,21.81592292,31.67754471,66.58326465,7.18166279,74.25829618,blackgram,Loamy Soil
130.8686878,52.86211004,16.5408786,23.70628594,84.83130564,6.481340906,88.81249577,cotton,Laterite Soil
31,60,24,25.40474421,65.8567539,7.722335992,51.92057267,lentil,Allvial Soil
19.76177941,59.17398931,23.28170279,27.00862714,70.08847028,6.741278593,61.96293893,blackgram,Sandy Soil
85.52786246,36.2701279,22.85495297,26.71162404,73.88033968,5.788559868,73.09689733,maize,Red Soil
65.2726528,39.21088672,42.71637166,23.21414299,86.22046917,6.64111857,186.0702195,jute,Laterite Soil
7.640173813,68.13699154,18.84729335,18.80448477,60.93492248,4.985139216,135.9285264,pigeonpeas,Black Soil
38.55876699,49.74827602,24.27125636,29.76601315,86.20569858,6.424674824,41.86599345,mungbean,Clay Soil
18.55359838,44.73090867,17.66202689,28.12599568,82.68266761,6.776446131,37.71905509,mungbean,Allvial Soil
25,7,35,28.38503882,99.18843684,5.55771171,189.6711349,coconut,Allvial Soil
24.74793312,8.580053563,30.43360552,26.26319289,95.16493015,6.511170272,142.8754141,coconut,Peaty Soil
15,140,195,13.28504331,83.54193816,5.69945282,65.80006004,grapes,Black Soil
81.67955571,47.57625179,36.63223611,25.71925085,81.97219966,6.372952595,191.881228,jute,Sandy Soil
33.76244823,144.3576864,195.1957566,21.95792514,94.8328397,6.242048902,109.6874696,apple,Clay Soil
92.20624123,81.96571879,50.4386208,29.49430612,78.43040096,6.384834162,120.0213851,banana,Peaty Soil
27.74315969,30.753282,5,32.77845571,88.93558383,7.712565257,111.7712805,orange,Peaty Soil
35.21959277,22.01590053,41.59449477,18.90337084,89.44803127,6.688979341,111.7664558,pomegranate,Red Soil
37.07140063,78.13859164,21.96778338,25.65912821,68.91532901,7.127287183,48.34651065,lentil,Clay Soil
117.8089284,20.81364519,50.46335141,24.48636797,86.36730678,6.605025118,49.63470879,watermelon,Sandy Soil
96.07838619,35.93662585,46.6751749,22.26261023,81.74092166,6.953649656,274.209896,rice,Red Soil
4.544822544,44.38285412,18.44435202,28.9283441,61.1970832,8.89044038,73.88850575,mothbeans,Peaty Soil
116,71,47,27.57278064,82.0638878,6.435785799,91.34276507,banana,Red Soil
2.797906127,77.7828883,22.10079652,21.23286163,66.37941203,7.268093054,43.19228516,lentil,Black Soil
19.93777734,36.91884141,22.66381729,25.33692538,59.37390604,6.190533961,55.72907609,mothbeans,Sandy Soil
30,120,200,38.06099482,82.24729637,6.234904253,65.70148216,grapes,Sandy Soil
28.73203868,73.79364007,19.0235368,24.67450936,50.42282037,5.999377311,112.9624092,pigeonpeas,Peaty Soil
50.58577511,55.54714669,17.84705821,27.9683456,64.39335248,6.676136231,70.14802791,blackgram,Clay Soil
78.84054801,45.33869782,45.51960077,25.72382923,80.26653771,7.189893315,187.1863509,jute,Sandy Soil
93,56,42,23.85724032,82.22572988,7.382762603,195.0948311,rice,Sandy Soil
29.4861779,42.34184759,21.25737157,30.49090154,63.39514046,8.665312411,32.45287966,mothbeans,Allvial Soil
26.07265348,67.48311088,25.47628558,28.04324211,64.12994692,7.507410313,38.48681118,lentil,Clay Soil
63,35,16,22.02720976,65.35549924,6.272417541,83.73280082,maize,Peaty Soil
42.36597925,70.24645927,83.7463132,20.09453707,18.26665429,6.746329904,70.73238512,chickpea,Red Soil
1,135,203,22.77856513,92.70124029,5.624203283,113.7759219,apple,Red Soil
31,121,201,23.15791104,90.34396882,5.731535258,110.712841,apple,Loamy Soil
19.04390312,31.24048879,8.896144045,28.8478523,91.86977993,7.386144739,99.80739494,orange,Clay Soil
2.544620965,39.82358753,14.41016052,27.94068431,82.83019197,6.466646573,51.76793862,mungbean,Loamy Soil
85.94784863,54.09489395,40.59267492,24.83063921,74.25380544,6.607741992,154.3194051,jute,Sandy Soil
2.755565847,59.40304478,24.45553254,27.6427497,82.23234093,6.201527943,52.37733258,mungbean,Black Soil
26.76408092,73.61577878,82.71756067,17.80904061,18.46517498,8.739068853,82.67997491,chickpea,Allvial Soil
115.2229767,23.94811306,49.31058576,29.10964788,93.22454934,6.128299617,27.81225314,muskmelon,Loamy Soil
39.4117401,7.283253269,31.72067339,27.46418252,95.1491144,6.351159364,152.3650975,coconut,Loamy Soil
34.29386511,59.98294281,47.43453829,28.11934785,93.0416678,6.520100133,117.2708436,papaya,Laterite Soil
26.33709308,72.05159239,21.78012445,23.45927576,46.05940129,7.096950483,153.4767836,pigeonpeas,Allvial Soil
21.45205928,23.09182267,25.12780678,34.79523384,51.13462985,5.121234516,96.61181311,mango,Peaty Soil
26,72,22,28.76794904,37.57792132,4.674941549,91.72084869,pigeonpeas,Sandy Soil
100.5242334,34.90693359,35.06543751,25.09069628,71.88298631,6.278856555,192.4287074,jute,Loamy Soil
26.18235451,74.59981661,22.06654851,24.43728655,50.4571783,5.999807207,112.6102955,pigeonpeas,Peaty Soil
70.90812373,51.36572287,37.15310092,23.11221452,73.19186434,7.479364344,201.261273,jute,Allvial Soil
0,145,205,21.22503442,90.09877774,5.52078314,113.9760462,apple,Sandy Soil
32.20199971,74.29163929,83.33738118,20.39629912,14.25902287,5.957741307,92.02849395,chickpea,Loamy Soil
2.547882547,62.18891286,21.9641312,22.26638715,24.46513338,5.977855153,78.78406656,kidneybeans,Black Soil
83.9339612,39.83499649,43.17747972,24.95872712,87.92601396,7.217781869,167.4418085,jute,Loamy Soil
22.75089628,69.9290072,14.32219325,34.6902872,62.00554992,7.384472638,60.77063311,blackgram,Sandy Soil
88.9085283,38.1034194,44.07368441,26.09423464,72.63712171,7.116940114,192.7350649,jute,Allvial Soil
69.49128144,54.73128658,35.82125819,26.83157595,70.96029464,7.283677957,200.0435468,jute,Peaty Soil
8,23,38,19.30106297,87.1775172,7.005410734,105.4766591,pomegranate,Loamy Soil
14,131,198,33.4641162,83.86742974,5.562790949,67.92204319,grapes,Laterite Soil
17.18699894,79.23354809,19.80154457,20.38757379,24.55788792,5.900905416,140.9751343,kidneybeans,Loamy Soil
0,49.18114158,17.44550907,29.71811327,87.81706003,7.025445144,43.71344595,mungbean,Black Soil
112.0956835,22.51824135,51.39458974,27.47831507,96.18974232,6.435119732,26.23494978,muskmelon,Clay Soil
11.62562854,122.0992703,195.3008293,12.02532743,82.79320202,5.664622018,67.69688974,grapes,Peaty Soil
4.772822917,7.420980664,8.664732125,27.64116741,93.99906547,7.195149776,111.5920296,orange,Allvial Soil
87,28,30,25.60153969,68.66257977,6.536676653,168.8383605,coffee,Laterite Soil
25.01390239,70.40168976,13.34243578,19.49850997,18.60701884,5.753231606,102.4348518,kidneybeans,Loamy Soil
95.05691177,10.07727536,50.85965505,25.75919369,84.87060107,6.666880508,45.41983468,watermelon,Red Soil
106,21,52,28.89578588,94.78993038,6.286515359,23.0362503,muskmelon,Allvial Soil
40.31890198,38.00920595,20.0479699,26.52507753,61.6115563,6.321693069,35.71060462,mothbeans,Laterite Soil
108.0379953,22.38499265,26.11915662,25.18281646,69.32453228,6.992727209,196.3168675,coffee,Red Soil
34.4671727,12.09528659,9.0285162,20.86085336,92.41519092,7.677406454,114.3848781,orange,Black Soil
16.65039961,143.6881086,202.1234805,23.80850775,90.62719333,5.660610786,123.8495799,apple,Sandy Soil
59.19775402,54.91239378,48.84288182,25.72684135,94.35096868,6.776647211,241.4073366,papaya,Allvial Soil
87.12743611,20.21822736,51.02558219,29.66455091,89.99257224,6.093782428,24.16623846,muskmelon,Clay Soil
19.20324587,122.6703157,202.7674554,11.83477307,81.13929363,6.469705219,61.90736957,grapes,Peaty Soil
34,59,18,23.38002569,21.98879437,5.744117663,87.66898664,kidneybeans,Loamy Soil
24.98058711,70.82773951,24.29095685,28.73438432,60.46343326,7.173454577,76.93718681,blackgram,Allvial Soil
104.2342516,25.13526154,54.72575697,29.45702532,90.1108333,6.071112749,23.47074566,muskmelon,Red Soil
24.15338132,23.86040289,30.73656851,27.98619409,46.67495068,5.639782353,92.01377731,mango,Allvial Soil
95,57,41,23.24925555,73.65346838,6.434610995,184.7674863,jute,Sandy Soil
0.104673371,54.44132585,24.66274212,28.03068401,42.70499967,4.530640847,46.47301278,mothbeans,Loamy Soil
70,38,35,24.39736241,79.26861738,7.014063944,164.2697011,jute,Peaty Soil
35.22272855,5.985221019,28.99945957,26.06873132,90.43639914,5.840769824,150.2741133,coconut,Peaty Soil
15.3929028,5.535012005,5.51007053,23.05031503,90.30433959,6.384929802,117.0345212,orange,Clay Soil
78,37,22,25.34217103,63.31801994,6.330554389,74.52082026,maize,Red Soil
0.017458602,15.3134956,42.97019763,23.15527841,92.47599926,6.844204961,107.8174044,pomegranate,Loamy Soil
68.88373622,50.76111875,22.67825891,22.24749184,72.42950915,6.785402175,105.6482867,maize,Black Soil
28.78971445,57.46806032,81.80714972,17.35130729,16.6763488,6.147159648,93.92718935,chickpea,Red Soil
85.25516713,20.3054956,54.679008,28.49466535,93.30871708,6.53815586,21.31883827,muskmelon,Loamy Soil
83,10,53,24.92994759,85.00802358,6.195142279,48.75859458,watermelon,Loamy Soil
12.45447053,122.043702,196.1198663,22.16143246,93.43001045,6.481396801,122.3036976,apple,Allvial Soil
16,80,20,31.24021696,56.67369054,7.339320929,122.0146733,pigeonpeas,Loamy Soil
105.1063852,57.87619278,15.36434565,26.23737658,81.48705208,7.25513277,76.10112915,cotton,Allvial Soil
5.119264754,15.88163517,36.40091043,17.91516583,88.18508137,5.71215208,106.351101,pomegranate,Laterite Soil
36.53398126,144.8807296,195.8843977,22.03648448,95.23080896,6.219404424,108.3626691,apple,Clay Soil
34.13310653,64.03934651,15.9429189,28.74528583,63.35376304,6.502436087,69.837455,blackgram,Red Soil
9.275905925,74.33553632,25.1906159,29.28265802,45.49373414,6.85842825,170.6369411,pigeonpeas,Black Soil
35.17820528,29.51520659,14.41492109,20.65547866,90.69883883,7.82348723,110.0123952,orange,Red Soil
109.6430332,19.8996583,53.64835744,26.72983061,87.4423273,6.752594458,47.3070062,watermelon,Sandy Soil
25.74639455,24.92352895,31.89899891,31.30629603,52.4670117,6.822088316,89.53013429,mango,Laterite Soil
37,66,85,20.93175255,18.91295403,6.456148474,78.06910795,chickpea,Black Soil
109.531827,24.87284098,51.39052571,27.1607748,82.7406114,6.071962871,40.30664544,watermelon,Red Soil
40,72,77,17.02498456,16.98861173,7.485996067,88.55123143,chickpea,Black Soil
96.41485221,56.48097877,14.95213807,23.99723654,72.30362845,6.272591829,69.11267596,maize,Sandy Soil
17.35805928,55.09728096,17.99066801,27.2378929,63.40061712,6.189539887,51.01859856,lentil,Loamy Soil
45,58,49,30.10773379,90.34546355,6.827812549,75.24521981,papaya,Peaty Soil
29.06561649,144.8220353,200.1050848,19.34927736,82.9568089,6.48693838,66.56457241,grapes,Sandy Soil
4.664825653,134.7425507,199.0590297,20.49278549,81.50374077,5.830842546,69.48995216,grapes,Sandy Soil
8.380546383,118.1976862,201.4607389,21.22718635,91.09461211,6.319587123,121.5797953,apple,Peaty Soil
96.39220413,52.06727632,42.61032309,24.59736965,79.8644964,7.04145186,261.4398665,rice,Red Soil
10,136,204,21.19852186,92.15595143,6.276198595,105.8554351,apple,Sandy Soil
98,47,37,23.48381344,81.33265073,7.375482851,224.0581164,rice,Black Soil
10.96671152,30.45559225,31.320568,35.34479292,49.09827993,6.932731964,99.17875285,mango,Allvial Soil
99,70,46,26.59580783,82.99556744,5.727469947,100.5123341,banana,Black Soil
28.31213195,76.01640687,84.54418475,20.65063933,14.5131218,6.636729823,83.35212015,chickpea,Laterite Soil
20.01134841,40.03121587,15.28134359,29.61413836,87.303476,7.21893564,45.24830036,mungbean,Loamy Soil
8.559022946,79.94489204,18.92160732,24.56336388,66.22527011,6.395318367,37.70396212,lentil,Peaty Soil
62.09705396,58.83198184,47.70615798,43.14053537,94.87380086,6.725870869,42.1435565,papaya,Laterite Soil
13.47174783,72.40979151,16.66503046,21.51092731,70.01325997,6.623223448,44.89942862,lentil,Red Soil
32.38702422,79.7045408,17.99482467,24.21205623,21.88948182,5.692212237,78.70107899,kidneybeans,Sandy Soil
69.72656897,37.13513731,34.60098007,24.16620209,79.1845474,7.026895148,164.0853987,jute,Peaty Soil
37.64988538,50.59922038,50.0818478,32.88716271,89.26815818,6.960353507,78.76870859,papaya,Loamy Soil
4.867845047,17.30202252,38.01438639,19.55330754,88.9227907,5.944922161,106.9174029,pomegranate,Loamy Soil
60.95214425,59.37083267,15.92917875,25.00097303,68.13421875,6.28290466,91.84032853,maize,Clay Soil
76.3402467,58.36619246,16.50975465,22.80391557,55.14421691,5.81306965,102.3096807,maize,Loamy Soil
118,13,54,24.41311871,89.81574032,6.039584629,44.07843475,watermelon,Loamy Soil
10,37,22,28.7275267,89.12760359,7.069747814,58.52974279,mungbean,Peaty Soil
102.9820999,21.7115081,47.65789159,26.90026549,86.96718373,6.77450369,39.63665617,watermelon,Loamy Soil
11.13045565,37.78312418,21.96637756,34.59768864,52.13554,5.451589847,101.698387,mango,Loamy Soil
40.04670822,45.55333008,19.13704696,29.29758022,58.8410206,6.849211373,38.67950325,mothbeans,Allvial Soil
5,126,197,12.80000387,81.20876367,6.417500829,67.10439401,grapes,Red Soil
120,60,15,22.31871914,83.86129998,7.288377241,65.35747011,cotton,Peaty Soil
32,71,85,20.62767492,14.44008871,6.403982316,92.06630306,chickpea,Sandy Soil
100.2579212,57.08183875,42.89929332,26.37230436,82.95574849,7.426250537,177.1048522,jute,Allvial Soil
16.64854279,72.12789015,17.86823618,19.57084985,34.14467329,5.679560233,197.9071157,pigeonpeas,Red Soil
80.78303287,23.92618568,50.70320944,30.12877488,93.21856668,6.059726236,25.04999501,muskmelon,Loamy Soil
60.74807505,41.63978667,43.48704768,24.50187381,82.49450128,6.526784597,160.5845298,jute,Red Soil
88.16791718,24.75877379,47.46535336,27.64519181,90.39958753,6.350634811,20.29923832,muskmelon,Sandy Soil
87.0830432,38.16747129,29.05125398,25.43259536,58.72624103,6.647018467,160.6213512,coffee,Red Soil
102.4055519,26.28527313,31.13439542,27.28611027,51.09742765,6.695475155,126.3879558,coffee,Sandy Soil
2.374874054,24.20954223,32.61774969,28.96655451,55.04836051,6.468951772,96.38381442,mango,Red Soil
6.778154277,136.0309697,201.3381033,41.69278825,81.97630973,5.617106306,74.91294435,grapes,Red Soil
100.3981179,93.69016021,45.01651302,28.08973207,81.26219872,5.772313751,99.28500834,banana,Peaty Soil
34.97495757,66.41398667,18.93975019,33.26113653,60.02021324,7.579360159,71.83573029,blackgram,Laterite Soil
35,18,26,31.99490489,50.84881347,5.279388967,97.38741498,mango,Allvial Soil
22.85342452,33.79588024,20.17768514,26.56982427,47.23586197,5.401883237,37.66020216,mothbeans,Sandy Soil
37.37005823,52.19756861,48.926244,42.43698541,94.40245687,6.650685542,214.1128584,papaya,Sandy Soil
45.41174937,76.31244429,73.68461125,18.47795637,20.50980854,6.984152697,85.25223901,chickpea,Laterite Soil
4,24,43,22.40423537,88.1508343,7.199504273,109.8695196,pomegranate,Laterite Soil
26.06701292,138.1932922,203.1900222,23.68561586,94.06384282,6.002822626,106.7654175,apple,Sandy Soil
50.62568308,61.07830667,46.6922878,32.66146086,92.5982017,6.943128571,96.6502518,papaya,Black Soil
32.19553669,8.853498477,35.62363481,22.93589924,86.06947577,6.294351668,112.9934129,pomegranate,Clay Soil
0,24.99861003,16.02969082,19.39628887,91.15468409,6.362284993,113.434765,orange,Loamy Soil
25.95616135,81.51532875,17.09703207,19.6139809,21.14741748,5.576993051,104.3529309,kidneybeans,Red Soil
69.849869,52.0012827,48.06326989,24.19927259,91.84495086,6.564511831,65.02008164,papaya,Red Soil
37.13751548,135.2339115,203.682614,11.68312515,79.51149992,5.527671048,73.35983014,grapes,Peaty Soil
117.6666115,80.68870192,45.55119863,25.21914284,79.9104369,5.588289773,107.0180379,banana,Clay Soil
63,58,22,18.25405352,55.28220433,6.204747653,63.72358154,maize,Red Soil
1,12,30,27.754298,95.94643831,5.56222383,131.0900076,coconut,Peaty Soil
36.0766341,23.99563988,33.02753561,28.15550205,96.9517648,5.948500469,143.5696174,coconut,Clay Soil
114.6382581,18.04732966,52.45070287,27.46072869,95.17052096,6.785244017,26.63120884,muskmelon,Black Soil
28.510281,71.60953856,20.43529752,25.31776393,60.21615479,7.455666496,39.24636102,lentil,Red Soil
10.50350188,78.39081959,17.10245343,18.62529216,63.79894478,6.282662799,44.80111982,lentil,Allvial Soil
8,26,36,18.78359608,87.4024767,6.804781106,102.5184759,pomegranate,Laterite Soil
24.34524068,79.25574116,17.66984909,19.47569149,24.22846354,5.585047794,106.1044209,kidneybeans,Red Soil
70.79664071,51.83955773,38.87997301,23.40064405,75.36659123,7.449309066,201.5328713,jute,Allvial Soil
99.30989146,24.21531115,53.10075165,25.34149965,82.18332299,6.220278452,48.88664783,watermelon,Loamy Soil
74.03892997,34.96309231,41.61461094,26.58150749,78.79858509,6.945523005,245.2388119,rice,Red Soil
20.29421192,63.79223543,17.38895317,15.83114565,19.3531728,5.990960285,108.3299591,kidneybeans,Laterite Soil
73.39747887,40.4840727,35.97061312,25.14515619,77.7256412,6.866491955,167.5460618,jute,Loamy Soil
14.1110799,59.55386789,15.5271354,21.43469938,23.6366921,5.808792823,145.5804557,kidneybeans,Peaty Soil
8.407444171,17.85181405,31.0437416,25.91057501,92.42480726,5.855118706,171.7043356,coconut,Allvial Soil
12.55379574,75.37988436,17.57865952,30.74741469,34.87141135,6.982633443,177.517462,pigeonpeas,Peaty Soil
7.237356475,124.378018,203.1818882,16.97134019,82.22552261,5.633296448,74.79926583,grapes,Peaty Soil
96.75570852,27.14971868,47.18020745,29.85627161,95.3917305,6.145307785,28.85390831,muskmelon,Sandy Soil
103.2528136,34.21749063,27.47163801,27.41499046,50.83209115,7.005734544,146.8655302,coffee,Black Soil
29.04756297,21.50941275,31.98174164,35.33327868,52.97887199,5.05862298,91.3663411,mango,Clay Soil
24.50964419,33.16788672,37.80539545,29.32181453,56.01962386,5.322838216,101.1308711,mango,Red Soil
87.96015287,33.41718013,37.62663983,27.35623901,58.19177888,6.811866226,115.880167,coffee,Peaty Soil
131,38,19,23.86814008,75.68339729,6.814341946,90.4547185,cotton,Clay Soil
0.639773771,35.26552112,31.15559951,30.91182881,50.09815486,5.721543381,92.71077777,mango,Loamy Soil
82.55942222,31.85621197,29.60766099,24.76277801,51.81760786,7.031013378,135.2325663,coffee,Allvial Soil
89.32853058,54.54582462,43.82963907,25.94469101,82.85035811,6.174149674,231.9194393,rice,Clay Soil
57.95110896,61.81238811,81.30411367,18.37404817,19.82620283,8.111919095,69.11202582,chickpea,Black Soil
21,17,15,23.98289638,91.5473145,7.455991072,118.4901697,orange,Clay Soil
65.06356077,40.86013328,20.50140451,26.34683366,67.42684972,6.673947785,108.4037794,maize,Loamy Soil
39.14554585,30.52894914,28.4646597,26.12617715,95.30963065,6.141018916,199.9284034,coconut,Laterite Soil
11.9413409,68.58772228,19.4543986,17.61582403,20.17483041,5.867820879,115.141331,kidneybeans,Red Soil
36.62395236,19.91209088,34.91739471,20.30881299,90.95929825,5.864797244,110.5089258,pomegranate,Peaty Soil
37.20030986,70.40594656,25.17893722,19.73804211,24.97578892,5.846799704,84.21847708,kidneybeans,Loamy Soil
77.32401228,42.32720747,39.2513325,21.2879813,82.4772403,7.337761439,193.4601751,rice,Allvial Soil
62.34835249,59.46711976,23.35927793,31.66075338,66.20670315,7.172848429,72.84931177,blackgram,Loamy Soil
97,35,26,24.91461008,53.74144743,6.334610249,166.2549307,coffee,Clay Soil
85.73880132,38.4174319,40.7451942,26.38201839,73.60493811,6.705331738,185.3576738,jute,Black Soil
114.8043694,7.239916468,50.19716756,27.76348901,89.87692902,6.706508076,25.98131636,muskmelon,Black Soil
18.45293529,60.08779563,19.85609827,29.86865293,43.03346389,6.829911391,187.1000751,pigeonpeas,Allvial Soil
4,46,15,31.01274943,62.40392519,3.504752314,63.77192383,mothbeans,Loamy Soil
13.38593962,128.9074227,197.2795753,33.43110638,83.63919381,5.565248054,63.55076833,grapes,Laterite Soil
4.59108889,60.92990006,14.1203649,18.9358747,19.84539483,5.970249515,133.6688869,kidneybeans,Red Soil
11,122,195,12.14190714,83.56812483,5.647202395,69.63122027,grapes,Peaty Soil
8.967443743,43.2959941,14.14133965,26.35041527,54.75504122,8.023366252,36.8492528,mothbeans,Black Soil
31.78759177,57.71847897,16.89609574,27.71445648,88.19135915,6.783564387,57.05519777,mungbean,Red Soil
30,122,197,21.37784654,92.72043743,5.573241391,106.1417017,apple,Laterite Soil
38.13012722,67.66097343,26.66729992,36.13411214,35.84333762,6.412392471,138.0704477,pigeonpeas,Allvial Soil
47.53570897,78.61205484,77.60928758,17.26357407,16.29444141,7.586052885,70.22890052,chickpea,Peaty Soil
82.13427633,48.70309648,33.39701921,26.02527522,82.64810213,6.361688084,191.8483497,jute,Sandy Soil
0.658884261,23.14227444,31.70113708,28.99353269,54.33976044,6.498090933,95.45825667,mango,Red Soil
41.25539672,52.22655901,49.58864447,23.25057509,94.30331227,6.749097042,231.38366,papaya,Peaty Soil
94.94013668,92.77926096,53.58561755,29.04758142,76.60941771,5.614850928,113.4066123,banana,Clay Soil
38,68,54,29.33710543,90.81781439,6.739170045,202.0572747,papaya,Sandy Soil
39,7,29,27.54273211,94.59086121,6.362544111,150.2012138,coconut,Loamy Soil
44,59,78,20.67526473,19.85388984,7.599033472,84.78344008,chickpea,Clay Soil
26.5590118,121.4659297,197.660812,20.09900725,83.81470456,5.846853513,70.51569732,grapes,Clay Soil
2,38,33,32.38697531,53.2328243,4.691396195,90.21633216,mango,Sandy Soil
28.62288268,17.25418464,27.85854609,29.43178356,94.67875979,5.969813596,214.0432313,coconut,Black Soil
108.8523199,24.31946749,54.10604282,28.64743587,89.86035476,6.442187802,22.42730532,muskmelon,Peaty Soil
60,55,36,26.12797248,80.49172597,7.132389299,150.6326874,jute,Laterite Soil
60.20829576,52.74872868,19.92790724,18.72486812,62.2592023,6.40817009,70.48840415,maize,Loamy Soil
129,60,22,24.58453146,79.12404171,5.947448589,71.94608134,cotton,Loamy Soil
80.59561116,43.66972535,45.55985361,23.67709511,74.92340566,6.010487944,172.8597711,jute,Clay Soil
27.59206611,139.3221196,194.1370072,23.76081398,90.83035233,5.519243711,114.1608959,apple,Peaty Soil
2,38,18,27.53632932,89.92908171,6.619891498,45.48591922,mungbean,Black Soil
22.53263502,67.09646917,78.36526475,17.31525975,14.25803981,6.23813724,71.62611294,chickpea,Allvial Soil
85,22,53,25.96534238,89.77076659,6.849471704,59.46338556,watermelon,Red Soil
83.00272977,10.84842603,45.61416803,25.87176403,89.97757403,6.07864271,46.09287131,watermelon,Loamy Soil
39,24,39,23.65374106,93.32657504,6.431265737,109.8076178,pomegranate,Laterite Soil
34.72239079,37.18979125,14.16723032,28.44720909,88.17571762,6.292119703,57.10399717,mungbean,Red Soil
33.11219959,72.77275342,22.94049889,29.1364107,59.38978892,5.980713911,104.0200125,pigeonpeas,Clay Soil
90.63637454,7.887018186,51.78541458,24.9136903,82.89490399,6.371394869,55.39858704,watermelon,Laterite Soil
24.52465328,125.8099837,194.9086341,21.47953063,93.38635217,5.862239573,114.9798992,apple,Black Soil
38,138,204,25.11108456,83.25447587,6.325480034,73.01026829,grapes,Loamy Soil
112,17,28,27.62975458,61.26002598,6.777417989,196.6492664,coffee,Peaty Soil
106.4944523,88.56345897,52.62372716,29.77321189,76.52649443,5.794050218,98.34439045,banana,Peaty Soil
139.5148543,34.36141264,15.66232233,25.22296539,83.62019396,5.896019499,86.70135138,cotton,Black Soil
126.6132227,36.06558454,18.61250053,25.04855871,76.04297593,7.052730896,93.14524439,cotton,Black Soil
27.49096943,61.41627981,79.31817326,17.9139504,15.27417791,6.557971753,66.47051292,chickpea,Laterite Soil
34.73181844,64.34670453,20.11603997,18.61126635,20.83551446,5.877124756,123.7581433,kidneybeans,Loamy Soil
33.9215727,118.7495825,202.2130421,10.63513611,82.5222455,6.159642369,67.44529018,grapes,Clay Soil
107,38,29,26.65069302,57.56695719,6.35118177,145.105065,coffee,Clay Soil
5,16,31,35.96054636,48.69677802,4.555688532,98.00644238,mango,Laterite Soil
37.86478475,67.00474015,18.56637228,17.18694221,24.03819511,5.854026908,78.56279683,kidneybeans,Clay Soil
95.6343494,89.03223606,51.87985073,28.05406722,78.53298738,6.21889352,93.70074777,banana,Red Soil
114,8,50,24.74631269,88.30866319,6.581587932,57.95826144,watermelon,Peaty Soil
10.43505438,56.33839671,17.06623868,28.15111212,82.41558648,6.817404679,36.97228007,mungbean,Red Soil
11,14,5,11.50322938,94.8933184,6.946354724,115.5683776,orange,Red Soil
102.8856445,50.83634924,18.89438595,22.88584085,83.25482447,7.039811335,92.43231541,cotton,Red Soil
2,143,196,22.71271308,90.45261746,5.669489065,109.8852597,apple,Clay Soil
70.61340904,45.39103937,17.16287542,23.20220191,73.77089777,5.826887571,95.26743025,maize,Laterite Soil
12,63,17,18.358923,19.37703396,5.717143397,138.414764,kidneybeans,Laterite Soil
98,35,18,23.79746068,74.82913698,6.252797548,91.76337172,maize,Clay Soil
49,69,82,18.31561493,15.36143547,7.26311855,81.78710463,chickpea,Red Soil
27,138,201,23.66682067,93.90191078,5.952367662,105.4004751,apple,Sandy Soil
17.6610882,72.56214157,18.16581741,18.42030688,35.10801822,4.703814665,164.8668059,pigeonpeas,Sandy Soil
0,55,22,22.98666928,20.57940608,5.916779289,143.8584938,kidneybeans,Laterite Soil
84.95880836,94.37874147,49.20675695,27.83172555,78.71668235,6.452930511,106.1677401,banana,Laterite Soil
103.8565223,49.09312165,20.28218084,23.90387029,76.9728926,7.660954132,90.97958113,cotton,Laterite Soil
35.16184372,50.5564943,14.70354124,28.94064509,60.05541465,9.93509073,65.63088006,mothbeans,Clay Soil
4.088824893,141.6832982,204.9735055,27.0892437,82.52853501,6.216026099,72.44251218,grapes,Allvial Soil
108,22,47,28.53545677,91.72742702,6.161123579,25.1290048,muskmelon,Peaty Soil
88.11567436,25.30153286,33.69756175,23.16015392,62.99948761,7.16400503,128.4009977,coffee,Red Soil
122.0473659,39.44839185,17.9590985,25.1212018,82.05652265,6.849384447,78.43413759,cotton,Sandy Soil
29,22,43,19.66329768,87.95158129,5.561851831,106.0380805,pomegranate,Clay Soil
20.28042906,128.9805657,203.4043579,23.30076511,91.4934332,5.589031489,115.6767455,apple,Black Soil
26.64496717,34.27573594,29.00834985,33.50964239,52.87237685,5.354680522,96.41107069,mango,Allvial Soil
5.970906081,125.0669288,199.7914139,27.85945072,83.01812086,5.731231725,68.97108666,grapes,Sandy Soil
106.4921459,40.95971466,15.93379794,22.44061838,82.2988009,6.766152092,68.49350185,cotton,Allvial Soil
17.67996759,64.56918198,27.5644766,18.05749638,19.26637799,5.610999979,145.2123862,kidneybeans,Allvial Soil
125,60,17,24.14386157,84.51591287,6.785723961,80.36146974,cotton,Sandy Soil
14.30382277,28.59062558,32.09459079,28.27716275,96.05506242,5.660417427,151.5165338,coconut,Clay Soil
118.99939,44.351406,22.85028809,21.99115312,83.19230174,6.734468288,66.53368094,cotton,Clay Soil
7.959552462,143.2706728,195.7902742,22.97921641,94.00466882,5.876566748,105.1959153,apple,Peaty Soil
19.22978023,28.5810093,30.71170498,26.98854533,93.48823769,6.451089144,225.968071,coconut,Black Soil
15.338561,120.7403489,197.1500671,21.89193119,92.91349943,6.432532662,118.9226324,apple,Allvial Soil
86.0615704,26.59242154,47.9400305,25.90295538,89.81187817,6.468451748,56.00489781,watermelon,Clay Soil
30.49359178,34.11976965,28.37499175,33.68316664,53.02976751,6.464413163,97.65294162,mango,Peaty Soil
25.77536397,10.6758478,12.57561655,13.74108054,91.04759934,7.605139221,105.8027443,orange,Peaty Soil
107.261815,36.76146367,20.45999635,25.29923555,76.36971922,7.55218388,64.2542109,cotton,Black Soil
83.98567845,93.74040152,51.01529743,26.63070837,77.73763727,5.486692692,108.2074652,banana,Black Soil
83.61521302,26.87764154,32.08640647,23.05467557,51.89844355,7.139234897,169.6203917,coffee,Black Soil
22.68884265,126.904373,196.0323205,22.80462618,90.91672861,5.523548006,110.4903138,apple,Sandy Soil
55,77,22,31.4345059,62.99303471,7.76061831,64.77651469,blackgram,Sandy Soil
75.28695202,40.23963315,25.03156685,24.17319571,55.52058234,7.036826553,65.42666843,maize,Laterite Soil
18.92833394,29.24448437,27.80194789,29.40191372,90.74852069,5.812673128,225.3936123,coconut,Allvial Soil
34.70457327,23.45232453,33.03061677,27.93185449,52.81765569,5.52197399,98.36032356,mango,Allvial Soil
27,60,17,26.41768321,63.64698302,7.026795359,64.42177127,blackgram,Allvial Soil
49.63839228,74.88714406,19.58866075,26.99048789,63.66442509,6.560125044,75.06285894,blackgram,Loamy Soil
118.3408128,40.25274091,32.72310972,24.27698755,54.95191538,6.744667291,115.9294876,coffee,Allvial Soil
83,45,21,18.83344471,58.75082029,5.716222912,79.7532896,maize,Red Soil
107.9359567,25.15303146,42.38340683,28.24812309,90.33803021,6.171275155,20.85806626,muskmelon,Laterite Soil
83.13127904,24.34428965,52.4576607,26.27254786,79.81215657,6.024532288,58.84913007,watermelon,Laterite Soil
111,29,31,26.05968403,52.31098539,6.136286518,161.3432535,coffee,Sandy Soil
111,28,26,27.77363343,64.47858698,6.937352845,192.7121236,coffee,Allvial Soil
51.30543343,55.62998258,19.19902161,28.14129458,65.17710895,6.739163607,70.89099104,blackgram,Clay Soil
84.52350599,35.51690057,28.35350848,26.45842762,54.72858044,6.136531347,139.4671912,coffee,Laterite Soil
24.2131927,61.43044133,19.10254336,16.76362707,20.59249964,5.589652134,99.62917914,kidneybeans,Clay Soil
18.48241028,137.2871103,195.3477399,23.79260596,90.99382693,5.831443617,123.9122823,apple,Loamy Soil
14,5,36,24.92639065,85.19098079,5.832525853,104.7693804,pomegranate,Laterite Soil
3.099866474,22.49065309,5.971842391,22.62564899,91.94714495,7.498503319,110.2798319,orange,Peaty Soil
2.597933429,142.6861133,197.2125028,22.63964157,90.48554079,5.702042566,111.4611183,apple,Clay Soil
20.43766217,139.2757426,201.3453986,23.38235233,91.32358454,5.654530593,108.9297491,apple,Peaty Soil
22.47115044,66.75154351,81.17600538,20.00278199,14.87744385,7.696450935,83.71792436,chickpea,Loamy Soil
43.16838499,60.18007648,22.89458214,26.03750986,62.66774799,7.451106835,70.26463262,blackgram,Laterite Soil
19,120,195,18.73932187,81.12109244,5.931538447,73.55807954,grapes,Allvial Soil
66.11456831,71.3746673,56.10533868,31.40681179,93.21630344,6.962899783,55.95689173,papaya,Clay Soil
58.72301239,55.27983218,40.98768347,23.15097892,81.09592276,7.774097633,267.3665932,rice,Clay Soil
26.48698473,27.45419868,7.683493916,28.2920981,93.91778334,6.060682258,113.7699191,orange,Loamy Soil
28,27,34,32.45465292,50.69693751,6.526654345,95.04871605,mango,Clay Soil
27.64335349,75.28285113,81.45464046,18.04186729,17.58302933,8.78283821,82.44368794,chickpea,Allvial Soil
17.2761056,56.71007893,16.43198543,33.80714999,41.32001997,7.429962767,175.3860753,pigeonpeas,Red Soil
27.57945386,39.14043948,24.75115386,27.81890602,89.15003706,7.110097031,55.14154677,mungbean,Laterite Soil
2,67,18,34.51934775,47.52980027,5.921666758,129.0064612,pigeonpeas,Clay Soil
41.09368277,74.7764526,81.58696885,20.35955813,19.86273058,7.143147319,79.93704837,chickpea,Red Soil
120,24,47,26.98603693,89.4138489,6.260838965,58.54876687,watermelon,Peaty Soil
100,14,49,29.48882958,91.07574233,6.365956658,26.01909355,muskmelon,Allvial Soil
68.86894122,43.34638178,37.76234836,24.31688046,87.7118466,6.185687242,166.5355712,jute,Peaty Soil
72.22228686,44.17025006,35.36790155,25.49773986,83.48245991,5.756591087,196.8985628,rice,Allvial Soil
95,75,45,28.98333432,82.95958244,5.829898502,109.022564,banana,Laterite Soil
116.4713497,80.97495079,54.25430165,26.57162365,83.53378105,5.893136709,93.91981065,banana,Red Soil
6.613727275,61.43179537,26.59697998,22.72843436,23.85734925,5.893655177,107.739381,kidneybeans,Black Soil
84,29,49,29.94349168,93.90741192,6.251420275,20.39020503,muskmelon,Peaty Soil
14.7897385,23.67984989,26.57612146,26.35860589,96.07680738,5.574986348,137.2679462,coconut,Clay Soil
32.97348573,14.55634251,33.17624368,29.70202128,95.26594476,6.334403129,149.2493283,coconut,Clay Soil
29,16,36,19.81069447,88.92944254,5.740338002,102.860084,pomegranate,Allvial Soil
36.18379883,64.76650463,15.06337362,26.06402174,64.30926359,7.760643425,49.45530898,lentil,Sandy Soil
78.68348817,36.73238725,44.67075736,26.51269754,83.43489603,7.057405607,184.8926889,rice,Clay Soil
7.990366381,135.1436682,200.3282716,41.4949722,82.51744404,5.633719334,73.59932354,grapes,Red Soil
33,14,35,27.14865285,96.66355213,6.027707171,149.2433497,coconut,Loamy Soil
95.77443774,73.61255424,46.42245533,26.4012782,79.81127777,5.688347378,115.9963451,banana,Clay Soil
82.39587535,21.26572254,53.31333083,28.57153276,94.50209617,6.452166987,22.8334524,muskmelon,Loamy Soil
9.491613327,9.079879471,13.72452092,14.44114888,93.42189444,7.972278914,109.4865378,orange,Sandy Soil
101.2310751,18.12900892,47.51362526,29.47025494,94.49592178,6.18181817,28.43627327,muskmelon,Red Soil
30.28312674,14.11994805,32.4190764,29.86760416,95.44103399,6.36072504,150.8402888,coconut,Clay Soil
90.23215169,33.61021685,38.82329742,23.97167195,80.65676512,6.993644103,204.1492227,rice,Allvial Soil
36.8087742,56.16013227,83.66938486,18.68759569,20.25850359,7.464307703,71.35480368,chickpea,Allvial Soil
120.6736849,36.26852847,23.55988635,23.65335542,81.20811031,7.370959603,97.04925069,cotton,Black Soil
66.00799459,53.64860951,40.27110376,25.18221443,78.88871384,7.794161109,256.9953214,rice,Allvial Soil
74,46,45,25.75734909,88.36668522,6.025028997,189.4263485,jute,Red Soil
4,20,41,24.26601316,93.7974061,6.537042717,104.5375109,pomegranate,Allvial Soil
31.15016978,68.27573611,19.42767949,24.72270093,19.24696448,5.502005019,153.9433108,kidneybeans,Allvial Soil
5.855573915,143.1105029,196.7890677,23.2732389,94.93682159,5.900144842,103.2706345,apple,Peaty Soil
17.90695035,59.27758256,78.70267041,18.11897905,14.95526492,6.318052364,90.90304758,chickpea,Laterite Soil
6.339568387,13.36092738,38.89426965,22.45227346,88.64837827,5.660637128,106.1325016,pomegranate,Clay Soil
15.84693529,15.54293514,14.9157277,16.12752261,92.37039556,6.603091093,103.2968883,orange,Black Soil
38.7405239,129.197687,201.3216562,34.3659862,83.54613351,5.832566949,70.39834859,grapes,Laterite Soil
2.520574661,27.14524405,43.6273776,24.4187278,90.95162424,6.548549079,110.4253188,pomegranate,Laterite Soil
34.53738194,132.9940716,202.7368219,15.19713922,79.45086913,5.764644359,76.29418278,grapes,Black Soil
12.07322663,40.76406715,22.65346328,26.8703046,43.25115092,5.145306045,44.37133968,mothbeans,Loamy Soil
69,55,38,22.70883798,82.63941394,5.70080568,271.3248604,rice,Laterite Soil
107.9397486,49.18118352,23.53739946,25.11026923,79.01644894,6.011682797,77.57858563,cotton,Red Soil
39.38126819,127.1740741,199.3907066,11.45352702,79.74584916,6.132626213,70.64832456,grapes,Black Soil
108.4345109,70.79825441,54.4090415,28.63777197,83.67276886,5.724181881,92.74718279,banana,Allvial Soil
61.56693497,67.33258511,52.00931242,35.0704751,90.81660157,6.791109415,243.8834456,papaya,Sandy Soil
133,50,25,25.72180042,81.19666206,7.569454601,99.93100821,cotton,Peaty Soil
5.474568427,133.9985218,191.9848641,22.36433458,92.9538438,6.240996966,106.7691877,apple,Red Soil
40.62162942,64.94265431,50.19351341,32.36219166,93.41591593,6.886329261,71.75894346,papaya,Loamy Soil
0,12,7,20.18432263,90.65458473,6.969249676,116.8130969,orange,Red Soil
26,32,32,30.91471455,49.92963856,6.810186079,90.14047759,mango,Loamy Soil
80,52,39,26.41915161,76.85691248,7.165696848,197.2101782,jute,Allvial Soil
39.10626964,17.75478172,15.92038996,21.3434959,90.34213659,7.867284178,109.174407,orange,Clay Soil
115.7152885,44.63531352,25.31770886,24.65061472,77.65932669,7.816497412,70.12312632,cotton,Red Soil
61,41,35,24.97178693,79.47557931,6.842966479,195.7571622,jute,Laterite Soil
7.791787232,24.66077667,34.98002501,19.36391094,86.22398159,7.021064754,103.388798,pomegranate,Loamy Soil
76.57390013,45.3767313,45.11212512,25.49977991,84.46035163,6.719720278,169.1417462,jute,Red Soil
7.104010189,28.2989682,37.29648481,23.46750492,95.44646971,6.844420808,105.6674661,pomegranate,Loamy Soil
40.17986795,22.32427304,5,24.52270646,91.84933441,6.465246052,116.5386802,orange,Loamy Soil
19.50063108,136.5928616,195.8963164,23.72712947,90.8841886,5.835375001,123.1902353,apple,Loamy Soil
84,18,46,27.08808014,93.42402083,6.781050373,25.32159689,muskmelon,Clay Soil
16.73254987,12.62963277,9.982054161,12.83187399,90.05543378,6.19554869,117.6955019,orange,Peaty Soil
40,22,29,27.55821802,99.98187601,5.735364307,174.6256481,coconut,Allvial Soil
29.51994655,64.82554958,19.82989536,28.39665902,61.71413249,7.409336015,74.16021277,blackgram,Clay Soil
3.997378377,21.99292255,35.76978344,24.79006069,90.53048315,6.28574446,179.3931877,coconut,Red Soil
122.5162667,49.3399401,14.857146,23.19180859,74.79012682,6.476729878,71.21262993,cotton,Black Soil
8.187852168,57.27914874,21.29511109,26.15029851,40.16289229,5.515156743,54.75916516,mothbeans,Loamy Soil
81,56,36,23.39605743,72.60512854,7.097586415,174.7876411,jute,Loamy Soil
16.7894924,36.80391028,17.97795016,29.09312895,81.85300148,6.877119888,43.22398937,mungbean,Peaty Soil
93.68668147,85.47423273,47.05316285,27.72967392,79.20450111,5.717152555,117.6315624,banana,Sandy Soil
24.98803614,64.17020875,20.11949603,33.92026875,67.78380517,6.901437545,70.72972408,blackgram,Red Soil
17.79179184,10.97849059,8.423254608,12.3930766,90.62944888,6.165438742,118.2401436,orange,Peaty Soil
35.2824739,14.4342838,36.22915543,27.10710209,91.0055231,5.705012786,222.7663698,coconut,Allvial Soil
103.1625934,23.95675832,46.89645506,26.89560409,85.80088792,6.77677908,42.49443654,watermelon,Loamy Soil
92.64793212,34.59113096,40.22769,23.93325213,80.07648741,6.960102234,205.1747803,rice,Allvial Soil
11,36,31,27.92063282,51.77965917,6.47544932,100.2585673,mango,Clay Soil
139.1851256,34.22095361,11.73270581,25.3533312,84.41147467,5.888744505,87.49260757,cotton,Black Soil
40.39813948,64.35014484,16.19877671,16.4199938,24.38122643,5.963012188,144.0552262,kidneybeans,Peaty Soil
31,6,26,29.12859129,91.30924833,5.741367375,157.2388553,coconut,Red Soil
38.08968484,76.76765117,23.94821118,28.26752615,68.76686704,6.276963655,36.97108995,lentil,Black Soil
103.8194534,70.08056939,48.04446395,28.74931297,79.92939742,5.737604611,105.156947,banana,Allvial Soil
13.65482447,145,205,30.94665943,82.1156473,6.086186548,65.3909426,grapes,Allvial Soil
26.84187573,5.013239459,37.354365,22.29461359,92.02992019,6.787381303,104.101954,pomegranate,Peaty Soil
18.03381603,74.01507063,11.88113335,29.04508072,71.00618569,6.898469783,44.16176855,lentil,Sandy Soil
2.612622237,75.41899582,16.33300907,31.2385959,66.45069187,6.260420988,176.3775172,pigeonpeas,Peaty Soil
3,134,199,20.28370163,81.32235739,5.81717753,71.06611222,grapes,Sandy Soil
76.23239942,57.39561032,19.44894583,22.81130088,57.45410494,5.769084418,99.50989528,maize,Loamy Soil
23.78241046,66.17263229,19.38080072,22.99941322,22.79530073,5.840413728,109.9674425,kidneybeans,Peaty Soil
10,24,27,27.57283516,94.90485697,5.708409601,145.9298935,coconut,Black Soil
0.408682132,78.11332647,25.6696795,24.74684722,22.76058212,5.605265737,61.69197978,kidneybeans,Allvial Soil
24.33842844,67.09226614,17.6992715,29.41367128,63.8872749,7.099127497,69.71247909,blackgram,Black Soil
38.44287032,15.80004264,26.91939068,33.86672881,48.53797514,6.826270845,89.68980618,mango,Sandy Soil
6.022491524,124.1619371,199.4740293,22.97203572,94.81036708,5.966776324,110.6872001,apple,Clay Soil
1.089626316,6.63464602,23.86592226,27.48834328,94.62847394,5.592664271,159.6063966,coconut,Laterite Soil
59.38714242,46.72386624,50.85909057,32.91285377,92.25807427,6.861062018,47.52481212,papaya,Peaty Soil
34.12101621,11.41514147,13.62286343,17.32115407,94.17586532,7.218078522,116.3847671,orange,Red Soil
83.64775011,46.57575026,40.17386513,23.37636496,78.95954119,6.601777107,186.4474208,jute,Black Soil
31.90883014,144.6514772,204.395005,11.13848579,80.87857536,5.867124246,68.85139399,grapes,Black Soil
18.69620849,139.5274782,202.7759774,23.4885773,92.81233828,5.656884771,111.5060112,apple,Peaty Soil
17,64,17,21.02213209,24.93896255,5.662699104,124.6118471,kidneybeans,Clay Soil
115.8730645,81.22594825,55.23747913,26.07173685,83.78366076,5.921769068,94.47793751,banana,Red Soil
9,8,15,14.34320488,94.35734702,7.994465371,110.2223123,orange,Sandy Soil
1.037709199,56.0730506,22.5711318,28.12878337,42.55031999,4.56596794,44.66448245,mothbeans,Loamy Soil
87.36079554,96.07984444,46.3572646,25.79156257,78.94514748,6.202048452,117.0892628,banana,Black Soil
82.96643402,35.72818172,26.6960217,26.87555489,55.09340906,6.130065235,140.7199685,coffee,Laterite Soil
14.48554254,69.63422172,17.66246772,20.97663003,63.44788828,7.245463875,52.32511096,lentil,Red Soil
96.19195249,23.86808378,47.92705219,29.22873592,92.15910798,6.328055506,28.44341376,muskmelon,Allvial Soil
17.81329657,137.0641946,197.7051153,23.66108054,90.22579577,5.885312653,106.7357826,apple,Sandy Soil
14.52241793,60.72356894,21.67980402,23.87235202,68.59961129,6.754010836,49.35654221,lentil,Black Soil
49.5281017,61.89316871,46.84834546,40.64986441,91.27687309,6.749636227,211.2355684,papaya,Sandy Soil
34.00866612,45.77741607,21.38852713,27.94480047,82.9252849,6.272405439,37.14057944,mungbean,Allvial Soil
9.34772269,56.5115322,25.30956957,29.65945041,90.12314792,7.174936667,40.98833215,mungbean,Loamy Soil
15,11,38,23.12808226,92.68328358,6.630646083,109.3930157,pomegranate,Loamy Soil
83.19880342,45.37920164,41.02445268,23.55212659,80.69590869,6.607222466,186.2140912,jute,Black Soil
102,53,21,23.03814028,76.11021529,6.913678684,91.49697481,cotton,Sandy Soil
27,24,29,26.61423461,96.97300803,6.142010637,191.006688,coconut,Clay Soil
17,11,32,28.74013335,93.39676499,5.620733794,156.7650823,coconut,Clay Soil
22.41371705,7.223439938,37.97375567,24.55344263,91.7298888,5.908326624,109.1604259,pomegranate,Loamy Soil
23,72,84,19.02061277,17.13159126,6.920251378,79.92698081,chickpea,Allvial Soil
54.86626625,54.21043446,45.24988356,25.94191029,92.48198561,6.77594447,238.6017954,papaya,Allvial Soil
98.96276665,24.51094011,51.46834427,25.22055633,83.13034502,6.263025198,49.3039776,watermelon,Loamy Soil
32.20375177,136.9508858,200.1234808,22.36085581,91.35088565,6.233539875,127.4898295,apple,Black Soil
16.01692891,75.1600183,13.67902537,24.89174458,23.16566365,5.661911287,146.1854355,kidneybeans,Black Soil
76.88126148,36.95636868,38.16742753,21.74928111,80.4977217,5.923672492,225.2169632,rice,Clay Soil
22.45021584,24.35025321,41.82971278,19.57666851,90.14439344,6.919199405,103.0042043,pomegranate,Sandy Soil
104.0481218,20.44635113,28.79506326,27.18114155,53.92715975,7.485525058,177.2013435,coffee,Loamy Soil
112.038107,16.95076447,28.82303265,27.66952675,61.82843196,6.785415266,196.7662932,coffee,Peaty Soil
37,72,18,18.87614998,24.54038287,5.724242065,105.4120514,kidneybeans,Red Soil
47.57426999,64.3606258,26.5905483,29.11384053,63.17154231,6.755432776,69.88590808,blackgram,Black Soil
79.1705731,42.64483875,42.07779057,21.38386082,82.57442894,7.252316126,192.7381274,rice,Allvial Soil
68.76988415,50.49722793,50.18675525,24.40344406,92.26507825,6.541062344,65.18023202,papaya,Red Soil
23.81664604,132.2950826,201.4294581,24.01637682,78.96520624,5.996612908,68.0978576,grapes,Loamy Soil
3.546532933,124.6920938,200.9977474,27.92958322,83.67921683,5.721144479,70.70821661,grapes,Sandy Soil
70,50,53,37.4620912,90.44967809,6.933809743,172.3458448,papaya,Laterite Soil
27.45498649,29.44521681,5,32.59501865,90.72129155,7.692566107,112.7124041,orange,Peaty Soil
82.95612997,37.37067049,43.65372405,25.42974712,80.252745,6.671066695,168.7709797,jute,Sandy Soil
86.76600657,9.724339113,53.7755238,28.14115736,93.53361841,6.44390635,27.53804882,muskmelon,Sandy Soil
24.71047078,75.22798727,18.50625388,31.56005216,68.84543149,7.280395174,60.20010047,blackgram,Peaty Soil
3.206048348,24.6552065,38.99323132,24.57939036,90.47702268,5.919853559,112.8008896,pomegranate,Sandy Soil
3,26,39,24.38318965,91.19431555,7.079973241,103.6012114,pomegranate,Loamy Soil
59.59195611,54.75308927,78.51004712,20.23103059,16.9742854,8.81173601,81.76199563,chickpea,Allvial Soil
57.13355826,61.91047002,80.98878048,19.58825202,14.25803981,6.543228814,77.69965702,chickpea,Sandy Soil
104.91431,43.01164636,16.91439046,24.39850106,84.4489979,6.503515307,79.94980721,cotton,Laterite Soil
24.99866313,67.00006156,16.38434488,29.29548441,68.44233625,7.154269413,68.79488804,blackgram,Laterite Soil
57.74735787,70.76248467,16.3204966,27.77947029,67.90768371,6.873878299,74.30543506,blackgram,Black Soil
38.44616051,62.5421628,15.88103229,27.52588298,33.65246681,4.694898167,98.30218588,pigeonpeas,Peaty Soil
130.5240628,53.62337702,18.38098561,23.61088867,84.07102186,6.43665587,86.64737108,cotton,Laterite Soil
3.861418204,41.46414171,18.96791203,28.15834346,84.08193093,6.692768261,39.11727796,mungbean,Red Soil
100.6279314,32.29280705,23.33479915,25.18503664,57.98981643,6.07631095,124.4800785,coffee,Peaty Soil
30.91195617,56.12076118,16.41415963,27.21895763,85.55071094,7.149121831,50.95096009,mungbean,Allvial Soil
28.59475372,23.55860059,9.48263911,30.57340954,91.0043743,7.787216437,115.3234822,orange,Laterite Soil
94,50,19,23.30355338,73.62548442,5.873242491,97.59081274,maize,Loamy Soil
110.3971753,22.55060743,26.2196683,25.2043625,69.69154082,7.04189401,195.3756625,coffee,Red Soil
119.6700606,86.3327267,52.25033059,27.85239777,76.61804707,5.914630041,118.4336246,banana,Loamy Soil
86.99070429,36.52916776,16.52922054,25.06726484,65.49664739,6.446067614,59.68930405,maize,Allvial Soil
37.7806599,121.7350769,199.073388,17.3931374,82.61282396,6.381089777,75.04142417,grapes,Allvial Soil
32.19105516,24.71023384,37.75753294,17.99982848,85.66094909,5.896777588,104.5101309,pomegranate,Clay Soil
28.35563847,23.42755186,10.52731866,18.06273401,90.91315047,7.011746436,113.3053761,orange,Sandy Soil
17.10443589,81.45753789,18.50598933,20.22331099,67.2892134,6.676286369,43.88703767,lentil,Loamy Soil
9.037224065,8.451205221,14.1681757,14.13434998,94.56519768,8.014077547,111.2509021,orange,Sandy Soil
27.9169582,41.88317037,24.55425231,31.73481948,55.52009344,5.876994885,47.57304107,mothbeans,Black Soil
44.58162221,55.91376349,49.13932817,39.0661615,91.80017362,6.484703299,64.34712457,papaya,Clay Soil
82.62589062,25.12675512,32.68587917,26.65268383,67.80531065,6.793162848,121.7401845,coffee,Loamy Soil
61.93622157,36.00830542,22.91441644,23.15435168,61.98348474,5.637681721,65.13658176,maize,Loamy Soil
68.99706825,60.99759488,52.42132051,36.35723838,93.1764319,7.000275613,139.8914143,papaya,Clay Soil
60.29598606,38.0086627,20.3359774,18.41100712,63.34470843,5.964896012,66.48923019,maize,Black Soil
15.25202684,60.23038151,16.15124283,21.41583723,23.53210666,5.804387584,147.1814364,kidneybeans,Peaty Soil
47.04999148,66.85697379,77.56941344,17.52637004,14.25803981,7.838602789,72.56420366,chickpea,Black Soil
26.8544666,21.07875668,10.66459187,32.22066218,89.96736997,6.476325462,103.4440474,orange,Red Soil
77,38,36,21.8652524,80.1923008,5.953933276,224.5550169,rice,Clay Soil
88.10344321,88.88706065,54.34476076,24.89589856,80.80432681,6.264633022,95.92619052,banana,Sandy Soil
114.4746678,79.39628659,50.21514528,26.26252843,81.48273942,6.314472133,111.683922,banana,Black Soil
38.12171145,134.294168,204.489671,11.9361781,80.90895525,5.54508227,78.90193444,grapes,Peaty Soil
34.1845719,54.74671789,23.12117499,30.62362429,52.25532951,8.610201309,56.03023457,mothbeans,Red Soil
92.2785077,73.67716676,55.3774465,27.31717191,75.50202166,6.234393996,109.7163495,banana,Laterite Soil
116,40,33,24.91370487,54.15319242,7.042089492,129.5481144,coffee,Laterite Soil
118,21,51,24.42998931,86.33904774,6.678805092,48.58241822,watermelon,Sandy Soil
85.93238813,40.82485764,30.24725935,25.95092106,51.80826712,7.478119137,137.3401316,coffee,Black Soil
72.76162336,38.83955759,41.2795666,25.34582125,82.95925411,6.388725005,170.9084955,jute,Allvial Soil
64.32061294,53.35481114,42.19518594,26.32222955,78.51232065,6.897645181,182.551075,jute,Peaty Soil
34.83372383,8.65143641,34.63401912,22.67708234,87.39025928,6.2808351,111.4804331,pomegranate,Clay Soil
72.07649588,43.27522102,42.24619733,26.36950583,77.96789022,6.314973977,154.043309,jute,Clay Soil
2.950428752,68.12188647,15.85169847,19.36011435,47.68746682,5.384359911,147.2409307,pigeonpeas,Red Soil
14.94368635,75.89911254,20.1904066,24.93714841,67.44921325,7.40731135,48.88536279,lentil,Sandy Soil
60,57,24,18.66116213,61.55327249,6.121294041,75.03247667,maize,Laterite Soil
73.8933438,40.91456153,41.68426377,26.66045313,80.86492862,6.356045308,180.0384926,jute,Black Soil
12.32165027,19.54910667,29.97584693,27.46153137,53.34204585,5.58815062,91.16904506,mango,Clay Soil
27,8,32,27.00648436,96.46168931,5.627860549,144.3331315,coconut,Sandy Soil
4.587051168,58.81955192,22.42698014,29.2573541,48.93638986,8.897833891,43.93322429,mothbeans,Red Soil
6.503461648,25.77271509,29.92216505,25.49629349,95.05743736,6.03071251,131.3934498,coconut,Black Soil
63.18715398,59.8572433,39.45363548,24.17746149,75.24183659,7.197674695,195.091645,jute,Sandy Soil
35.18024236,24.47756989,26.79393202,30.21171877,51.07671041,6.852838362,98.9906392,mango,Clay Soil
117.8420169,20.9628405,54.89366044,28.49848086,91.70234558,6.133222077,21.60807776,muskmelon,Black Soil
18,30,29,26.7627493,92.86056895,6.420018717,224.5903664,coconut,Black Soil
29.15398409,20.74807973,44.97682747,23.15953903,92.72759652,6.741145138,107.3043949,pomegranate,Peaty Soil
13.80755468,66.71713975,23.9619022,23.74330182,26.43991577,5.636058586,84.52533633,kidneybeans,Sandy Soil
103.92127,26.54494551,32.11360506,27.15837933,52.2346858,6.683792372,125.3584278,coffee,Sandy Soil
11.47771686,29.88208747,39.99798715,19.74342718,89.76080493,6.590419919,112.6647313,pomegranate,Sandy Soil
13.36991791,22.92987662,25.63492845,26.27339923,96.04884431,5.659280468,136.8927538,coconut,Clay Soil
67.61119574,65.7384957,52.6605972,30.42016833,93.79974591,6.586292686,77.55649345,papaya,Red Soil
109,36,18,25.40059227,76.53237965,7.524707577,62.5138867,cotton,Black Soil
19.50018101,6.550478197,43.73319617,18.79404742,88.69232247,6.084775824,111.3734801,pomegranate,Clay Soil
106.6824156,73.80342368,45.71614814,24.99574916,80.58479356,6.10578418,118.2281489,banana,Black Soil
26.85654251,29.90943093,5.298960434,32.77720788,90.88710141,7.686618088,113.5053973,orange,Peaty Soil
89.80049729,17.52551144,45.73762201,24.74114788,80.68593689,6.290310386,48.51853318,watermelon,Peaty Soil
62.84099042,43.13506927,16.6283392,18.80195368,54.91789198,6.659467379,92.44987311,maize,Red Soil
66.72962592,69.47576876,51.72669233,25.83211379,92.63629553,6.789408904,52.55061796,papaya,Red Soil
6.376355394,15.04815505,30.99755211,25.22040686,96.13794545,6.142171573,176.6490622,coconut,Peaty Soil
29,35,28,28.3471611,53.53903102,6.967417766,90.40260445,mango,Peaty Soil
16,139,203,17.82803682,80.96093443,6.27564088,65.84748763,grapes,Loamy Soil
105.5325203,88.06229674,57.72834874,26.22075483,83.25692704,5.938655889,114.8881815,banana,Black Soil
83,9,45,25.85483596,89.13163965,6.049609892,46.85176955,watermelon,Loamy Soil
24.2832368,63.7361397,21.02666199,33.34330255,32.83512224,4.775908855,106.2855541,pigeonpeas,Red Soil
33.39739594,65.37190284,18.16452289,18.72565767,21.0254271,5.889532675,123.763237,kidneybeans,Loamy Soil
38.51827476,24.34279734,30.50876922,33.63273176,53.5253673,4.759928296,99.86656181,mango,Loamy Soil
105.1217684,56.00326999,15.14136366,25.79005565,82.30943806,7.281859983,74.89041868,cotton,Allvial Soil
90.67453653,6.464009609,56.13366599,24.91842408,82.9478457,6.423022144,54.82885922,watermelon,Laterite Soil
40.74228368,28.45217048,42.45917321,24.78760438,88.13925675,7.092302088,110.7576566,pomegranate,Peaty Soil
24.45663599,17.71246028,31.66328791,30.00674701,53.79984652,6.624696757,93.00986032,mango,Loamy Soil
2.638413895,46.93947802,13.70923206,30.90547123,60.91143593,3.504752314,64.06192263,mothbeans,Loamy Soil
109,12,48,29.45771748,92.12534736,6.708743843,20.76212031,muskmelon,Peaty Soil
99.13734945,13.52675708,24.68146431,26.97641026,56.08668688,6.489737587,163.5057156,coffee,Black Soil
13.61305719,73.54890637,20.16843365,30.60428687,35.73779721,6.952592282,178.3302682,pigeonpeas,Peaty Soil
30.29046187,11.45142609,32.72332117,27.56308009,94.20678031,5.885112308,204.19177,coconut,Peaty Soil
14.64742559,61.32177143,22.33007021,19.32705813,64.24235244,7.739113865,48.62683742,lentil,Allvial Soil
111.5819133,26.19317805,47.14418258,24.08483884,88.08996055,6.494083667,53.0465578,watermelon,Red Soil
40,21,8,34.90665289,92.87820148,7.418761774,102.1906333,orange,Sandy Soil
117,34,25,24.83846178,56.7685316,7.21270048,124.4135035,coffee,Sandy Soil
90.43007149,93.67015728,46.52230613,29.38736834,74.52470702,6.122658079,91.92179607,banana,Black Soil
88.79661172,15.38288731,52.4282746,29.9868713,91.59941862,6.66149414,24.40574076,muskmelon,Red Soil
26.11792663,15.66952396,39.27847105,19.05072216,87.10861601,6.579006948,109.7371565,pomegranate,Loamy Soil
38.36806824,64.99387186,53.19387911,35.27488744,90.97277288,6.54730405,234.8335897,papaya,Peaty Soil
81.20041677,18.38714623,50.58193109,26.42155299,81.35544565,6.520876005,46.79373572,watermelon,Allvial Soil
21,63,22,25.09737391,67.72837887,6.859409487,74.61649888,blackgram,Allvial Soil
88.90587209,26.14521837,55.45753358,24.48566383,85.59998116,6.384168496,48.85076664,watermelon,Laterite Soil
5.429002361,67.51625631,19.13226669,19.12819449,33.48987507,6.14495299,154.8499074,pigeonpeas,Clay Soil
55.75767344,75.72290436,14.35680788,28.40173953,61.56311552,7.506345736,66.16833912,blackgram,Loamy Soil
113,38,25,22.00085141,79.47270984,7.388265888,90.42224164,cotton,Black Soil
64.00548964,44.65810012,43.28620845,25.6429866,82.56516136,5.544772013,210.9289295,rice,Allvial Soil
4.685985117,60.90971453,23.19958637,20.50891963,17.70742842,5.817156896,120.9606434,kidneybeans,Allvial Soil
8.863243169,5.806137219,5,21.15130286,90.14643863,7.819416629,111.8399994,orange,Laterite Soil
64.56721336,36.23160667,39.79754657,23.25301548,84.40380348,5.33789424,190.4054244,rice,Red Soil
18,19,27,27.75518664,52.34605806,4.772385986,94.11213345,mango,Laterite Soil
80.9389106,90.39108839,47.04655303,26.57796822,80.66420071,6.21514418,105.5571715,banana,Black Soil
89.84133225,57.52475492,15.11495758,18.28198087,72.64036126,6.383249576,76.28124819,maize,Peaty Soil
27.73722259,44.3153251,12.9480649,28.66507412,88.8473621,6.604077697,46.75147527,mungbean,Loamy Soil
86.58351822,33.24559962,24.41558222,25.99381809,52.06754206,6.951988255,188.4317708,coffee,Peaty Soil
26,35,31,33.44619894,53.05980465,5.339556562,98.05089394,mango,Allvial Soil
70,43,40,24.35564134,88.80391021,6.176860192,169.1168028,jute,Peaty Soil
87,48,25,18.65396672,61.37879671,6.656730008,93.62039175,maize,Allvial Soil
113.9274059,19.89542662,27.03214336,25.73941221,62.95935126,7.247777575,196.0576841,coffee,Clay Soil
109.8124498,28.37486108,46.52557228,24.17031302,87.15068992,6.503997736,51.35976491,watermelon,Red Soil
15,45,23,24.20422636,61.43378674,7.224193642,46.0203959,mothbeans,Clay Soil
12.52150756,126.8644607,205,22.98242729,92.9550247,6.378417339,106.2521886,apple,Black Soil
63.77735539,63.80690548,51.90826265,43.30789273,92.69982056,6.652997671,109.3604908,papaya,Clay Soil
44,75,22,30.0328403,64.14800537,7.574561547,71.21006868,blackgram,Red Soil
80.01889097,35.74154054,36.76105778,23.90889755,88.80070517,6.328111134,152.7810355,jute,Peaty Soil
75.65940685,51.0092394,19.07504686,26.17329915,71.48001512,6.272365244,81.6154521,maize,Black Soil
113,28,48,28.87726019,92.48839665,6.170520518,24.44267592,muskmelon,Laterite Soil
32,20,35,26.52166434,98.38227669,5.588655387,144.6261698,coconut,Laterite Soil
7.972138774,79.57008098,20.397444,21.76011557,17.6091889,5.943205241,125.9966479,kidneybeans,Loamy Soil
11.86665455,142.8227758,198.8964789,23.17765008,92.78529208,5.894819697,124.007786,apple,Sandy Soil
105.374469,69.81744908,55.5060833,25.81553911,79.39684223,5.750316641,118.8849957,banana,Laterite Soil
93.30724108,50.89266411,35.05714157,25.5767535,80.82606179,6.906666496,210.8240132,rice,Laterite Soil
6.059676557,58.9512644,14.62792942,18.85124241,19.1517723,5.936824178,136.1863154,kidneybeans,Red Soil
30.96086628,50.83794111,23.15493446,27.35568568,84.59431341,7.167242714,51.85844205,mungbean,Peaty Soil
89.88556723,41.67550108,34.76981138,24.4368719,83.52135727,6.092295685,192.8264735,jute,Allvial Soil
52.1620186,70.43453757,15.41742845,33.63449719,66.64876271,7.524257744,66.98448111,blackgram,Peaty Soil
99.85187161,36.39754114,37.26520191,25.47490884,72.6583813,6.365105315,187.9617049,jute,Loamy Soil
55.4431731,58.42936097,75.41407569,18.92312782,18.08359567,7.983947484,81.62223898,chickpea,Sandy Soil
115.2175541,94.86192426,51.66833083,26.3921228,76.65537327,6.187581616,118.2303034,banana,Sandy Soil
90,59,35,24.25133493,89.86454053,7.098227926,175.1742112,jute,Allvial Soil
93.42027237,25.86266642,27.5581703,26.51159425,53.35242125,7.499003636,177.2298153,coffee,Black Soil
28,27,32,28.94099669,93.00109012,5.764615485,191.7723087,coconut,Black Soil
46.9409688,79.74434218,78.9758093,17.41747387,14.25803981,6.609068317,67.45484316,chickpea,Allvial Soil
98.02661614,35.72266181,27.94803262,24.7562091,54.68160358,6.342696032,167.1006827,coffee,Clay Soil
52.13563144,64.58078819,74.43067914,20.20166209,15.60171714,8.716149941,77.93722624,chickpea,Black Soil
0.16589966,30.90924174,28.29264649,28.17391784,50.58026029,6.360700737,90.74157157,mango,Peaty Soil
30.89037931,78.1812807,75.41470449,17.7575064,15.69978366,7.755156162,71.59951971,chickpea,Loamy Soil
19.99430268,25.14382066,25.7395625,26.95515068,48.22250391,5.695406025,97.32610492,mango,Laterite Soil
83,11,53,29.54097171,92.91778307,6.163921248,21.9653077,muskmelon,Peaty Soil
28,66,23,21.53989176,24.25386207,5.99616119,120.6913038,kidneybeans,Laterite Soil
51.11643584,55.70302995,13.56102905,28.74808791,65.51300328,7.581694069,63.17597775,blackgram,Allvial Soil
13.83419744,71.18530126,20.4757108,24.22702414,19.89853353,5.823057214,58.84767798,kidneybeans,Red Soil
61.22333976,53.86423209,43.53800848,26.50523956,81.87441996,6.364996036,224.1493692,rice,Clay Soil
48,62,15,25.36586097,66.6379724,7.538631462,65.81655892,blackgram,Peaty Soil
25.07306808,68.97342721,15.85854904,19.19681322,18.92614018,5.779425977,107.4453095,kidneybeans,Loamy Soil
22,9,44,24.72235539,88.87651295,5.744361602,112.1926517,pomegranate,Black Soil
61.99579725,38.19751294,17.38786158,18.06075376,62.83092962,6.007374765,63.99332426,maize,Black Soil
28.17587316,32.69694191,32.54339343,30.82676568,50.19002799,6.787033932,92.62639016,mango,Loamy Soil
99.31791751,57.32406229,18.80606016,23.94369156,73.18936712,6.204472891,71.66950185,maize,Sandy Soil
40.53143134,133.6924935,198.7547474,22.64325512,94.41694655,5.933751072,117.9703454,apple,Allvial Soil
99.11220639,56.16914862,39.28577321,24.81380215,83.22859336,6.36170511,153.1379847,jute,Peaty Soil
5.45673651,62.53044782,22.1285744,20.69541539,18.97703799,5.815099239,121.8537264,kidneybeans,Allvial Soil
22.79588783,26.94274535,39.69526074,22.8615989,84.09375325,6.975247711,109.916531,pomegranate,Sandy Soil
35,134,204,9.949929082,82.55138983,5.841138354,66.00817551,grapes,Red Soil
33.60109913,59.28194501,22.8834528,29.41631077,84.4114462,6.802227397,40.88266421,mungbean,Peaty Soil
102,28,54,25.15623099,80.27525115,6.862157042,55.49541453,watermelon,Sandy Soil
40,58,15,29.46416042,87.60890009,6.978400282,43.15411472,mungbean,Sandy Soil
31.70034805,59.04776759,83.25103988,20.05605844,18.73569947,8.803451629,91.53593107,chickpea,Black Soil
114,8,52,29.34081108,94.5513539,6.419083092,28.22908103,muskmelon,Sandy Soil
44.27112181,64.08239384,45.37289483,38.54526782,92.40661682,6.778645322,100.781555,papaya,Sandy Soil
121.1513971,36.09712778,20.20816139,23.9224573,81.1380741,7.362731449,97.62611926,cotton,Black Soil
75.0386229,48.28586528,17.94538916,21.5868514,60.45863531,6.388820784,68.99743952,maize,Laterite Soil
20.60812615,38.93051593,20.64005151,27.91199794,82.78698314,7.052891996,44.28419015,mungbean,Allvial Soil
12.98387374,139.4587388,202.4002955,30.9615569,81.71231539,5.999813895,65.60091151,grapes,Red Soil
24.40056567,43.1303624,25.59663169,24.40228816,56.36490372,6.021812665,61.56290569,mothbeans,Clay Soil
81.37565713,22.41586197,52.74710683,26.78575253,86.25886589,6.852533923,50.71758481,watermelon,Allvial Soil
81.27771971,74.25509621,56.88242536,27.43866815,78.06540786,6.284846318,93.57969279,banana,Clay Soil
102,73,52,27.9122104,83.36307683,6.356090905,90.24211529,banana,Loamy Soil
111.8340217,14.02532306,27.17172328,27.04585727,62.06048358,6.767057369,189.1596162,coffee,Allvial Soil
3.82639481,38.48249243,26.04980381,27.57551971,48.32298811,6.740231699,94.90575383,mango,Clay Soil
105.7951821,31.97079425,31.1220642,23.31877807,52.4038744,6.763306142,155.2718937,coffee,Sandy Soil
80.37043901,32.97942073,30.73780415,25.05809516,61.93753042,6.625265917,133.2537479,coffee,Red Soil
37.54992689,13.96474899,26.06327944,33.71948591,47.45030778,6.795104954,93.40578199,mango,Sandy Soil
60.03496897,56.40497079,20.52051831,18.66807094,61.69425276,6.405132426,69.8890606,maize,Loamy Soil
117.4984389,43.55082602,23.25918309,22.24358613,81.65313307,6.672003081,67.31677798,cotton,Clay Soil
64.69367193,59.73786509,37.80673916,22.24179075,83.73472409,6.36800133,232.4793744,rice,Loamy Soil
0,16.00366671,5,10.73454993,92.01908032,6.808753644,117.1359171,orange,Peaty Soil
65.2607516,57.47235904,40.83258693,21.97139694,81.16770837,5.991125018,215.6580463,rice,Laterite Soil
86,59,35,25.78720567,82.11124033,6.946636369,243.5120414,rice,Red Soil
21.76425886,33.39989058,36.55890075,29.21126804,54.43922541,5.365486775,100.7636189,mango,Red Soil
62,42,36,22.78133816,82.06719137,6.430010215,248.7183228,rice,Black Soil
102.3282501,71.9268312,49.37268194,28.5046498,78.56461484,5.724843092,100.7348262,banana,Allvial Soil
31.85470122,57.3146063,23.27235617,22.99752708,21.44899176,5.973202137,124.8415151,kidneybeans,Peaty Soil
89.0568218,53.59383487,44.8931731,25.62948483,83.1134856,6.172851399,234.9348037,rice,Clay Soil
14.4983989,138.9053818,196.738994,21.60824566,92.85796495,6.054492947,121.2611914,apple,Clay Soil
14.01826807,6.294288973,42.68728364,18.08235273,91.39444672,7.029282936,110.2637397,pomegranate,Allvial Soil
119.1279734,74.38003977,58.3966795,25.94695914,82.61708896,6.195632151,111.4498351,banana,Loamy Soil
48.51952056,68.43627394,22.21030804,28.83734215,61.25703842,7.117232468,65.66698331,blackgram,Laterite Soil
13.78894842,56.69106509,17.6077854,30.26002293,60.65311429,4.601627599,30.66456606,mothbeans,Peaty Soil
7.879657972,51.97247976,19.80414933,27.20698209,49.39058631,5.518138586,44.91942459,mothbeans,Clay Soil
93.56828259,69.56167157,49.26186418,25.27697862,86.17959866,6.170093747,91.15536888,banana,Laterite Soil
20.05134471,45.06574826,21.47359547,29.44541048,89.39029345,6.874739513,56.37000938,mungbean,Sandy Soil
36.71886982,64.86629753,18.07553371,22.75204978,18.71407193,5.696739957,62.06063304,kidneybeans,Peaty Soil
21.21786238,68.71293952,17.26472839,18.51350278,20.51414646,5.474746448,70.43776908,kidneybeans,Clay Soil
16.72938723,123.6967566,203.7007143,22.46692857,91.38693293,6.167572621,102.2741872,apple,Red Soil
49.89249684,72.26490883,74.30165531,18.7860582,14.74070267,7.092682591,77.45339446,chickpea,Loamy Soil
7.322986677,10.70750969,9.532005196,24.71160489,94.16745502,6.520375799,113.9466333,orange,Peaty Soil
20.13138028,14.49955613,33.62948779,26.29675072,99.13393232,5.691778034,218.1555223,coconut,Laterite Soil
83.47071448,52.89277713,39.06727167,26.56843412,80.46632581,6.984309876,172.773087,jute,Laterite Soil
15.6313923,30.29226104,24.51471206,25.89539147,93.64808886,6.060554714,195.4430468,coconut,Red Soil
14.56029112,24.94933081,40.98714088,20.05400953,90.69738043,6.425703574,102.0677686,pomegranate,Black Soil
5,32,33,32.32362177,52.5896771,5.842763773,93.36718816,mango,Peaty Soil
24.99926171,64.17569059,23.51016945,26.06849721,40.39781171,5.194769918,108.6037505,pigeonpeas,Allvial Soil
5.711521067,142.7494314,195.4485347,23.81554777,94.18067584,6.142473487,117.1309631,apple,Loamy Soil
14.19188538,68.00821366,19.63118456,17.43474123,20.41959728,5.867858976,113.3365065,kidneybeans,Red Soil
33.47064118,37.41884261,33.58739186,35.32819073,46.78661627,6.460749812,96.78359197,mango,Laterite Soil
80.39057706,58.39477017,16.86925379,20.44702774,63.76892013,6.667738107,108.8723374,maize,Laterite Soil
15.79358367,54.07945302,19.45882653,19.6046015,47.33306448,6.400499695,189.6610629,pigeonpeas,Laterite Soil
20.08760463,26.46883681,43.18437268,20.46673826,92.23316315,5.695847925,109.5143835,pomegranate,Black Soil
1.225405777,133.8931982,199.2997554,16.61001271,83.97261806,5.618222633,66.06981784,grapes,Clay Soil
100.3161065,40.04874148,36.13855556,24.10700415,82.41437544,6.724138369,182.3836745,rice,Allvial Soil
0.928485375,39.33639728,29.73575706,29.75030682,46.9640933,5.942300219,88.15004537,mango,Sandy Soil
3.092904504,15.08021338,30.56404481,36.25253715,47.41015598,4.544650611,97.22606643,mango,Laterite Soil
2.662936689,136.7841415,205,17.70967579,81.19686459,6.354228046,70.25893624,grapes,Allvial Soil
10.15713972,13.60397821,6.376797398,11.43489362,95.12563464,6.951132705,111.799212,orange,Red Soil
99.18575523,53.47970844,21.82595862,23.59695635,82.30425227,7.894158408,95.78173832,cotton,Black Soil
108.8058171,47.63034627,17.52446529,24.09302261,84.26484066,6.943799008,62.47943441,cotton,Sandy Soil
28.4623366,29.90439845,36.81379676,24.99505136,95.71389224,5.971223104,166.7141004,coconut,Red Soil
19.04593166,123.0992293,203.2489176,34.69552192,81.18039939,6.176305196,64.4153457,grapes,Sandy Soil
97.32241385,44.76983767,22.56276287,25.86002491,73.19610392,6.503854842,107.3328405,maize,Peaty Soil
134,52,18,23.9643129,76.59175937,7.994679507,76.13090645,cotton,Peaty Soil
71.66183723,68.3715781,54.69254155,42.88913227,94.16519073,6.715061321,78.47317065,papaya,Laterite Soil
80.16367454,18.93688361,49.02497929,29.09635363,94.44297009,6.156944718,25.89740103,muskmelon,Clay Soil
2.417231002,9.568299371,31.79621887,26.73517625,99.61669876,6.316573692,224.2061136,coconut,Sandy Soil
38.94614962,70.99240368,53.56489628,26.34603079,91.64137472,6.650213479,58.99749141,papaya,Loamy Soil
67.00410375,62.30641648,36.95219041,25.03668397,79.43365379,7.166060648,158.7328176,jute,Black Soil
36.94764556,131.3193238,196.0543304,20.58420239,81.39323419,5.908454604,66.21102458,grapes,Loamy Soil
28,75,21,24.7741949,50.54621094,6.007508163,114.2821387,pigeonpeas,Peaty Soil
54,62,80,17.48911699,16.39055394,7.489545074,79.45758333,chickpea,Black Soil
126,38,23,25.36243778,83.63276077,6.176716425,88.43618918,cotton,Black Soil
4,59,22,29.33743412,49.00323081,8.914074888,42.44054315,mothbeans,Red Soil
9.989898916,59.92586529,22.09218199,28.4887664,86.76626864,7.151496606,36.57110182,mungbean,Clay Soil
10.24028956,77.34867389,15.95648241,18.56199598,61.49553277,6.301091187,44.2046482,lentil,Allvial Soil
77.74959332,51.50888121,40.57285586,26.33152608,77.92191506,7.187142494,195.5094579,jute,Allvial Soil
64.74442509,51.65953885,40.62683585,26.27158349,78.45378534,6.843932532,182.5256895,jute,Peaty Soil
120.4471783,49.34844416,19.0596655,24.35007152,76.0573729,6.31790165,62.78794016,cotton,Red Soil
27.40661975,7.59511315,28.79504296,26.28499888,99.11627963,6.031139089,221.4458847,coconut,Laterite Soil
40.36547646,63.19558765,18.44897995,21.00088915,66.75126658,7.018297221,42.92678331,lentil,Peaty Soil
28,58,25,27.4818649,62.04814951,6.861640036,37.81123974,lentil,Peaty Soil
87.5624481,38.34893606,43.28197779,26.05749483,70.85737736,6.433896016,192.3459178,jute,Clay Soil
91.57074954,51.32981719,39.12347181,26.55391154,81.60604686,5.349786164,263.4812902,rice,Clay Soil
60,44,23,24.7947077,70.04556743,5.722579819,76.72860067,maize,Loamy Soil
27.98315245,61.95527904,18.70895274,33.24515219,68.02733293,5.255716126,108.1034049,pigeonpeas,Black Soil
26.13554087,24.31403464,32.49936558,30.94410157,52.22819238,6.776323908,87.08432852,mango,Laterite Soil
60.84094285,69.15286767,81.28725407,19.37033442,18.49135167,6.652354157,84.4747886,chickpea,Peaty Soil
81,18,50,26.44019475,80.91934337,6.507110986,47.81847573,watermelon,Allvial Soil
82.33051857,27.50185719,36.26614208,26.45993961,52.95244313,6.22387521,158.6567975,coffee,Loamy Soil
26.26445362,9.474012145,31.7617462,29.84000179,90.55716097,6.318708595,191.9197493,coconut,Sandy Soil
19.95707805,138.3213448,200.2950276,23.50497221,92.909228,5.663807546,107.0781399,apple,Peaty Soil
13.70361988,130.6595722,196.8978039,33.72507837,83.72829342,5.572753382,68.21257941,grapes,Laterite Soil
87.0953246,31.80865916,35.17719457,27.52380216,56.93878604,6.784297393,117.0421315,coffee,Peaty Soil
16.71345535,57.90355504,22.55266222,30.86094766,44.81395483,6.476033581,31.77237517,mothbeans,Peaty Soil
4,40,26,27.58258929,48.56916221,6.720041791,95.8445641,mango,Clay Soil
8.843171636,78.69982904,22.23214332,19.736565,20.73007605,5.813445842,98.1920985,kidneybeans,Red Soil
99.70306979,75.22979949,44.81416155,25.51043657,75.7259193,5.584171638,101.4172118,banana,Clay Soil
53,55,55,33.32315744,91.25271223,6.709668804,234.496633,papaya,Red Soil
94.37378041,52.21659217,40.63632451,20.15366532,82.24032266,5.734059491,243.1054894,rice,Peaty Soil
12.37723918,36.23448504,32.76813884,31.16087441,46.16455317,4.596672147,87.46933894,mango,Loamy Soil
56.71495876,47.62099112,42.67405793,42.35557377,90.85303864,6.565454485,90.07322579,papaya,Loamy Soil
25,64,20,33.15122581,32.45974539,4.807776749,105.0380275,pigeonpeas,Red Soil
63.79229509,49.00366961,22.10261604,21.42036482,60.67020463,6.675744463,94.40231105,maize,Red Soil
36.43694083,9.339119206,31.61754888,28.84444559,94.34686458,6.141183534,221.3869033,coconut,Red Soil
22,26,38,22.92052307,85.12912161,6.988035315,110.2437841,pomegranate,Sandy Soil
13.91191114,35.13997159,28.64783998,27.87994023,54.43427482,5.631873315,91.53534619,mango,Loamy Soil
119,7,55,26.03867719,84.6378378,6.031424482,44.3993381,watermelon,Black Soil
1.816523967,79.37814423,20.64123187,20.168706,68.4168614,6.845428841,49.11761526,lentil,Red Soil
29.85180427,24.77977053,13.43578947,18.06284858,89.36412688,7.034567411,110.414996,orange,Sandy Soil
38.53571025,54.70204711,16.98616148,30.49235721,42.03810553,7.110407116,47.51793406,mothbeans,Black Soil
105.5017742,17.2168745,33.28662353,23.3646017,68.20796963,6.782138822,170.8103042,coffee,Clay Soil
48.45691174,73.11155453,16.98305252,27.08737985,62.40116893,6.537384532,72.44261369,blackgram,Loamy Soil
131.6755263,43.24574997,16.07739483,23.53628777,81.56438736,6.772531453,86.98808331,cotton,Sandy Soil
8,59,18,29.50523036,35.72032498,6.216814453,187.8961851,pigeonpeas,Allvial Soil
95.73829347,12.21223727,47.71909347,29.73528502,93.8702084,6.124911545,23.17454935,muskmelon,Laterite Soil
27,13,6,13.36050601,91.35608208,7.335158382,111.2266885,orange,Clay Soil
0.959517946,47.59508107,17.60588734,29.66504082,87.38642244,6.979981294,46.3025787,mungbean,Black Soil
14,57,15,29.8757015,83.14796296,6.623438282,40.12044158,mungbean,Peaty Soil
81.96261117,40.06148692,38.69374214,25.10218245,87.99396111,7.22110191,167.7149453,jute,Loamy Soil
16.99361233,135.6571713,195.251279,41.29695565,82.18110159,6.376971029,65.76273655,grapes,Red Soil
102.0240742,43.24106732,15.73560721,24.29291629,84.32679661,6.504235777,83.16741009,cotton,Laterite Soil
30.34491426,76.07748446,83.19079249,19.29032924,17.05454523,6.405359959,68.62703898,chickpea,Laterite Soil
90.90831495,7.060302386,50.75528549,24.87172105,84.27397056,6.374761546,53.91495508,watermelon,Laterite Soil
81.05878759,16.71501094,48.61767291,27.99854719,92.42647767,6.706642013,20.21126747,muskmelon,Clay Soil
52.56248074,71.76383927,77.48423036,19.61086251,18.37645994,7.330242741,72.03876037,chickpea,Red Soil
9.618566742,16.92772609,33.00010616,26.21597309,93.25516038,5.837905731,173.4525672,coconut,Allvial Soil
116,52,19,22.94276687,75.37170612,6.114525877,67.08022574,cotton,Laterite Soil
108,72,46,25.16278237,84.97849241,6.110844721,90.94554618,banana,Laterite Soil
95,38,22,19.84939404,61.24500053,5.730617109,100.7689246,maize,Red Soil
12.70934599,57.43744558,22.35257433,28.61905719,86.31399561,7.183731866,37.71603809,mungbean,Clay Soil
88.38997116,53.10393662,42.75024312,25.94932864,83.48332255,6.145630067,233.588915,rice,Clay Soil
120.8987105,28.97479677,26.44970332,26.30088185,64.40952033,6.549122748,160.5865669,coffee,Loamy Soil
112,87,48,27.19711623,77.3970629,6.200111068,99.46950465,banana,Allvial Soil
7.255585489,72.65340006,14.5095273,22.29760955,62.49381214,5.688726622,97.32705517,pigeonpeas,Loamy Soil
104.6805377,35.17566674,25.85776824,27.61821976,50.5646328,6.983096713,141.8510196,coffee,Black Soil
36.10193324,65.82657286,48.23942568,41.08483218,90.94627588,6.629661367,237.1706244,papaya,Loamy Soil
40,63,18,30.41588462,67.66323804,6.74441168,63.02473185,blackgram,Red Soil
117.9299304,30.54542921,47.41085614,25.45246239,79.58134741,6.918732382,48.20835542,watermelon,Clay Soil
17,18,43,24.4880844,90.83687246,5.843005428,103.1969341,pomegranate,Clay Soil
86.07422707,79.18615742,41.40435143,29.07819179,78.93563137,6.356274803,90.30800837,banana,Allvial Soil
66.74354129,53.43063268,18.35207397,23.02202208,59.92185803,6.08080842,63.63706147,maize,Laterite Soil
17.53276624,79.12551109,18.55905052,31.16836326,56.05113178,7.351195867,123.2875755,pigeonpeas,Loamy Soil
46.24567671,60.32384011,79.81002426,19.61258505,15.61124422,6.462218149,84.58839884,chickpea,Sandy Soil
96.04655273,81.47674584,47.61861614,27.37806519,82.54671696,5.721401388,91.8926417,banana,Red Soil
26,56,22,23.05276444,60.424786,7.011121216,52.60285259,lentil,Peaty Soil
96.28703684,7.030259087,54.0573841,24.93377162,87.25299189,6.241923272,49.57541811,watermelon,Allvial Soil
77.32872474,39.73786702,23.89919044,24.22807692,56.48789151,6.985307359,62.90454155,maize,Laterite Soil
0.760755791,5.038430843,33.2825196,26.7514967,95.19190779,6.196114498,145.6996366,coconut,Peaty Soil
38.28471593,35.5276922,23.09617073,28.0224001,84.86574691,6.589407284,36.00108296,mungbean,Black Soil
68.82325164,55.30854041,35.14105543,26.30068007,71.85257762,7.299164213,198.3078908,jute,Peaty Soil
37.94676052,76.16214024,15.41569707,21.41724035,63.24278256,5.934532333,42.08123304,lentil,Laterite Soil
7.930737406,60.39669399,26.95047223,20.51530371,39.26020061,4.757312678,137.1984604,pigeonpeas,Clay Soil
8.548011378,6.825438947,41.32777114,22.49396765,90.89688536,6.534612444,112.3526449,pomegranate,Black Soil
0.985689368,78.3571301,18.74059077,20.34846353,68.95211687,6.893207341,49.8937764,lentil,Red Soil
38.73839713,47.8533946,46.20021886,42.96730122,91.535524,6.480318527,246.3048172,papaya,Laterite Soil
56,58,49,37.13165026,94.60761797,6.69215564,172.4788062,papaya,Red Soil
40,17,15,21.35093384,90.9492967,7.871063004,107.0862095,orange,Clay Soil
35.88450897,66.11261129,77.50575156,18.04512919,14.25803981,7.491448756,81.90356858,chickpea,Loamy Soil
51.03240178,47.60323165,46.78088629,24.45374691,89.79376599,6.726729009,215.2650187,papaya,Red Soil
82.48574657,43.00158576,38.08633925,23.08551247,82.03518296,5.103919308,243.3193204,rice,Laterite Soil
96.52341424,76.16886264,43.05751651,26.30166097,78.94142623,5.662403047,114.9096508,banana,Clay Soil
134.5271191,34.69487307,23.18048182,22.3854529,80.83156177,7.611635893,89.28961854,cotton,Laterite Soil
46.190853,70.279986,17.88285337,31.71237209,68.13354814,7.101724199,72.18186467,blackgram,Red Soil
36.67435843,140.7133096,200.1850629,23.51424438,92.20851206,6.271799956,105.8564895,apple,Sandy Soil
28.51796316,27.76978425,33.15695376,32.53445718,51.07381229,6.53651133,91.83008412,mango,Clay Soil
39,25,36,18.90223032,94.99897537,5.567805185,107.6103211,pomegranate,Allvial Soil
24,6,32,28.11321494,90.01734526,6.387067562,172.4813641,coconut,Loamy Soil
16.9366024,19.26592758,25.55594876,28.29931511,91.30477827,5.574274478,144.319919,coconut,Clay Soil
35,55,22,30.88883074,52.62696801,8.634929739,55.51932414,mothbeans,Red Soil
35.91363503,30.41886776,11.51853821,20.65197499,91.06979748,7.859830263,110.4965753,orange,Red Soil
59.79687824,41.54000233,40.5334225,24.27025011,82.73556983,6.510192728,158.6198509,jute,Red Soil
38.29546987,135.5122806,202.1152705,22.98821735,96.1994194,5.910674788,117.9836784,apple,Allvial Soil
18.51475189,20.56111257,35.59195665,23.23231748,94.98834133,6.334814511,112.3239962,pomegranate,Sandy Soil
73.5370003,46.64118468,43.63872736,25.9719427,87.24849443,6.036921422,188.6906199,jute,Red Soil
116.5450413,88.42130937,49.8372284,28.78389965,82.82008563,6.231307027,117.8889464,banana,Red Soil
27.39443195,71.7702587,84.3658425,18.66724259,18.93883995,6.501632886,72.18170587,chickpea,Peaty Soil
6.645507817,76.44089949,21.04488922,19.80972288,19.34807881,5.814834574,97.41528672,kidneybeans,Red Soil
32.57787485,79.91593211,19.32245192,28.71458356,64.65791138,6.617368568,70.29418721,blackgram,Peaty Soil
27.93741521,80.93517702,17.94464093,24.77550066,59.61443739,6.057446797,49.142407,lentil,Laterite Soil
88.68700947,24.69665521,48.97586303,27.11154555,89.58239365,6.335933323,25.17997032,muskmelon,Laterite Soil
21.33638908,79.15484848,20.35497847,28.35488661,66.52472657,7.331007635,62.68672628,blackgram,Sandy Soil
27.37398406,12.15598151,7.592659085,13.7327643,91.03293295,7.357604386,110.0761286,orange,Clay Soil
55.78232395,56.54096517,79.5995856,17.34079883,18.99114531,8.852233889,67.32567762,chickpea,Peaty Soil
97,12,47,25.28784623,89.63667876,6.765094964,58.28697664,watermelon,Red Soil
52,73,79,17.25769499,18.74943955,7.840339389,94.00287214,chickpea,Black Soil
21.54814633,136.8229832,194.8347411,23.52621957,92.40346934,5.825846155,125.5639243,apple,Loamy Soil
70.69182144,46.9898185,40.70545812,20.12378324,81.12194507,7.242082634,192.3647869,rice,Clay Soil
98.81726833,40.80500071,36.02997596,24.55297095,82.26879455,6.753577902,182.278256,rice,Allvial Soil
96.73331188,7.438918601,48.00950691,26.49411865,86.22933836,6.27886326,52.23038237,watermelon,Laterite Soil
79.78682956,52.49716144,42.48086621,23.6015076,81.28536942,5.195463145,234.1680462,rice,Black Soil
6.799291414,20.94954429,34.65587301,25.88000244,94.77733784,5.768566177,131.0123246,coconut,Sandy Soil
102.6251016,16.41486068,55.30024044,24.25586682,86.4974598,6.414831848,43.93165961,watermelon,Allvial Soil
24.29812865,34.162324,35.4662976,29.01093599,54.43347647,5.381213269,99.80772965,mango,Red Soil
105.0072943,18.58603489,35.16318243,23.69297507,68.8939783,6.790029139,173.1310105,coffee,Clay Soil
29.40047982,73.52610085,18.11437089,22.08729247,62.19732203,6.418448392,51.70402281,lentil,Loamy Soil
49.72184689,55.21684109,16.55657472,28.19768591,63.61381248,6.711628823,69.74756571,blackgram,Clay Soil
88.86059466,78.38383112,47.08014051,29.19554789,79.16248611,6.322568121,92.10391609,banana,Allvial Soil
34.30927561,58.40901831,23.33257995,28.83645555,60.31553768,8.407714446,36.71780299,mothbeans,Laterite Soil
52,60,79,19.45339934,18.23490739,8.380185271,75.6317566,chickpea,Laterite Soil
35,145,195,22.03911546,94.58075845,6.231950009,110.9804014,apple,Clay Soil
98.67284982,76.38195841,46.37251806,25.55084761,75.78594536,5.615273235,103.1294024,banana,Clay Soil
6,144,198,21.11478672,90.31528693,5.559363609,104.5086618,apple,Allvial Soil
132.7881097,57.22997655,22.37786838,23.30304507,76.7295836,7.939107763,87.95694584,cotton,Sandy Soil
9,16,39,18.41164435,91.11927248,6.101198974,105.1834976,pomegranate,Red Soil
98.67543993,72.36336418,53.92289356,26.24874389,79.95769923,5.888678965,118.0830949,banana,Laterite Soil
85.44486185,37.38091173,43.76461642,26.65517662,73.49371278,7.242595097,156.6955234,jute,Red Soil
9,35,20,27.41503453,80.98004661,6.91380932,40.53173216,mungbean,Loamy Soil
20.59521423,71.76419836,20.67433594,15.76097573,22.45978984,5.992185938,129.944836,kidneybeans,Laterite Soil
51.88262645,60.81805599,81.34569377,17.3797512,16.15722995,7.470798488,79.4146595,chickpea,Black Soil
107,45,25,23.0865933,83.55546146,7.227745516,71.84080724,cotton,Laterite Soil
83.92934138,60.64177769,23.88793192,19.86530711,63.62181299,6.43308018,64.83283748,maize,Black Soil
13.48029426,58.89655789,19.00716926,18.42219739,24.49323904,5.48897179,133.0892359,kidneybeans,Sandy Soil
36.3882831,65.63684923,16.18828142,25.62806825,64.73506357,7.700384255,50.93676222,lentil,Sandy Soil
18.86229891,121.3700319,193.5922076,18.74311079,80.64900658,5.958584094,74.70449613,grapes,Allvial Soil
30.03478365,65.5456016,82.92906043,20.67182126,15.76480418,7.113761073,76.0694735,chickpea,Laterite Soil
50.98921077,75.8286388,18.02255714,26.89234372,67.93124256,7.375935382,60.67719266,blackgram,Loamy Soil
21.88790396,62.19301687,15.41669588,34.76705837,53.04977253,4.844697641,182.9287877,pigeonpeas,Sandy Soil
51.28752476,70.82548506,75.64888438,18.87540003,14.25803981,7.094031898,80.25152763,chickpea,Loamy Soil
4.796957102,56.0596083,18.30510321,17.81900771,24.83705003,5.707871031,76.74465581,kidneybeans,Clay Soil
27.87619338,56.26891348,20.15157847,20.09300423,20.41503999,5.84604055,107.5283313,kidneybeans,Black Soil
32,55,51,29.60718808,93.15642801,6.57398033,62.68710535,papaya,Loamy Soil
83.83647571,8.884218016,45.38987959,25.69644804,88.24569629,6.001587119,48.58667971,watermelon,Loamy Soil
33.93710065,59.34201592,18.75235343,28.86001137,82.69005516,6.531382823,53.88681593,mungbean,Black Soil
32.55845488,6.031048067,31.2696962,27.0005056,96.87309484,5.945090142,174.3457179,coconut,Sandy Soil
92.2786765,21.89274775,51.3911755,29.98706899,92.91201168,6.457182272,23.18758172,muskmelon,Laterite Soil
47.82270823,58.59865965,21.67906106,30.337026,61.64765978,6.63943053,65.47789835,blackgram,Loamy Soil
21.1512092,56.1731941,17.36350747,29.76797137,88.52544877,6.88081945,41.2029444,mungbean,Sandy Soil
19,39,17,29.2808618,81.8009244,6.890156495,44.47427436,mungbean,Peaty Soil
30.70474694,10.0172605,43.47716244,24.83783786,86.99046178,6.087035152,106.8352458,pomegranate,Clay Soil
116.7706742,23.17550921,23.75827351,23.1817418,53.55858702,6.866679576,141.0864271,coffee,Allvial Soil
24,42,23,28.22471276,82.35916228,6.428054409,44.01206619,mungbean,Sandy Soil
48.72468593,62.98337309,22.05427595,28.72060293,63.63151408,6.737008799,67.16898108,blackgram,Black Soil
83.83257402,59.24757617,44.29843078,21.75028333,79.73610996,7.078128663,226.4318432,rice,Allvial Soil
35.07440442,68.0983664,43.74528246,42.8682319,89.96276299,6.574397622,231.846032,papaya,Clay Soil
40.35391246,79.14546716,14.86820833,21.44504804,63.71832594,6.384505653,39.26697496,lentil,Peaty Soil
11.46485845,75.38618367,18.45112456,30.56880373,36.51899304,6.94751608,179.8090037,pigeonpeas,Peaty Soil
82.21968675,41.01205018,46.30506788,26.30576607,82.91121835,6.726389553,184.9234884,jute,Loamy Soil
27.96185048,55.93675614,20.63515708,19.43129117,21.19628605,5.5422053,95.5279734,kidneybeans,Peaty Soil
37,5,34,25.79490531,93.84150618,5.779032666,152.4238712,coconut,Clay Soil
2.592739099,59.09872351,23.40730659,25.34594023,46.51965663,9.164896212,55.95873601,mothbeans,Laterite Soil
96.22067051,14.49973246,47.27997637,29.80611256,94.1970891,6.130043539,23.13210132,muskmelon,Laterite Soil
59,69,80,19.07937684,17.86754927,8.165359297,69.40619137,chickpea,Clay Soil
69.99144299,54.75532646,47.89878388,39.57883993,90.45055622,6.914356907,122.29369,papaya,Allvial Soil
3.177886655,39.9766683,27.31318549,27.81430155,48.65464172,6.68040362,96.51209848,mango,Clay Soil
90.86036882,37.50536218,35.96647916,26.6363438,76.26809975,7.286169536,159.003195,jute,Sandy Soil
37.58568703,75.08067731,13.00285743,24.8918742,19.09628847,5.574643517,63.95427305,kidneybeans,Red Soil
132.6722292,51.57208442,15.17235241,23.66522755,83.87356082,6.511286762,90.12066487,cotton,Laterite Soil
27.93496972,19.20006785,28.89440813,35.43506791,53.25543844,5.058174549,90.66491155,mango,Clay Soil
30.64195805,71.84244914,17.01413761,28.6833076,49.94774279,5.84080771,94.0108123,pigeonpeas,Sandy Soil
49.66929314,71.62740085,77.52154851,18.95962251,14.57733815,7.074086521,76.99784306,chickpea,Loamy Soil
18.11182774,123.5075741,203.628089,11.80356416,80.89297568,6.473475721,65.33294003,grapes,Peaty Soil
0.110669665,16.60809551,27.36556643,35.71431439,47.13290474,6.279324699,99.61565818,mango,Red Soil
59.89925456,43.86325855,50.75602396,24.42521968,93.06550423,6.784121571,183.4300198,papaya,Loamy Soil
24.73934986,72.4267799,22.44574374,29.06081556,37.87563204,4.64610349,93.14407635,pigeonpeas,Sandy Soil
24.22963088,120.2112042,198.8306223,22.33754626,89.57458673,6.194140342,113.4559591,apple,Sandy Soil
85.32924185,5,52.12377109,25.81587053,83.28197434,6.930314085,43.33760149,watermelon,Laterite Soil
38.05709771,24.02306668,31.22283431,28.63179602,96.55199342,6.002341319,145.5975684,coconut,Clay Soil
57.23127669,60.04203213,52.83242315,42.06943101,92.74825692,6.805681713,164.490449,papaya,Black Soil
37.77185137,47.21420029,27.38732812,29.91305418,85.35918844,6.393183808,36.20799413,mungbean,Clay Soil
81.09334273,43.27696682,22.29973313,19.37165052,67.0837888,6.144173745,82.49549481,maize,Laterite Soil
22,62,16,34.6455408,54.32342534,4.828936119,180.9009998,pigeonpeas,Sandy Soil
99.36444185,28.9092606,30.55727431,25.70584964,60.96832179,6.193340166,199.9752857,coffee,Clay Soil
91.42968812,45.38951929,42.30657611,24.02954077,81.56161557,7.485182258,248.8036494,rice,Red Soil
0,19.66181268,31.8822001,25.6600686,94.40079498,6.283017038,180.1899016,coconut,Laterite Soil
93.33685271,26.33279379,28.09024304,24.71102212,55.65993038,7.279685994,139.2798406,coffee,Peaty Soil
94,53,40,20.27774362,82.89408619,5.718627178,241.9741949,rice,Peaty Soil
102.7812286,94.93734618,50.57947345,27.49327328,83.73361374,5.831036115,97.15243045,banana,Allvial Soil
4.376923154,122.8071685,200.2836861,22.83651291,93.26047888,5.979044729,107.4441312,apple,Clay Soil
63.18158565,40.83534754,19.17025842,23.30629785,72.73004399,5.781943478,65.72302627,maize,Clay Soil
84.73333915,39.48968124,43.29958069,26.40382185,72.91786099,6.705408246,188.2321082,jute,Black Soil
82.84541305,43.56427318,37.2538493,23.03714732,82.42400189,5.132444397,243.0677741,rice,Laterite Soil
35.39349592,128.5470143,203.9527145,25.05186616,81.04913504,5.724946244,66.27225581,grapes,Allvial Soil
83.23477492,10.03974477,44.51002252,25.66277416,87.89991547,6.091691026,48.22813519,watermelon,Loamy Soil
26.04344572,54.20657248,16.93842468,28.78139052,87.93257965,6.287714426,49.91877531,mungbean,Clay Soil
70.43526801,67.40674941,56.20097517,25.50836234,92.21764262,6.80257094,51.00875006,papaya,Red Soil
7.161258872,29.62247256,40.49658629,22.96357361,94.74149342,6.828987205,103.1400025,pomegranate,Loamy Soil
19,15,34,26.29644905,99.65809151,5.685889066,215.9195049,coconut,Laterite Soil
21.22266437,10.81132917,28.49762819,27.89063157,93.58929968,5.982137878,217.8820011,coconut,Clay Soil
102.6647645,33.80394802,32.40869948,26.75778291,51.05793658,7.133480894,126.5494382,coffee,Laterite Soil
29.16310614,120.1265216,195.8040459,21.51390527,93.46458347,5.571651742,105.4331264,apple,Laterite Soil
101,87,54,29.07311132,76.50045221,6.376756633,100.1692639,banana,Red Soil
29,132,204,23.08950736,90.22507299,6.0967531,108.2166601,apple,Allvial Soil
10.86575218,35.65684592,33.32514031,27.63119496,52.99959198,6.497825378,99.18055963,mango,Clay Soil
92,75,45,29.01207743,77.95192527,5.674403359,90.43495443,banana,Red Soil
131,56,20,22.00817088,81.83896111,7.762647875,92.23645249,cotton,Peaty Soil
55.42915941,78.19430232,22.57173034,33.5245305,62.95042155,6.568154843,64.17954601,blackgram,Peaty Soil
40.79692913,64.22319561,19.5648702,30.35121917,67.5326909,6.760317034,64.43252766,blackgram,Red Soil
18.81653287,8.194206161,11.60714486,14.94367403,91.30786716,6.114375431,101.0209689,orange,Loamy Soil
83.38734038,78.51600085,46.96773481,25.24808163,86.68524283,5.746735671,110.6220147,banana,Loamy Soil
22.69315775,130.4516925,196.5849568,29.8510118,81.32192462,6.139384819,67.25136167,grapes,Black Soil
117.641539,52.12933008,18.29113819,22.91398576,82.50549211,6.318431936,67.82651277,cotton,Clay Soil
31.61098479,140.4072535,202.7964978,8.825674745,82.99995723,5.54299869,64.32961684,grapes,Laterite Soil
80.70372852,15.16937644,51.93112399,28.20223795,90.4068585,6.705190379,20.76059685,muskmelon,Clay Soil
20.49424104,38.16807344,19.40659778,27.15134708,63.09292746,5.812500828,61.85042863,mothbeans,Laterite Soil
93.80843055,49.64588365,19.75998284,23.2849935,74.2330793,5.875629655,101.716627,maize,Loamy Soil
1.312217052,20.95908933,36.5127505,25.2065808,91.41155102,6.30977069,176.2301806,coconut,Red Soil
58,61,15,30.94908189,64.23364112,7.402891666,62.78730907,blackgram,Loamy Soil
25.99153408,25.5793378,35.52644384,29.13323259,95.12334517,6.183621068,145.0420727,coconut,Loamy Soil
33.87427291,67.76932148,52.8131522,32.67076733,92.21922537,6.814565407,248.6780996,papaya,Laterite Soil
39,64,52,28.91842453,94.63676767,6.678695788,63.68794608,papaya,Loamy Soil
39.31240038,17.48635995,26.32452535,35.73956902,52.01262858,4.933532529,89.59342945,mango,Allvial Soil
12.24443133,6.856441725,45.02055104,18.0308341,90.9684807,7.015092759,110.1306435,pomegranate,Allvial Soil
128.4843533,43.0431231,17.3541337,25.6955178,77.36943933,6.712445983,81.53811601,cotton,Allvial Soil
77.23823941,38.58184684,36.87107695,26.52671983,83.44965344,7.56960677,245.6907613,rice,Loamy Soil
89.20783208,49.7674473,39.72913037,23.91258123,89.07296374,6.879238036,153.9724515,jute,Black Soil
9.692430661,47.75218624,24.93700214,27.69942921,87.38746089,6.449380103,49.55615589,mungbean,Peaty Soil
65.04177886,36.86214695,38.12508951,23.50805968,84.21451656,5.317542095,189.2531176,rice,Red Soil
98.39793876,85.75595176,49.93846196,30.11944206,77.38318161,6.284457181,92.8580834,banana,Red Soil
96,86,51,29.90888522,76.98740841,6.257369799,91.99964712,banana,Red Soil
0,7.288591141,35.49986965,27.15272747,95.4071272,6.25100228,148.9633799,coconut,Peaty Soil
33.95896729,136.0760666,203.5321967,22.67466412,91.99486768,5.797637288,117.8002766,apple,Allvial Soil
24.54179327,63.53123904,17.8733111,29.86291722,65.30449791,6.958606633,45.73069861,lentil,Peaty Soil
19.43911709,31.29450863,31.99073352,29.87891439,91.20640247,5.810299449,223.6697114,coconut,Allvial Soil
72.57449199,48.73082358,36.5947411,23.32203821,72.72777101,7.479818655,165.1188199,jute,Black Soil
0.855459699,122.0194098,204.2144805,21.98764309,93.95910317,5.735159258,120.3351307,apple,Red Soil
98.70675996,39.04581468,17.3821937,19.20585383,69.2041308,6.112860757,87.87013715,maize,Clay Soil
68.9039477,40.94695701,42.93285818,25.55767252,88.3318706,7.332138961,149.9692368,jute,Peaty Soil
44.52765299,60.31784043,53.18451088,34.25573292,89.85096294,6.796875319,98.17900713,papaya,Peaty Soil
12.7113791,19.4099564,37.4127946,19.62821659,86.72465414,6.04765685,112.4979766,pomegranate,Loamy Soil
36,59,46,34.28879307,93.61082872,6.721130543,127.2509777,papaya,Peaty Soil
28,35,22,29.53037621,86.73346018,7.156563094,59.87232071,mungbean,Clay Soil
1.823559636,58.06886752,23.26944866,27.59369573,85.6532481,7.182662451,41.16593471,mungbean,Laterite Soil
6.145908962,142.2741655,204.2669912,26.95027396,83.03805769,6.204166887,68.71857206,grapes,Allvial Soil
83.84984297,22.44707464,30.74782477,25.61364083,61.50253657,7.472403284,187.6812183,coffee,Allvial Soil
32,57,18,15.53834801,23.75560241,5.695422863,107.3850593,kidneybeans,Peaty Soil
43.38067207,58.00411579,17.54101132,28.03299699,65.3209851,6.785365302,73.66011491,blackgram,Black Soil
7.594785355,15.65161146,8.460764658,18.81906201,92.0109275,7.804333004,116.491641,orange,Red Soil
30.44443633,57.30209574,14.42802002,26.95102104,84.95127212,7.107561018,52.95613148,mungbean,Allvial Soil
29.46517254,35.84050599,27.94855146,34.44503325,54.72685064,6.271631252,87.15868506,mango,Peaty Soil
35.35200112,39.02553956,29.44868384,35.46581533,45.04744619,6.429154514,99.76927311,mango,Laterite Soil
76.98085381,56.43182566,20.52595328,25.04244223,74.06045602,6.548594269,78.61106722,maize,Black Soil
16.27964633,11.08905047,30.64821107,28.54678761,94.64558406,5.592813285,154.8966901,coconut,Clay Soil
60,55,45,21.40865769,83.3293191,5.935745417,287.5766935,rice,Allvial Soil
28.22576455,70.41231172,76.42732613,20.31285425,18.33088625,7.346566935,67.1566614,chickpea,Allvial Soil
39.22233093,131.5771242,198.0600777,20.42799958,81.88817441,5.908691617,68.14864064,grapes,Loamy Soil
92.04841903,88.50452695,51.01405453,28.46057139,84.55575556,5.650231764,111.0734308,banana,Peaty Soil
35.35978727,25.21487243,32.6517632,27.85825331,53.25360696,5.517067453,101.935327,mango,Allvial Soil
21.77193598,8.853855403,34.66707773,26.24194797,91.39918748,5.8319741,132.8907569,coconut,Allvial Soil
13,121,196,22.20700989,93.50574163,6.443382913,120.1593771,apple,Allvial Soil
113.3354821,39.79934004,22.35115173,25.27968429,82.1148731,6.774966404,93.46436447,cotton,Peaty Soil
9.183871637,48.43909959,15.97854132,30.7037319,40.49237566,7.650678724,55.78767756,mothbeans,Red Soil
32.80649462,75.21901534,17.59807388,30.32533242,65.35565574,7.032576119,74.90397962,blackgram,Laterite Soil
19.35259588,28.78247071,12.39640087,22.26451934,93.99205469,6.434259528,115.9513421,orange,Clay Soil
119.3794886,29.45057715,46.33607616,25.25200425,80.59075958,6.899709405,46.57233572,watermelon,Clay Soil
13.5621913,72.82677891,15.93991316,30.6393355,35.45089064,6.961903879,181.6738305,pigeonpeas,Peaty Soil
37,137,199,22.63946441,90.18451645,5.697945522,108.3405879,apple,Loamy Soil
62.57013385,57.41054818,33.98633224,26.0938873,80.49868601,6.2851714,163.1411885,jute,Peaty Soil
50.07676858,74.98528167,16.39430298,27.18522152,63.71989764,6.539985176,75.20410939,blackgram,Loamy Soil
33.82663039,66.53644243,16.80046174,32.69719029,59.91116107,7.590342527,74.13103817,blackgram,Laterite Soil
27.94354321,65.32539751,19.49665407,21.92860477,63.39401567,6.279617143,46.37062614,lentil,Loamy Soil
66.18773204,35.16642126,23.42616091,22.91519463,62.49367158,5.700278198,63.3420753,maize,Loamy Soil
33.24440134,65.51145641,16.81140094,19.05953592,20.95664074,5.889154294,126.0003445,kidneybeans,Loamy Soil
39.89685283,17.06630592,45.04051514,18.05594918,90.22647254,6.899861742,104.086595,pomegranate,Red Soil
80,43,43,23.78756036,74.36794079,6.014572075,172.6442654,jute,Clay Soil
1.634418612,133.8441969,200.1772097,16.41003235,82.74590296,5.643378348,68.93941237,grapes,Clay Soil
61.78985505,50.41202873,37.9640468,24.18592902,83.00910988,7.492011442,167.9596172,jute,Laterite Soil
3,56,17,28.19912143,53.50567601,8.709291688,52.13580529,mothbeans,Sandy Soil
118.0619882,45.24460127,19.64378017,23.37262399,77.47198167,7.986317954,71.57254541,cotton,Clay Soil
25.08562852,32.44670867,36.63823177,29.2760425,54.7318265,5.336468841,98.12876833,mango,Red Soil
0,5,34.52525536,24.32883244,90.55824009,6.120407634,103.8101113,pomegranate,Peaty Soil
52.61823825,73.02088693,81.9194713,17.06573064,17.30764351,7.854813292,96.30900287,chickpea,Black Soil
83.0000986,93.23284597,47.83652931,27.13672505,80.62973458,6.468347363,109.9772625,banana,Black Soil
64.18833249,65.77149146,50.15378062,31.83026852,91.99169733,6.544693013,77.08784904,papaya,Loamy Soil
27.50982245,60.00131237,21.74356493,27.39815388,61.9614564,6.866316222,40.30186113,lentil,Peaty Soil
44.62990764,79.72290308,76.59373041,19.58895518,17.61132583,7.780664419,77.8563513,chickpea,Clay Soil
115.8633516,24.66943657,54.59494694,28.83912815,91.86027315,6.261474122,20.21126747,muskmelon,Laterite Soil
24.78270154,44.61992029,22.3970779,28.68431274,87.05596687,6.993791716,57.31006473,mungbean,Clay Soil
16.14907447,5,10.74994351,20.91651707,90.38208726,6.242006897,102.7794165,orange,Sandy Soil
60.78382967,48.04983065,20.13601034,21.83563392,60.62000472,6.699338416,93.00878833,maize,Red Soil
97.34513065,22.71879159,49.73657421,26.39286684,86.6744007,6.789379863,58.85758564,watermelon,Clay Soil
83.30117872,21.56769037,25.83264681,25.53161002,60.20153899,7.457223226,191.2356431,coffee,Allvial Soil
37.78107222,36.98913619,19.88062054,28.08292572,85.07078834,6.553614502,39.77534572,mungbean,Black Soil
112.2405662,28.92178966,47.16277768,28.86269009,92.12714146,6.18166962,23.91954631,muskmelon,Laterite Soil
35.49807776,7.751416823,38.76186896,19.97937337,86.27435048,5.778726975,108.0580323,pomegranate,Black Soil
9.792682289,21.52634397,32.43951814,31.77690293,54.10761607,5.86289708,95.68802899,mango,Red Soil
37,56,25,22.05592283,19.60379304,5.774755144,126.7265372,kidneybeans,Clay Soil
111,53,19,23.96436009,78.02763149,6.419536555,84.63148859,cotton,Clay Soil
82.5725773,34.46012844,46.1334859,27.10656,78.19879869,6.230158938,168.4674978,jute,Clay Soil
115.649877,7.063830775,51.71165418,24.89498947,87.7161879,6.598486061,59.73942055,watermelon,Peaty Soil
49,54,50,25.62446619,93.18240298,6.762522087,97.26336657,papaya,Allvial Soil
132.3100829,58.24778928,18.59377399,23.76511131,85.25039538,6.701596614,66.47299022,cotton,Peaty Soil
74.44674396,36.36453467,45.8359528,23.1101243,75.23963214,6.593433302,153.1186012,jute,Peaty Soil
62.55058834,51.7959503,15.04823184,22.10818385,58.33460099,6.966685911,63.94623497,maize,Black Soil
112.4883335,29.00506935,49.30078949,28.91022095,92.13230587,6.122020454,22.26517889,muskmelon,Laterite Soil
35.55386361,30.27431898,14.26715125,20.88817264,90.70155,7.83653576,110.1311471,orange,Red Soil
87.24299285,7.044120683,45.58300392,29.79614065,90.707609,6.390045267,21.88954553,muskmelon,Loamy Soil
134.1962859,53.36835757,17.71253082,23.94195439,77.10393703,8.022127194,74.81032092,cotton,Peaty Soil
96.6163433,27.41434691,54.56355504,29.08917749,92.14822955,6.674062054,27.7781512,muskmelon,Black Soil
99.18541271,9.299289255,55.7191946,24.42224386,84.40913543,6.223840753,41.50191701,watermelon,Peaty Soil
27.66145565,65.94080088,21.1795238,21.5326915,23.72953765,5.993678793,119.0760869,kidneybeans,Laterite Soil
22.94918023,6.699265594,33.03219789,26.18396319,92.7540862,5.862879807,136.6154551,coconut,Allvial Soil
33.65579443,28.66243023,8.964782808,32.09579481,91.26273318,6.502743089,106.3229973,orange,Clay Soil
58.58820395,70.23779345,81.95861444,16.98819178,18.30144298,8.051216305,72.11077586,chickpea,Red Soil
22.1024372,53.41773976,20.2397462,28.77874926,83.3530691,6.726509132,41.14979633,mungbean,Sandy Soil
2.619397118,27.63173582,30.5913477,30.17721464,48.73007179,5.751231453,94.67735802,mango,Red Soil
132.0139702,48.07879238,25.62357203,24.4433845,80.34007967,7.25540654,89.85737085,cotton,Sandy Soil
71.11170236,51.65205613,44.88984101,26.37915625,73.79223889,6.736190113,178.3110139,jute,Allvial Soil
37.81839738,36.95133743,28.41026502,32.67967369,53.31679763,4.648486138,92.73479326,mango,Laterite Soil
9,21,32,32.26935342,53.56092806,5.870116071,95.94035356,mango,Red Soil
83.51080165,28.71772288,52.99479982,25.75320102,88.08429771,6.710406418,43.02433211,watermelon,Sandy Soil
60.17603361,54.06456076,34.40427925,25.90867181,81.11553138,6.19000329,165.580583,jute,Peaty Soil
104.5147728,18.49431331,31.6656542,23.78167988,68.70704358,6.729725546,174.1946819,coffee,Clay Soil
107,12,46,29.57240298,93.61870344,6.559763394,27.56918621,muskmelon,Laterite Soil
10.75000705,71.12525644,23.36513442,21.32067751,21.83349713,5.60189011,138.6722979,kidneybeans,Clay Soil
29.24499037,36.56769398,23.77966176,29.52576041,86.63300357,7.170785083,61.25041347,mungbean,Clay Soil
27.49285367,57.09904777,22.70164999,27.18785525,42.60618975,6.082137403,140.7582307,pigeonpeas,Red Soil
92.08707467,12.92107676,52.25669055,25.82439748,82.55071018,6.670304841,43.69784907,watermelon,Red Soil
13.3317815,66.85149073,23.28661508,25.58209496,63.52872906,6.518820183,48.40197697,lentil,Allvial Soil
31.41515182,27.51766481,31.57718807,31.78104432,52.97328636,5.084733171,96.37825698,mango,Loamy Soil
21.64833471,27.16967747,39.50078778,22.88851403,84.987684,7.040643722,109.40226,pomegranate,Sandy Soil
21,63,17,25.08966129,68.17543102,6.559681838,41.45486619,lentil,Clay Soil
5.839495985,143.344217,196.7001548,23.985816,94.25545557,6.153402041,111.671456,apple,Loamy Soil
94.96602819,75.62884816,44.0930003,26.57471756,78.20421196,5.683230713,112.0236353,banana,Clay Soil
46.06779485,57.94891804,48.00927578,23.19126957,89.63495621,6.662759239,162.3039662,papaya,Sandy Soil
57,57,51,39.01793345,91.48815629,6.99223441,105.8841531,papaya,Peaty Soil
27.68804859,22.11481897,29.44745453,28.82214213,92.35051416,5.977853552,145.1242721,coconut,Black Soil
35.55412396,63.5870954,19.49876735,25.5561933,64.10222487,7.721293802,46.11289539,lentil,Sandy Soil
5,65,19,18.28072173,68.10365387,6.978361689,48.80253285,lentil,Black Soil
115.8151518,10.17827001,44.00097003,24.5164681,88.81358358,6.635155631,42.18272027,watermelon,Sandy Soil
34,54,24,31.2119298,41.55934359,5.026003659,68.80141783,mothbeans,Loamy Soil
36,67,77,18.36952567,19.56381041,7.152811172,79.26357665,chickpea,Sandy Soil
0,23,15,22.56664172,93.37488907,7.598729065,109.8585753,orange,Allvial Soil
67,43,38,25.21622704,70.88259632,7.299304715,195.8645552,jute,Laterite Soil
118.5630358,19.52804265,34.7286595,27.72850915,51.71513303,6.343048719,122.0391803,coffee,Sandy Soil
9.106108736,47.73123866,25.18396245,27.57861573,86.9849271,6.382195974,47.49448146,mungbean,Peaty Soil
31,25,38,24.96273236,92.40501423,6.497366677,109.4169192,pomegranate,Allvial Soil
6,48,24,28.6362812,84.61431076,6.790736339,48.48319335,mungbean,Peaty Soil
19.35507308,35.14338795,22.29098204,26.9900557,83.81143818,6.8652038,51.21491915,mungbean,Clay Soil
99.91577664,58.86900543,19.78337876,25.89886288,81.01594193,6.670365861,78.83933591,cotton,Allvial Soil
136,36,24,22.74446976,80.41198458,7.59781958,90.07326633,cotton,Laterite Soil
67,51,24,23.50297882,61.32026065,5.584171461,64.77791424,maize,Clay Soil
30.69069611,127.0351321,204.4597531,22.12528181,93.26918527,6.097211204,99.3513385,apple,Loamy Soil
0,137,195,22.4359017,80.18612085,6.329499832,65.3973168,grapes,Red Soil
24.80912349,66.92672628,16.32261387,29.17682054,68.7275808,7.190012989,67.91148539,blackgram,Laterite Soil
22.97179989,70.55110259,85.05451344,18.86874871,16.67998393,6.437714302,88.01726255,chickpea,Red Soil
38.44291465,27.79881066,12.81321476,31.65628479,91.04471368,7.214745974,107.478009,orange,Red Soil
0,69,21,25.86928193,61.88321072,7.072923306,36.68284038,lentil,Red Soil
110,25,54,28.91105641,90.78413842,6.425930938,23.44398467,muskmelon,Peaty Soil
37.96093906,65.90988558,14.10657828,30.22643089,68.56558913,6.670223397,67.34704149,blackgram,Red Soil
14.57418891,6.37511727,10.98370663,24.66958553,90.32003006,7.561689671,109.7287174,orange,Red Soil
29.36710816,60.01262945,20.86188462,28.91461488,62.51342381,5.476019514,181.2865417,pigeonpeas,Red Soil
90.72505424,48.55298297,38.27045363,21.05316346,85.41985024,6.479772752,228.4947315,rice,Allvial Soil
22.4230317,38.54924613,21.30669602,27.90973646,85.33387401,6.579989965,37.80684821,mungbean,Sandy Soil
33.33985812,66.16323122,46.90073405,31.83434546,90.12627602,6.888875432,49.45464161,papaya,Clay Soil
41.65430833,58.63847005,20.12802322,26.77667793,61.27204096,6.815720488,65.46282171,blackgram,Peaty Soil
29.60635263,139.0583799,205,23.52741259,93.37382489,6.187348591,119.712783,apple,Peaty Soil
13.71415033,74.54282338,14.48741617,27.91227731,66.25347815,6.499660601,50.10044749,lentil,Clay Soil
50.24068805,54.43566102,16.3763146,28.70856122,65.86265674,7.601822128,59.94162336,blackgram,Allvial Soil
17.98667662,22.71426795,8.652995477,21.7482347,93.28388402,6.380713628,102.1624813,orange,Loamy Soil
31,29,35,27.1872282,92.19906776,6.137102505,141.3220576,coconut,Loamy Soil
31.79609124,62.12159452,82.56861769,19.74275244,19.60684327,8.809732912,94.49523049,chickpea,Black Soil
12.47484676,29.43047109,41.17108843,19.73378454,90.14613636,6.596754959,111.2997747,pomegranate,Sandy Soil
107.3573028,22.78200333,28.64568082,24.97924688,69.3423156,6.993277381,196.0022491,coffee,Red Soil
63.29587704,50.10181489,37.8342108,24.34138632,81.89006821,7.451452383,169.0588444,jute,Laterite Soil
5.412110705,7.480271214,10.39460899,24.38152832,92.72903057,6.598847902,119.1849818,orange,Loamy Soil
31.7261344,139.8437468,194.9743719,23.41047116,90.35691809,5.525346477,118.963692,apple,Peaty Soil
23.54490668,136.0383168,200.6870106,9.889097917,80.06257984,5.963142655,68.20417952,grapes,Peaty Soil
73.09051016,40.52233686,35.18166702,26.72657763,86.84288577,6.078530511,157.4349058,jute,Laterite Soil
11.10900256,60.84387376,19.94955205,19.32389343,23.30758655,5.608515729,68.57090714,kidneybeans,Laterite Soil
83.42229504,19.27039741,45.52614423,26.99905413,93.58197912,6.798552279,25.79631469,muskmelon,Clay Soil
106.6207881,94.88835903,45.14207423,27.2649142,84.59618582,6.38900376,92.42680067,banana,Peaty Soil
57.40045812,50.45446354,43.52973967,20.93083806,85.14835113,6.246933313,238.705575,rice,Sandy Soil
33.05900555,46.52027569,18.44617983,27.39014928,85.43561985,6.609865964,54.51672707,mungbean,Sandy Soil
27.70482622,21.52705564,28.77805678,35.38470164,51.7542298,5.098391532,92.38507076,mango,Clay Soil
35.33954076,20.10983543,25.25238236,31.90329765,50.49631808,5.268720865,99.66177739,mango,Allvial Soil
87.83141525,36.01393304,26.28143121,21.47862836,63.25307845,6.171340477,68.48593068,maize,Clay Soil
88,52,39,23.92887902,88.07112278,6.880204617,154.6608736,jute,Black Soil
86,40,39,25.72100868,88.16513579,6.207459637,175.6086697,jute,Red Soil
7.853463957,28.26823815,37.62817743,23.07227877,95.17086107,6.866292754,105.2611296,pomegranate,Loamy Soil
6.480314143,5.544493606,32.96414191,28.24886319,94.43200442,6.094207681,171.6318816,coconut,Allvial Soil
8.36535476,17.13163635,24.17677383,34.84742378,47.8359136,6.362108547,91.96443349,mango,Red Soil
120.7223238,46.26509564,16.4810902,23.54829222,79.46472675,7.716433828,72.53386599,cotton,Sandy Soil
35.24373962,19.55431224,29.93300348,27.39985471,50.68260447,4.934431541,91.87078343,mango,Clay Soil
25,51,18,27.77799528,54.82130787,9.45949344,50.28438729,mothbeans,Clay Soil
98,26,49,27.29035669,90.53330091,6.130160473,23.49535234,muskmelon,Allvial Soil
25.79153979,69.79050793,19.90115565,28.72797577,37.59772215,4.668768686,93.15620551,pigeonpeas,Sandy Soil
116.7010464,49.57512749,17.84201708,22.87544117,82.24147934,6.366556242,69.54961647,cotton,Clay Soil
15.79747558,59.2321746,15.75229222,21.26203629,23.56524713,5.80146775,147.0806975,kidneybeans,Peaty Soil
133,47,24,24.40228894,79.19732001,7.231324765,90.8022356,cotton,Sandy Soil
89.20359844,57.07200937,26.28639685,18.82667102,72.68917815,6.129939685,83.75728502,maize,Red Soil
104.8015701,60.23285945,23.28235138,23.59921725,76.83012207,6.201368975,87.52763889,cotton,Loamy Soil
119.6687764,17.76794655,52.67675462,28.09871686,92.0546912,6.546508768,20.21126747,muskmelon,Red Soil
26.12064082,71.25298719,80.25364127,19.0181055,15.95555995,7.353341576,82.09164595,chickpea,Black Soil
30,13,25,27.15116142,91.48889469,6.413184638,164.9182225,coconut,Loamy Soil
32.27331995,55.673205,20.71356403,22.70541461,21.73094479,5.873161838,109.7407487,kidneybeans,Laterite Soil
23.5896451,24.72808043,29.69763602,27.96092268,46.39251279,5.595280472,91.35664632,mango,Allvial Soil
30.18185377,71.22061474,80.79528389,20.77340716,14.49385175,6.486096295,91.85740741,chickpea,Red Soil
15.03676402,75.82574776,20.86608288,29.09554227,62.44845496,7.041416255,36.50848584,lentil,Red Soil
90,39,37,24.81441246,81.68688879,6.86106911,190.7886386,jute,Allvial Soil
48.14263227,68.69382344,21.08011401,28.56053941,61.44949501,7.144536819,63.21114807,blackgram,Laterite Soil
30.3851362,60.75006702,23.4526491,25.4685699,65.67732655,7.700998545,52.66836215,lentil,Allvial Soil
33,61,24,20.04611791,48.93905624,4.567446499,122.4564203,pigeonpeas,Red Soil
86.42189308,7.184834503,52.11727293,25.9582615,84.28009748,6.898701748,42.90805267,watermelon,Laterite Soil
19,72,15,28.83600962,69.76112921,6.890760124,44.08562546,lentil,Sandy Soil
37.29276409,61.53256749,75.86025361,18.68499362,16.5123831,8.912947791,77.37774089,chickpea,Black Soil
117.6166186,50.39403937,19.13909035,23.08736712,82.42097415,6.336119771,66.47316329,cotton,Clay Soil
125.9953719,36.09802726,19.02030478,25.94720284,84.25953301,6.60911493,75.57521664,cotton,Sandy Soil
33.79457721,5,28.68127021,25.8973457,89.49046695,5.882561078,151.2396832,coconut,Peaty Soil
117,26,30,27.92374437,67.96910852,7.079850922,115.2325531,coffee,Red Soil
11.74015583,5.47411067,6.174953028,30.8103649,93.41221027,6.359712635,108.8408485,orange,Loamy Soil
1.328635823,23.24371801,36.74577528,24.48329052,92.05621286,5.932584243,113.9645672,pomegranate,Sandy Soil
118.0625578,24.37282586,25.0324226,23.21631409,52.10397638,6.933370221,140.5695941,coffee,Allvial Soil
27,63,19,20.93409877,21.1893007,5.562201934,133.1914419,kidneybeans,Laterite Soil
89,53,44,24.88692811,71.91711523,7.319735475,150.2498675,jute,Clay Soil
35.14706773,43.3195861,25.44940444,27.06735582,43.1469684,3.504752314,45.6644615,mothbeans,Allvial Soil
27.86139876,73.41549443,81.20698562,17.77976058,17.70276468,8.735778212,79.89360555,chickpea,Allvial Soil
21.87316416,16.50019586,32.85962202,30.31339905,52.30579998,6.646035443,93.32304054,mango,Loamy Soil
39,140,203,21.11903604,80.63399198,6.349875906,69.27779761,grapes,Red Soil
100.1952303,52.45800177,19.04894003,23.38176582,82.7051653,7.890626985,91.45707957,cotton,Black Soil
34.65203649,68.11970359,54.09335875,27.17459678,94.5708553,6.63503718,41.22597227,papaya,Red Soil
30.68161997,7.620879778,5.796455006,34.62230318,92.76048696,7.144583032,100.6578122,orange,Black Soil
24,14,33,29.38072512,93.27565685,6.366219551,218.5241851,coconut,Sandy Soil
91.41828793,83.99059429,47.35262696,29.46304863,82.72883106,5.725291703,112.2464423,banana,Peaty Soil
117,86,48,28.6956201,82.54195839,6.225225239,116.1616839,banana,Red Soil
28.84787882,45.52545846,14.98571915,28.45307134,87.64195161,6.576897931,40.71375583,mungbean,Loamy Soil
91,21,50,24.33528185,81.44030363,6.762030215,48.32113628,watermelon,Laterite Soil
26.0539189,63.50193851,18.05453597,20.14881338,22.89653026,5.614407624,73.26905501,kidneybeans,Red Soil
20,72,15,36.00415838,56.01334416,7.313517308,134.8596466,pigeonpeas,Red Soil
24.28067113,6.084872456,34.78324498,29.269489,93.0688032,6.020471283,206.4263808,coconut,Clay Soil
20.86850713,38.79959836,19.72757288,27.19763752,52.01750788,7.357106605,58.36192037,mothbeans,Laterite Soil
1,15,9,29.98364695,94.55239717,7.53350946,115.3560318,orange,Red Soil
24.35588899,58.86554722,18.81390812,21.92207107,24.22824883,5.847126843,129.1809032,kidneybeans,Black Soil
14,29,32,35.63627319,48.97047762,6.942520105,97.51952041,mango,Allvial Soil
26.8823458,58.19492658,23.69276326,19.47136113,17.65080347,5.747403352,141.6434696,kidneybeans,Laterite Soil
35,140,197,16.77557314,82.75241875,6.106190557,66.76285469,grapes,Laterite Soil
0.816716297,12.56592914,32.55502636,27.69996543,94.91057489,5.528866039,129.5542431,coconut,Peaty Soil
20.87033525,32.49263834,30.15624411,35.54680157,51.03973971,5.248374668,87.7946756,mango,Peaty Soil
118.3727295,39.0768336,35.812135,26.13196133,57.7339034,7.490705367,124.549275,coffee,Clay Soil
25.51376004,71.68826761,25.2086083,28.51609057,61.70913406,7.1798322,75.66223681,blackgram,Allvial Soil
26,73,21,31.33170829,57.97429171,4.946263888,161.7820226,pigeonpeas,Peaty Soil
60.08280419,57.87118934,36.50811605,26.03006097,78.71982339,6.053459584,169.873804,jute,Allvial Soil
28,70,21,25.39038396,60.4989659,7.437373666,39.18374505,lentil,Red Soil
30.67304159,28.57144787,35.32280068,27.3375625,92.11481592,6.153155036,141.9535006,coconut,Loamy Soil
39.66865938,63.74594214,47.11125165,32.67495834,94.39816569,6.896419933,73.39883858,papaya,Loamy Soil
71.78912136,41.37917915,38.78979316,24.48784299,88.56203107,6.201437895,168.5248007,jute,Peaty Soil
70.23526949,60.26959893,40.83111608,23.01221503,82.60123514,6.299015553,220.7809635,rice,Allvial Soil
36,44,21,25.12528913,51.33189406,4.516154055,38.48678973,mothbeans,Loamy Soil
109.4989133,20.34443517,55.15246801,26.70929439,87.6832422,6.763786889,46.03902284,watermelon,Sandy Soil
12,31,26,35.7877738,51.94190321,5.395275719,100.2160615,mango,Sandy Soil
21.19621473,143.5198918,197.1563405,21.89218371,91.40519129,6.484417255,116.3735922,apple,Sandy Soil
21.76271988,79.97759655,17.21030503,21.59588212,19.69862379,5.897195947,118.3924475,kidneybeans,Sandy Soil
11.58048584,70.10883536,17.76111202,19.61767035,67.66548792,6.154693963,176.1579383,pigeonpeas,Clay Soil
22.38520508,16.55013869,27.11782807,29.20909204,90.70981226,5.971298345,186.0514026,coconut,Loamy Soil
28.71431289,23.46276568,39.32924404,23.44824122,89.11817593,6.145103115,107.6579662,pomegranate,Clay Soil
77.80102831,48.85456239,34.73080751,26.03902565,84.58894033,7.360440178,152.3474661,jute,Clay Soil
71.34485197,54.5287447,36.87414789,26.67472027,70.65105861,7.309522937,197.8998431,jute,Peaty Soil
7.146767872,64.05402896,25.41641448,19.63693239,64.82820845,6.844398933,55.78034428,lentil,Black Soil
25.10598455,58.75351207,19.8274852,28.90169727,83.32932143,6.657357851,46.17396964,mungbean,Sandy Soil
25.82041516,68.81097361,23.83043227,37.05825516,37.89048352,5.65409019,161.3919103,pigeonpeas,Clay Soil
28.50468571,56.48640495,24.41381753,19.60542401,19.03874357,5.727067756,144.1127085,kidneybeans,Laterite Soil
94.21974922,48.81939591,39.160433,25.79771425,81.30574359,6.929533665,208.2003906,rice,Laterite Soil
37.59790929,74.65378777,16.80801118,24.86765435,18.08607045,5.608917646,66.25802317,kidneybeans,Red Soil
20.88880591,43.58679148,22.62463815,24.63138696,56.41953362,6.052222764,59.73737099,mothbeans,Clay Soil
25.22952145,62.39653604,16.28233936,29.94813476,65.64256297,6.967299542,45.60937675,lentil,Peaty Soil
39.21699868,126.8450115,202.5276844,34.29712001,82.88521179,5.865421515,72.3510666,grapes,Laterite Soil
21.51210137,51.38276774,16.3210143,29.61375799,89.42518393,6.669239498,48.54130665,mungbean,Red Soil
34.45270075,22.99079832,48.42684913,20.03343126,85.53582932,7.145181794,111.2420224,pomegranate,Red Soil
59.59472329,43.36703644,44.44622014,20.83918719,84.11076995,7.448194246,298.5601175,rice,Laterite Soil
66.43569174,44.43867253,37.38326647,22.73382407,82.23169553,7.260461186,259.3833128,rice,Peaty Soil
29.63319063,61.23097061,50.36720362,33.72789877,94.56430789,6.973050411,180.4909006,papaya,Black Soil
9.078960211,140.3966355,200.7382685,21.04710125,81.16299742,6.100283217,70.28859746,grapes,Allvial Soil
10.46845963,5,40.75430629,20.2822898,90.18680793,6.864332851,104.6593414,pomegranate,Sandy Soil
21.47722883,19.34501047,33.23636031,30.36749735,52.19941424,6.588295263,93.7993497,mango,Loamy Soil
129.1735744,60.0830447,19.02340541,25.12130371,81.0752031,6.503784793,91.81617766,cotton,Loamy Soil
88.03448247,37.4423714,14.55439788,25.28469701,66.32660906,6.473119019,61.75669542,maize,Allvial Soil
33.02797909,76.69989795,20.94210036,33.12052752,68.95494094,6.698708155,63.20196869,blackgram,Allvial Soil
39.42701409,24.87797402,39.7718425,23.73597988,93.25770044,6.437206667,109.2993597,pomegranate,Laterite Soil
56.60363954,61.35767035,16.25381652,30.86323647,64.62817994,7.394515471,65.64596942,blackgram,Loamy Soil
103.1291724,25.1766239,29.3120018,24.45942485,62.96613974,6.406104285,147.2493264,coffee,Red Soil
99,92,47,28.1279509,77.48247073,6.323933647,103.5045395,banana,Black Soil
111.3145059,14.89176952,46.41192407,28.45914464,93.90953185,6.248354622,27.40006579,muskmelon,Sandy Soil
41.6227096,67.70737819,22.58018248,29.42855565,66.0295666,7.476457833,70.68358491,blackgram,Sandy Soil
23.71027627,76.03888095,26.79934384,31.46422585,47.60267311,7.094998657,89.53041042,pigeonpeas,Loamy Soil
87,48,38,23.81579631,80.94023552,7.161865733,190.312216,jute,Loamy Soil
19.15368338,38.43427741,23.20397873,29.78401875,86.9850219,6.620933868,38.87375604,mungbean,Laterite Soil
26.27781436,72.15826453,15.3119491,29.05859375,56.39567409,6.343813672,123.4570851,pigeonpeas,Laterite Soil
3.648569969,69.61399496,26.23347957,28.82490284,63.42665067,7.32480351,42.11504072,lentil,Sandy Soil
80,45,42,23.1426498,74.99739774,7.380396262,151.9035477,jute,Peaty Soil
118.8995691,70.96405365,54.09519221,26.03858974,84.00247263,6.181495192,114.1775814,banana,Loamy Soil
92.83021307,58.70118665,36.82377356,20.77416053,84.19143534,6.941660977,280.2076508,rice,Laterite Soil
33.16378968,57.74991499,19.35876816,33.40866822,36.50169005,4.540226955,139.3574976,pigeonpeas,Sandy Soil
89.42940955,6.082030644,54.03908457,25.22508993,84.38485169,6.417971892,55.34221495,watermelon,Laterite Soil
36,65,80,18.2872007,16.67921616,6.051091339,74.87445574,chickpea,Clay Soil
106,85,53,27.1994597,78.8086068,5.91505509,99.72430835,banana,Loamy Soil
2.519340115,35.51249172,32.03484826,30.78391547,50.15410132,5.757268157,93.75818377,mango,Loamy Soil
108,36,19,22.78249615,77.51235009,7.238566893,64.61444234,cotton,Allvial Soil
100,80,52,27.53911354,77.25629897,6.049801781,110.3262123,banana,Red Soil
30.56579815,67.87035516,19.88159495,24.52171382,18.95611886,5.502588453,146.6238179,kidneybeans,Allvial Soil
95,26,45,29.91690582,94.55695552,6.117530021,28.16057247,muskmelon,Sandy Soil
109,23,25,25.11711046,68.48030408,7.00733163,194.8773479,coffee,Red Soil
20,45,17,28.17458662,83.69659318,6.770955317,37.2464655,mungbean,Allvial Soil
38,15,30,28.91862016,48.13974548,5.075504537,97.01331604,mango,Sandy Soil
89.89605644,55.3665445,15.19733706,18.24873309,71.78600064,6.387468836,79.62920028,maize,Peaty Soil
5.952969761,144.229724,197.3629547,23.97524574,94.42838737,6.161539852,115.4404822,apple,Loamy Soil
75.86145066,37.10661542,24.33263933,24.24738801,57.52910336,6.974896598,64.21109874,maize,Laterite Soil
53.67902817,62.13282192,77.78677641,19.60259573,17.42072867,8.330666363,76.59929189,chickpea,Laterite Soil
35,68,45,42.93605359,90.09448142,6.612429546,234.8466111,papaya,Clay Soil
22.84476209,68.68661484,18.3548339,19.53303982,51.88730047,5.644854629,181.9734636,pigeonpeas,Sandy Soil
5.246015905,11.95209621,38.28151043,22.4799487,89.84273419,5.67581621,105.1950588,pomegranate,Clay Soil
82.28255768,37.73386081,39.20159275,23.60070319,89.00294866,6.316902619,150.9205447,jute,Peaty Soil
33.52148078,58.08396496,16.82714142,27.8455913,88.48504092,6.783796714,56.81321065,mungbean,Red Soil
93.43613798,52.71131507,36.9051224,25.99633971,83.40421341,5.560726535,286.8721421,rice,Laterite Soil
87.86801792,21.8164786,51.37420747,25.04098305,85.56276857,6.223839873,54.56262625,watermelon,Black Soil
1.667299758,63.65052831,13.04969455,24.29373234,60.8088684,6.827832877,56.20582523,lentil,Peaty Soil
119,72,55,25.99069521,83.33983116,6.220643671,112.0777152,banana,Loamy Soil
1.665625072,67.92910604,18.36835392,34.35970157,47.56316742,5.914476105,127.5579138,pigeonpeas,Clay Soil
22.46224652,123.0972428,205,32.23837844,83.49280349,5.892648242,68.70297314,grapes,Clay Soil
121.6444271,45.18169531,19.64669703,22.55229013,82.53802344,6.446728034,64.83300699,cotton,Red Soil
58.6793024,62.05570288,77.50056561,20.64045267,18.50280782,6.238426956,94.30095817,chickpea,Clay Soil
25,60,22,21.63149148,21.17919701,5.887263027,134.3649948,kidneybeans,Allvial Soil
34.59082082,40.73581849,19.58421722,28.24298294,82.11917112,6.681209673,63.28370057,mungbean,Laterite Soil
21.43450127,30.63848679,43.91508461,21.01052243,86.24287461,6.123806608,106.7862815,pomegranate,Allvial Soil
113.6303105,20.08522976,56.48611364,25.15006546,88.31778385,6.480461109,59.23423244,watermelon,Peaty Soil
0.492303661,5.301838382,33.79179802,27.23070784,97.22726687,6.234840262,147.4513769,coconut,Peaty Soil
62.482079,40.54205826,45.96180766,24.1251111,82.02966085,6.55856403,161.3594893,jute,Red Soil
73.1772622,41.35239263,35.14532127,25.0493764,78.2881973,6.882211446,166.0388458,jute,Loamy Soil
30.1381564,79.50720258,26.5869889,23.4531737,21.99472063,5.887439358,64.05625367,kidneybeans,Sandy Soil
82,24,26,24.31274458,53.57285558,6.089443603,184.4103931,coffee,Peaty Soil
17.95090178,74.05439386,16.77612305,28.59140674,69.37589768,6.882239208,43.84874018,lentil,Sandy Soil
19.63746226,61.88760689,18.29583206,15.79882426,19.12042309,5.996718646,107.1610447,kidneybeans,Laterite Soil
85.32997994,15.27148271,48.62464856,24.31631493,83.74081693,6.405811132,55.90933678,watermelon,Peaty Soil
52.38864314,72.58179694,77.9179754,17.23738496,19.51864425,7.818465292,92.39273658,chickpea,Black Soil
13.73716549,5.029217826,36.84332029,24.7454927,84.69160658,5.830105817,106.6088191,pomegranate,Laterite Soil
21.12826486,38.27014143,19.82021509,29.71093582,86.43863052,6.608471295,34.57939874,mungbean,Laterite Soil
110.4744915,88.05327568,45.24216717,26.61038352,82.37519475,5.564638451,100.4936134,banana,Sandy Soil
102,24,54,27.72338349,90.93897939,6.698468621,22.81863447,muskmelon,Sandy Soil
90.61022391,14.1966076,53.68481278,27.08463594,91.15974104,6.513096925,22.5639477,muskmelon,Clay Soil
51.12654427,55.6787479,15.27217083,28.67181936,65.60314069,7.578879713,63.02531653,blackgram,Allvial Soil
6.374947109,23.14708905,32.18182236,19.69925664,87.81346246,7.049268116,103.8535136,pomegranate,Sandy Soil
111.5422708,30.17002917,34.1792988,25.74349385,69.4012617,6.371666087,169.8488553,coffee,Loamy Soil
29,8,28,26.87037587,91.72546257,6.100429497,214.4128874,coconut,Peaty Soil
4.650675308,62.38708337,21.86888585,24.74208499,60.95913699,6.682581451,50.81989503,lentil,Peaty Soil
27.19675246,57.63685856,22.96621246,20.06343033,19.50942469,5.841274476,108.7738799,kidneybeans,Black Soil
26.28997403,42.26130863,20.17381636,31.59160869,56.84526258,5.856228403,48.85266856,mothbeans,Black Soil
32.13576929,59.08163026,19.67936165,28.60458243,86.19569336,6.804482218,41.76390112,mungbean,Sandy Soil
5,62,23,27.9348279,66.45457122,4.722222454,145.3728801,pigeonpeas,Black Soil
32.73342011,137.6843974,197.8382422,22.37165085,91.48485707,6.245218967,122.2146929,apple,Black Soil
28,145,202,19.2077707,82.9042841,6.484323189,66.83113717,grapes,Sandy Soil
9.826958951,56.22279055,25.14715491,30.03916348,90.8444682,7.134677385,43.47880281,mungbean,Loamy Soil
16.22551444,77.39767345,22.32721891,25.24252874,66.59507701,7.427839145,49.7164879,lentil,Sandy Soil
2.988321373,61.47208109,19.64356555,22.13532214,23.18010305,5.980981596,76.88881549,kidneybeans,Black Soil
9.281144272,143.7296562,196.8156765,22.85924687,92.51650687,5.86381968,122.4593597,apple,Sandy Soil
24,67,22,20.120043,22.89845607,5.618844277,104.6252153,kidneybeans,Allvial Soil
32.68837991,26.15768931,8.92261138,10.30634764,93.33692081,7.774606482,100.4873694,orange,Black Soil
34.96494232,13.74585148,8.864799966,25.01972715,89.76537712,6.821010017,117.0326042,orange,Red Soil
23.3052025,23.15951592,32.42436737,28.02870995,47.35163135,5.646402101,92.78256848,mango,Allvial Soil
32.20993136,78.72097743,11.98782105,23.78521286,21.3902745,5.750968447,83.1695028,kidneybeans,Sandy Soil
112.7194219,27.89326027,47.88625311,28.87043506,92.59505283,6.159260467,23.84531201,muskmelon,Laterite Soil
120.1996468,6.303057179,55.3810078,26.1478424,85.58555121,6.060173173,44.01618745,watermelon,Black Soil
34.84693714,66.29204642,19.77164538,20.4324717,60.52805059,6.970482847,55.56000301,lentil,Clay Soil
41.45181233,58.02636378,75.88863843,18.88856199,17.83792111,8.847551091,78.74338358,chickpea,Black Soil
6.712903093,30.41155346,34.77123956,32.34086484,53.51496569,5.832856294,93.35454096,mango,Peaty Soil
41.75679526,60.45694466,47.38692471,33.5340606,92.75014492,6.852796607,135.9437503,papaya,Allvial Soil
67,59,41,21.94766735,80.97384195,6.012632591,213.3560921,rice,Laterite Soil
77,48,36,25.86705009,84.09985284,7.36008498,154.8390847,jute,Clay Soil
14,22,9,17.24944623,91.13772765,6.543191814,112.5090516,orange,Loamy Soil
42,61,22,26.27274407,62.28814857,7.418650668,70.23207557,blackgram,Laterite Soil
5.999543954,72.387913,24.47757191,27.53605207,63.86212284,7.275394211,47.14237406,lentil,Sandy Soil
27.37800109,67.51986869,23.81006463,24.08503404,19.25068075,5.804899737,116.5268894,kidneybeans,Black Soil
92,7,45,26.70607759,81.14149505,6.944640222,51.51033554,watermelon,Black Soil
31,48,45,40.78881819,92.90951393,6.563134737,132.7923586,papaya,Sandy Soil
83.56181684,6.681791226,53.71764086,26.99850636,86.82955087,6.339106564,53.56478541,watermelon,Red Soil
108.3230758,89.08366891,52.56977515,29.47735656,79.35665951,5.838797755,98.80945457,banana,Peaty Soil
0.231083588,139.4472383,196.8929542,22.54007742,79.33233447,6.350672617,66.91106373,grapes,Red Soil
34,75,24,23.50222822,51.29019509,4.760038039,192.3023991,pigeonpeas,Sandy Soil
73.70760974,56.74849024,18.39407083,19.98876172,55.75433716,6.718751858,106.7534909,maize,Red Soil
2.245885631,16.96551815,8.760805813,29.96504814,95.19302172,7.540305827,115.3515885,orange,Red Soil
2.146406469,76.77691745,24.68620875,24.88211897,22.12700002,5.633490098,59.91330306,kidneybeans,Allvial Soil
39.70204851,78.53939702,18.33974693,19.01897735,20.24370559,5.680365957,80.6882073,kidneybeans,Peaty Soil
85,21,47,29.87331077,90.60932469,6.186770318,24.69720481,muskmelon,Laterite Soil
6.026948496,33.40692913,17.31258109,29.11919734,52.89935499,9.688310071,68.66772032,mothbeans,Red Soil
35,57,83,19.48316794,17.44534641,7.476800943,80.4986291,chickpea,Clay Soil
75.22155996,42.7443529,35.71990842,24.7772215,79.06300175,6.839847813,166.8768499,jute,Loamy Soil
87.9260302,5,48.30537976,25.75545076,86.53460026,6.673388098,42.00676324,watermelon,Peaty Soil
31.50051297,58.67316336,17.31394603,27.09255413,84.94769198,7.090403596,54.47307628,mungbean,Allvial Soil
92.67181406,80.99631086,53.95136944,27.47434439,80.75015617,6.446411755,96.72878038,banana,Peaty Soil
0.033623322,29.52143063,28.26715769,27.0079379,49.39318988,6.03827909,92.47924313,mango,Sandy Soil
10.15760593,46.32655051,25.95822654,27.47410501,89.83861961,6.450436413,58.15246624,mungbean,Red Soil
9.982027006,22.0575546,31.74173463,32.42634526,53.17874692,5.868603018,92.48586063,mango,Red Soil
69.58938835,67.76350548,53.41589461,42.75295625,95.303643,6.693557389,81.63877368,papaya,Laterite Soil
79.9103119,43.88578131,42.35327023,25.56314924,80.30688739,7.14490808,188.7181204,jute,Sandy Soil
89,22,52,24.89681131,86.10782926,6.217300786,53.14626213,watermelon,Black Soil
24.20353626,137.9175678,199.0956452,9.718361658,80.68440237,5.939580392,67.08042934,grapes,Peaty Soil
114.9911503,25.2144058,28.41490714,24.70216536,57.2789671,7.197471537,194.3309509,coffee,Clay Soil
33,47,17,24.86803974,48.27531965,8.621514073,63.9187654,mothbeans,Loamy Soil
25.446492,64.67074228,19.57486699,32.74358872,68.00388151,7.551869719,75.33473679,blackgram,Sandy Soil
14.84537924,10.12884478,39.17032149,22.89849537,93.03464766,6.602668369,108.8046796,pomegranate,Loamy Soil
4.066405077,17.70965007,25.60635131,27.48323777,53.56476671,6.440335637,94.73329751,mango,Loamy Soil
111.5927653,73.52487776,44.60901874,29.41525085,77.07790463,5.696559426,88.00045668,banana,Clay Soil
67.95658455,47.21841889,38.75460538,23.85408105,80.74650788,5.031765846,259.9376809,rice,Sandy Soil
27,40,24,27.84026517,89.99615558,7.063022095,52.84626009,mungbean,Laterite Soil
28.28685212,68.92333625,11.94847688,30.37117103,64.1913225,6.887875346,78.76412603,blackgram,Clay Soil
35.88552476,45.55258958,20.68247821,24.97152001,51.35937021,4.52480092,38.0286134,mothbeans,Loamy Soil
5.381071336,37.68098214,17.31171897,27.97731101,79.98178948,6.751253794,38.6218334,mungbean,Allvial Soil
26.46644709,72.32193258,21.69334517,19.84085489,21.66409762,5.959068441,64.99600014,kidneybeans,Black Soil
25.61034205,80.28421956,16.82613282,18.88787602,19.87607628,5.838465267,86.56973222,kidneybeans,Loamy Soil
30.08762509,60.72582247,83.07191138,19.75032989,20.24264326,8.817357722,92.68963623,chickpea,Black Soil
88.93901265,53.61471217,39.16659147,23.97867845,87.57001892,6.879013536,155.7177571,jute,Black Soil
87.26284618,24.68094069,50.75764225,27.10267229,91.44889805,6.362130026,23.52578339,muskmelon,Laterite Soil
104.8297874,92.08318217,46.22918822,25.08250575,79.4350891,5.770391064,103.8138046,banana,Loamy Soil
58.82244986,67.22680069,80.91216941,20.7962772,19.28140947,8.741608384,91.7115264,chickpea,Clay Soil
21.80606912,62.02907643,15.0953666,34.57553104,53.74665218,4.830122756,180.3277201,pigeonpeas,Sandy Soil
84.37945568,21.68785725,54.49397652,25.84478259,89.46843555,6.859990003,57.99622922,watermelon,Red Soil
113.2410799,40.55991383,20.39797069,24.14867529,79.23554834,6.330896481,70.12131415,cotton,Black Soil
58.11166338,70.28818043,86.34642778,17.16841698,17.25768998,7.544994598,84.12604529,chickpea,Peaty Soil
11.04985744,76.37496061,17.17879169,21.54963073,64.30599357,6.274368305,39.25367354,lentil,Black Soil
27,120,200,21.45278675,90.74531921,6.110218826,116.7036582,apple,Peaty Soil
66.31286556,42.16810161,38.93947687,26.09449216,83.80675769,5.971596073,186.9643413,rice,Red Soil
33.17724226,65.66694991,79.38270112,19.18037467,15.62530421,6.117123062,83.16786159,chickpea,Sandy Soil
80.31989426,88.03183138,47.97010887,26.83455505,78.8797153,6.208123339,107.0041726,banana,Black Soil
58.91784434,58.1710094,75.24694204,18.88128384,15.94258241,7.950417328,82.44613185,chickpea,Sandy Soil
94,26,27,26.36629861,52.25738495,7.456460375,177.3176161,coffee,Black Soil
32,56,21,27.38538997,88.66663953,6.702772465,58.29933073,mungbean,Loamy Soil
98.95639393,22.99833507,44.17602518,29.23027774,91.1594454,6.282504621,29.52285346,muskmelon,Allvial Soil
117.0445747,88.50392158,51.6803585,28.68053087,82.84171434,5.852174919,100.8203894,banana,Clay Soil
20.04854947,67.57329953,22.48193147,29.10953956,64.51769503,7.465494706,57.60374853,lentil,Clay Soil
110.6381814,32.03674893,32.77199972,25.17878699,69.94472351,6.393516975,171.2386933,coffee,Loamy Soil
16.3493863,52.90015182,16.35947568,27.54356604,86.05481827,6.350707659,45.20510106,mungbean,Red Soil
4.825767351,73.62743457,24.74118852,16.52932787,22.44522239,5.57519488,66.45071208,kidneybeans,Peaty Soil
18.5917932,30.18536304,28.27271801,29.02551325,90.46478454,5.942654801,207.8109595,coconut,Laterite Soil
21.02140551,44.93966007,19.0301303,27.13767742,86.91589011,7.123505994,50.16800727,mungbean,Loamy Soil
37.65534061,50.09991797,50.92848131,32.72765142,92.07275235,6.902609849,78.55559491,papaya,Loamy Soil
2.383478651,70.47849068,23.51139409,36.48025684,57.98661567,6.080160316,123.7905162,pigeonpeas,Black Soil
2.574151625,21.90821879,45.24429293,19.32588844,85.92942751,6.54707825,102.4628409,pomegranate,Laterite Soil
56.79770924,62.92471174,81.23071823,19.8129234,15.28803672,6.525844192,76.23404964,chickpea,Sandy Soil
10.75590869,11.66083476,44.14348948,22.4299966,87.48448982,6.398814716,108.9956663,pomegranate,Red Soil
0.755367428,66.0003857,20.30049423,27.65997841,59.76708123,6.603040682,48.85895578,lentil,Black Soil
2.513315704,6.225416913,6.757099031,22.92047743,91.51432581,6.684769167,115.1845449,orange,Peaty Soil
26.43571588,20.14260213,41.22340784,19.57043039,88.76268483,6.918983445,106.5997419,pomegranate,Peaty Soil
28.4685898,20.41992788,37.68103808,22.47018693,92.86417991,7.052718711,110.4056741,pomegranate,Peaty Soil
34.11574624,56.08106066,19.32650031,27.98774544,88.62221531,6.766390503,58.65776577,mungbean,Red Soil
26,18,42,19.72620525,89.64934166,6.910374919,108.2287276,pomegranate,Peaty Soil
38.83016492,28.41173797,42.35262114,24.4838135,89.84508895,7.121155546,110.8327499,pomegranate,Peaty Soil
7.149473986,134.8228475,202.2864888,41.65037238,83.04681416,5.626456817,74.42027793,grapes,Red Soil
22,49,22,28.23494706,61.5620517,3.71105919,72.66666443,mothbeans,Allvial Soil
9,51,19,27.04453473,49.32609633,5.49091063,48.25207759,mothbeans,Clay Soil
31.95421813,139.7534421,203.2790727,8.825674745,82.52030845,5.521764031,64.52476105,grapes,Laterite Soil
3.773112089,8.295444039,5.401035365,11.0047695,92.69656573,6.588582936,110.8777295,orange,Allvial Soil
53.37610563,72.10768964,13.93574256,29.15331823,66.04729676,7.520431777,74.61387625,blackgram,Loamy Soil
86,15,47,24.04355803,84.18406764,6.423898762,53.78929956,watermelon,Peaty Soil
91.43541142,20.66908621,25.4263086,26.527077,56.33854921,7.278279062,191.889919,coffee,Sandy Soil
89.94567141,47.88947147,45.64492951,24.1976013,71.28923313,6.510154037,154.9349427,jute,Peaty Soil
99.20947501,40.45238755,22.16410915,25.60482935,73.55162088,6.51534582,106.6853016,maize,Peaty Soil
49,55,53,38.4418717,93.63739039,6.544029776,77.71566883,papaya,Sandy Soil
40,68,17,34.1262979,65.14877461,7.733149554,70.40795007,blackgram,Sandy Soil
43.14011386,66.52519043,79.85136769,19.03167682,15.01207938,7.097184633,81.02500258,chickpea,Red Soil
28.72070974,139.3759631,204.0680478,23.40607488,94.01888176,6.183705265,112.9446612,apple,Peaty Soil
94.58863813,26.50118799,45.95574202,29.97455651,94.21014148,6.10042899,30.2566456,muskmelon,Sandy Soil
87.68750678,28.0084082,33.31727199,26.53451895,54.34053785,7.035640682,175.5031656,coffee,Peaty Soil
11,46,24,27.65280218,89.80650642,6.459252023,56.52558045,mungbean,Red Soil
7.936240336,25.51760906,23.94689419,25.42794018,91.12569577,5.692990397,214.0242649,coconut,Sandy Soil
99,15,27,27.41711238,56.63636248,6.086922359,127.92461,coffee,Sandy Soil
75.20964506,61.42462748,39.46755376,20.13309942,79.87100315,6.736666608,209.3470979,rice,Red Soil
4,67,25,23.78709569,24.35679348,5.948164454,119.6404412,kidneybeans,Allvial Soil
33.90041578,29.50983229,33.58695248,31.47620782,50.61540475,6.83890592,96.15798787,mango,Red Soil
36.15464968,61.37296727,21.69439339,17.94128411,18.01850347,5.597712902,101.4108131,kidneybeans,Black Soil
99.9063749,25.84135282,50.52675887,28.48229454,92.57139022,6.087357031,24.2417964,muskmelon,Black Soil
31,75,18,15.46789263,21.43780702,5.824208309,88.88796102,kidneybeans,Allvial Soil
18.14465806,77.68670553,21.04556902,20.46762244,22.5403516,5.914502289,141.1713754,kidneybeans,Loamy Soil
34.94608774,15.70240899,23.19762004,29.97862662,50.95863079,6.149194541,91.87631081,mango,Allvial Soil
61.10396785,58.69067704,36.26832454,26.08914293,78.76098642,6.102709795,171.481257,jute,Allvial Soil
19,7,10,14.78003032,91.22062116,6.118430299,100.1961762,orange,Loamy Soil
63.51504811,44.19414467,21.09074698,19.26096681,68.48831403,6.713152047,81.49158651,maize,Laterite Soil
34.41921502,121.8338724,205,35.25371598,82.19329975,5.530819221,68.52679719,grapes,Black Soil
11,6,25,28.69164799,96.65248672,6.081568052,178.9635457,coconut,Red Soil
27.8734026,68.21415362,23.43934575,17.82330933,24.20574756,5.91380239,67.58918191,kidneybeans,Black Soil
24,21,42,20.82210727,87.22815682,6.999014379,109.4429934,pomegranate,Clay Soil
0.617327843,19.60167778,34.3274729,27.13045048,93.86662667,6.231938857,200.4233487,coconut,Peaty Soil
38.78209268,44.79852815,20.89613473,29.43294823,56.75433533,6.913152642,38.92992115,mothbeans,Allvial Soil
21.85710542,63.15093211,15.31706844,34.74903974,53.83750348,4.816472192,179.5225146,pigeonpeas,Sandy Soil
27.75517878,130.2916118,203.3399198,23.04357132,89.69097733,6.059182965,108.0209951,apple,Allvial Soil
31.46904111,73.32555955,16.84985592,28.81641144,49.18907188,5.802324489,96.28080019,pigeonpeas,Sandy Soil
27,56,20,19.25975367,20.51346956,5.542690119,94.9533526,kidneybeans,Peaty Soil
8.178246638,55.20698689,21.2573445,28.31119477,80.67581059,7.055618349,39.69042694,mungbean,Allvial Soil
16.91576342,58.80189993,17.12957021,18.61837449,22.72427172,5.677851095,137.6400229,kidneybeans,Sandy Soil
4,134,200,28.57828803,80.95628959,5.840256272,73.34232097,grapes,Laterite Soil
24.03368168,44.42850486,21.22368996,31.53586468,52.05728064,8.990801236,77.38454766,mothbeans,Clay Soil
138.0469432,36.9209325,16.68246645,24.15318485,74.85207206,6.061462679,71.63906062,cotton,Black Soil
31.02163819,11.63685141,26.35693053,27.11386289,92.36148768,6.428081448,166.1433884,coconut,Loamy Soil
75.48417476,56.04533522,19.01770233,19.05710045,75.13605205,6.065328366,94.26283597,maize,Red Soil
9.674729256,26.54183018,37.73807769,18.73038978,87.76029523,6.782963409,104.476577,pomegranate,Laterite Soil
7,141,195,23.8812458,93.45067555,5.514253142,104.9116663,apple,Loamy Soil
12.46874372,57.26176796,26.37889005,28.283483,86.50936639,6.871923124,50.34490148,mungbean,Clay Soil
67.10462339,59.99710012,39.38220591,22.17154034,84.64139645,6.400686085,234.63736,rice,Loamy Soil
10.37281749,37.74592377,20.48498177,28.71380698,88.15282584,7.072040821,57.71602159,mungbean,Peaty Soil
107.94161,22.68410108,46.04571206,28.38176115,91.55654134,6.183627848,25.32723889,muskmelon,Peaty Soil
89,52,42,23.09433785,81.45139295,6.14132902,196.6587013,jute,Loamy Soil
106.7114583,44.13346525,26.06297927,23.15464574,84.09808302,7.238041234,71.95337712,cotton,Laterite Soil
21,80,20,28.20667264,68.27085245,7.350869792,64.32887142,blackgram,Sandy Soil
3.415440806,68.77015725,19.33318993,19.38611042,48.15344309,5.398749696,151.1863753,pigeonpeas,Red Soil
84.57404927,56.29093285,20.51932798,25.79349854,71.03740237,6.849363634,96.58171188,maize,Peaty Soil
43.52159635,74.96352035,20.98786142,30.1406327,62.58034176,7.567245029,68.36039471,blackgram,Red Soil
17,56,17,27.94293692,45.41393636,5.9565851,69.66289997,mothbeans,Clay Soil
64.19781619,34.97524404,21.00579449,22.68718065,61.9384145,5.673814592,61.54157354,maize,Loamy Soil
101.4000339,31.16126348,26.66435074,26.74689623,69.89445534,6.853333464,159.6117984,coffee,Loamy Soil
34.67258829,17.68248693,26.88544997,30.10536612,49.83230858,6.082712868,92.09071837,mango,Allvial Soil
59.07998563,59.32288973,23.0823894,31.86850663,66.60349761,7.191883767,76.46664952,blackgram,Loamy Soil
16.87915879,145,198.3400873,26.92416424,79.67642991,5.885474164,68.59430168,grapes,Clay Soil
22.39358627,16.76649149,26.87374447,28.96494227,91.12303734,5.974883639,188.910617,coconut,Loamy Soil
20,8,12,25.2990432,94.96419851,7.260416405,117.9733424,orange,Clay Soil
29.02112711,57.14348164,24.40015237,23.05927046,60.9223947,6.985746767,53.64619148,lentil,Peaty Soil
34,66,17,18.81097271,21.27833035,5.889614577,125.084915,kidneybeans,Loamy Soil
5.984052095,78.19896184,17.84566849,21.85748215,62.74557532,6.286611269,39.63177338,lentil,Black Soil
3.07587612,30.05820196,8.890451487,11.64544535,92.09507771,7.244009873,106.5408682,orange,Black Soil
92.84626515,6.106348928,46.26047952,26.63982771,81.59492077,6.960889595,53.18001758,watermelon,Black Soil
94.06137989,17.47693742,47.25561933,26.96491077,88.82091247,6.676267341,26.54130973,muskmelon,Red Soil
74,58,18,20.03728219,56.35606753,6.727303282,109.024141,maize,Red Soil
37,23,12,31.52675982,90.50621806,6.395258356,113.1169398,orange,Sandy Soil
89.19515118,52.35604439,42.86809634,25.75976069,83.81428163,6.159029173,232.0509678,rice,Clay Soil
39.73307301,64.75557586,50.95337909,35.28431692,91.38631337,6.69626455,160.7956615,papaya,Clay Soil
35.63422323,57.58918423,27.61860599,26.9888908,41.8015641,8.402808387,70.43356767,mothbeans,Peaty Soil
38,55,19,33.18184225,38.23184742,5.864623352,198.8298806,pigeonpeas,Peaty Soil
116.5116581,28.1094847,53.13877254,24.90755712,87.66139992,6.778950394,48.00889257,watermelon,Red Soil
51.19829655,50.75064788,52.15399398,38.57464691,91.7481388,7.003534512,210.523836,papaya,Allvial Soil
24.65304997,72.88361955,23.36866234,31.40483043,49.21954264,7.102377289,164.4712457,pigeonpeas,Black Soil
5.360797949,47.43582303,18.75882938,29.16628781,81.09362667,6.72671277,39.28269478,mungbean,Clay Soil
73.50989308,54.22305236,19.30677465,18.205526,62.64871665,6.222130632,84.20329564,maize,Peaty Soil
104.6827947,19.64306053,27.44598307,27.02243511,52.58574893,7.507512075,175.7885118,coffee,Loamy Soil
25.30124667,63.62938681,17.25836252,33.14902157,33.85778362,4.769841187,107.1691531,pigeonpeas,Red Soil
35.00613659,57.46681685,23.87012863,28.99426944,63.98618717,5.759871141,90.97232185,pigeonpeas,Black Soil
92,81,52,27.39341554,81.4654833,6.438137279,94.31102057,banana,Peaty Soil
38.86992413,60.85178256,22.13059625,34.93886334,63.33848322,6.962818209,63.8949177,blackgram,Laterite Soil
29.01231928,33.38924911,26.3098174,33.83253288,53.94952626,6.277479554,89.17130862,mango,Peaty Soil
97.55075571,58.6553887,42.48756811,26.21768232,85.39651614,6.3049384,273.2748538,rice,Clay Soil
76.07736635,59.03943756,38.69061284,20.08443145,79.86517449,6.755703316,212.0076097,rice,Red Soil
0,64.98129054,18.09932445,23.32333105,23.63604127,5.644724558,93.99333694,kidneybeans,Clay Soil
60.41261851,61.20238003,53.23569158,43.30561152,93.43273606,6.97317147,115.8337654,papaya,Allvial Soil
86.58518821,75.56552215,53.08764322,29.60619533,81.08905465,5.943209711,87.94397613,banana,Red Soil
34.69579231,50.93224752,15.97511564,28.97207062,49.1369603,3.514476817,41.01261103,mothbeans,Allvial Soil
10,79,20,24.98287462,66.895409,6.379881442,38.21370568,lentil,Peaty Soil
70.00956365,50.81882116,46.67041794,26.2907405,75.30959976,6.725242888,179.0032476,jute,Allvial Soil
99.31353772,40.32177815,30.87834373,24.22677848,69.76070999,7.043197133,163.3469712,coffee,Laterite Soil
77,36,37,26.88444878,81.46033732,6.136131869,194.5766559,rice,Laterite Soil
56.33182335,78.22480424,23.60947556,33.34184639,63.28139206,6.56298602,61.43643044,blackgram,Peaty Soil
119.0114468,44.19985216,14.90377366,22.18369606,82.7183455,7.079244446,60.473445,cotton,Sandy Soil
59.45957137,43.23872912,22.54720545,25.11473174,70.60049945,5.716953286,76.12952371,maize,Loamy Soil
42.49410657,79.26602801,85.77575072,17.14490288,14.93218863,6.085534841,77.61488321,chickpea,Peaty Soil
117.3242743,32.89332451,32.8827951,23.85614579,67.27628771,6.374430029,174.1835928,coffee,Loamy Soil
41.03358243,62.91816723,72.56129095,18.09733147,19.26436755,7.002885602,81.51291034,chickpea,Black Soil
96.08688735,35.16784005,24.15207362,24.97753092,52.93686515,6.281086114,167.5495042,coffee,Clay Soil
51,56,18,28.12787838,64.2097765,6.706505915,70.86340755,blackgram,Clay Soil
30.41494157,17.29234141,35.80035142,19.75318536,88.89637377,5.750736591,102.3694832,pomegranate,Allvial Soil
21,62,24,33.49077065,62.73317204,6.847382891,65.45328463,blackgram,Sandy Soil
93.19609749,5.565946178,55.4772997,28.49312171,91.87933542,6.091638833,27.97126954,muskmelon,Allvial Soil
27.25126641,31.66600714,31.63694369,29.24222594,89.96143935,5.740944466,150.4454709,coconut,Black Soil
32.64292175,59.77709573,20.57958961,17.70544832,18.52622012,5.64339418,101.1464606,kidneybeans,Black Soil
94.53957213,38.04284257,35.59059167,23.63492962,82.6427104,5.567207434,286.8938069,rice,Loamy Soil
58.86778556,67.45196997,79.40880519,17.01748405,17.20742216,8.10899608,74.69811339,chickpea,Red Soil
36.38786176,14.64471882,35.15346091,21.79391373,94.79685694,6.695601172,103.4289789,pomegranate,Allvial Soil
71.35560666,61.98960492,50.47740723,33.18413916,92.83869904,6.962839742,197.1680345,papaya,Clay Soil
37.22610553,56.27525818,22.44297498,33.30728359,37.58072657,5.839083557,196.7546356,pigeonpeas,Peaty Soil
88.29547731,34.66218677,39.35891636,27.36348941,58.89238577,6.751449626,119.3688998,coffee,Peaty Soil
39.78960853,73.49042248,21.20657161,34.07844044,67.73979938,6.511718201,74.28061635,blackgram,Peaty Soil
23.06753274,5,33.68841402,29.22078983,91.85340445,6.052261916,204.4380241,coconut,Clay Soil
16,71,24,18.33124824,38.40975482,4.946369874,139.6483317,pigeonpeas,Black Soil
27,72,23,19.92889503,21.79992115,5.961934481,64.02640797,kidneybeans,Black Soil
6.601024915,121.5755566,205,13.17063716,82.01699301,6.167112491,65.52517177,grapes,Black Soil
85,38,41,21.58711777,82.7883708,6.249050656,276.6552459,rice,Black Soil
82.39930692,28.19909861,31.2760517,23.1787898,53.68590057,7.147007125,168.5521432,coffee,Black Soil
109.0956149,50.8941998,21.80249576,24.69065769,76.9535394,6.017674992,82.86782629,cotton,Red Soil
21.88364503,5.587273574,40.34623136,25.20066253,90.30719342,7.074748919,106.4216977,pomegranate,Laterite Soil
114.6336075,20.32110416,59.00731624,25.39788798,88.32411889,6.496590299,58.67451604,watermelon,Peaty Soil
32.69562427,78.88476747,24.10610875,27.5215983,64.0471071,5.921542841,56.27016877,lentil,Loamy Soil
38.89807073,59.59854261,15.86822463,35.20402941,29.63196848,5.029306864,116.0650499,pigeonpeas,Peaty Soil
58.33293692,51.29168644,48.27468618,42.05561373,91.4081307,6.784023593,201.1711016,papaya,Laterite Soil
67.84990023,56.24772127,39.43371025,23.15971487,82.40606412,6.367129383,221.1210113,rice,Allvial Soil
81.70128215,41.27730323,46.08338181,25.65924055,80.61755135,6.419737144,173.43331,jute,Clay Soil
95,16,46,27.0767265,90.14362622,6.74669542,24.4514648,muskmelon,Red Soil
31.50722575,71.56274335,80.34506421,20.29689345,20.19953694,7.336324558,70.48865165,chickpea,Allvial Soil
0,34.47299802,25.58597404,34.39351423,51.4162382,5.140631681,97.85165496,mango,Black Soil
40.31448278,76.73835712,15.70948588,21.22977619,61.61763754,5.90604796,41.89127402,lentil,Laterite Soil
1.620493937,24.2299887,29.9618643,24.93588004,94.53683178,5.580960037,194.3619817,coconut,Clay Soil
23.08983241,79.89503882,17.6561889,29.84914367,68.92046369,6.824162258,66.38135539,blackgram,Sandy Soil
0,18.13231919,31.30824206,35.21287643,48.50678632,6.31175745,97.13758365,mango,Red Soil
90.90765838,80.55367051,52.17737748,28.32352399,76.91034538,5.872972493,103.7099287,banana,Black Soil
5.430410269,33.8134799,17.79767107,28.93801899,54.50590074,9.703815692,64.0234859,mothbeans,Red Soil
13.1382313,141.771303,204.6778034,31.34673906,81.95600038,5.941720344,66.38011105,grapes,Red Soil
22.12336118,48.99631911,22.75721169,28.33932412,61.07380348,3.704754244,72.21430811,mothbeans,Allvial Soil
103.65162,74.3686203,43.70400107,24.79722962,80.69348365,6.104535327,122.1665488,banana,Black Soil
84.20611141,55.31317692,21.42689834,21.5208256,59.31500385,6.797716233,108.4451575,maize,Allvial Soil
41.98222694,78.75645861,87.06572684,17.27657334,15.2057268,6.151695542,79.39557531,chickpea,Peaty Soil
61.24351858,40.70131991,36.43150287,24.6971677,78.65379424,6.831159441,194.6093231,jute,Laterite Soil
117.1093878,10.61551566,45.79493411,27.75800194,91.78826667,6.026055419,28.15394631,muskmelon,Black Soil
24.56127571,59.90403553,17.60354592,33.32007752,66.27561329,5.278301167,105.543347,pigeonpeas,Black Soil
96.74872898,26.76159449,23.59520585,24.69261207,52.36930122,7.217324125,197.7947617,coffee,Clay Soil
42.44201479,61.10871718,74.83383806,18.0293586,19.03173143,7.022322769,84.63574376,chickpea,Black Soil
18.42171808,12.76406326,6.030522357,12.86536128,91.90852034,6.210628526,118.1421532,orange,Peaty Soil
120.1607751,22.20523111,43.89934564,25.79645293,88.51234289,6.108222517,53.91603414,watermelon,Loamy Soil
101.1646378,53.07211222,37.63209384,21.25327395,80.93425867,5.571411467,197.1531092,rice,Clay Soil
36,80,21,33.64769646,48.41490082,7.066087261,100.4673278,pigeonpeas,Black Soil
86,36,24,26.54986394,72.89187265,5.787268394,73.33636055,maize,Red Soil
87.54579891,59.79451814,21.21873428,25.24699407,67.40649838,5.904291867,75.27160534,maize,Red Soil
37.26381199,71.02978324,17.99799794,26.30143304,67.54414935,7.331311097,47.39792182,lentil,Sandy Soil
83.21715128,35.04522977,26.91318241,26.86102613,56.17876302,6.077593504,141.3795937,coffee,Laterite Soil
51.10887671,69.18489702,15.7240159,33.7533548,66.00331687,7.528074959,68.74790398,blackgram,Peaty Soil
19.35230327,19.48871281,27.89108029,27.60128932,51.36546536,4.734113313,91.06516447,mango,Laterite Soil
35.81591983,28.51960846,32.31909909,28.43328881,94.60432657,6.111862571,185.2202349,coconut,Black Soil
82.24846154,12.61746969,52.13332871,27.02260513,94.84892433,6.446416958,23.93390674,muskmelon,Black Soil
59,55,79,20.36720401,16.89574311,8.766128654,82.2545577,chickpea,Allvial Soil
74,40,40,25.13842773,83.12053888,6.386259978,169.3388465,jute,Allvial Soil
1.797926428,130.8490876,199.3343357,22.47347233,92.05029605,6.015561389,124.4961354,apple,Clay Soil
56.86595861,63.41662497,53.85955228,26.94174566,93.41402921,6.608409649,61.24581769,papaya,Loamy Soil
3.517362335,69.32423063,15.95096587,18.24905072,33.96426604,4.941979,106.4344756,pigeonpeas,Allvial Soil
2,24,38,24.55981624,91.63536236,5.922935513,111.9684622,pomegranate,Sandy Soil
40.33923025,70.64613079,86.51674678,20.33558193,16.81941038,8.153973078,81.54444283,chickpea,Allvial Soil
27.92160302,62.93983742,16.61783548,19.90592681,24.8318944,5.52404411,135.2100589,kidneybeans,Loamy Soil
18.43678988,18.17038252,42.86527537,24.48750041,91.41319954,5.83459857,102.2288083,pomegranate,Clay Soil
27.6998526,14.26757774,6.539354805,13.33810376,91.54652615,7.318871744,111.4961573,orange,Clay Soil
3.071459673,73.37914723,15.82326984,26.5698305,61.23159371,7.864916849,49.72849451,lentil,Laterite Soil
21.24489596,28.59668398,26.32122793,27.73338582,44.86764802,4.934341594,93.02678932,mango,Black Soil
0,12.42276231,7.044039171,20.08562554,91.54497732,7.006403738,116.6549901,orange,Red Soil
11.74409678,58.67923764,24.41127791,21.7352388,63.22307506,6.798545849,49.69023668,lentil,Sandy Soil
7.039173663,20.60362131,11.36634124,16.43409579,95.12034393,6.442460542,106.9987555,orange,Laterite Soil
39.96386492,143.8884553,195.1609887,22.73676237,91.9467921,5.990988055,102.6835845,apple,Loamy Soil
45.93416462,73.53637066,75.59019946,18.16508769,19.84481102,6.950874349,81.93136701,chickpea,Laterite Soil
42.57203546,63.97805947,13.74643945,26.47277823,64.2115356,7.327789828,60.68027988,blackgram,Allvial Soil
92.75870544,35.00264922,35.52748879,22.01431048,81.0114786,6.370628905,203.0137115,rice,Peaty Soil
0.68042202,8.95040721,24.51430983,27.42897643,94.60423151,5.551114556,155.8337548,coconut,Laterite Soil
97.24005825,74.1447423,49.93637609,25.9017013,80.81076221,6.025417396,110.6825676,banana,Loamy Soil
5.199827889,134.1569195,199.0026395,20.47927786,82.04041854,5.811524873,72.94257718,grapes,Sandy Soil
30.23728193,19.3787782,28.37991322,32.19546614,53.8961708,6.188392115,91.85782239,mango,Laterite Soil
63,50,52,28.64555584,93.22642604,6.751747609,115.8163936,papaya,Sandy Soil
58.9852514,38.29064137,16.99143236,18.35742337,65.42051925,6.45509896,75.60249191,maize,Allvial Soil
19,122,202,23.34467359,90.37981478,5.811975094,112.8954016,apple,Loamy Soil
69.32945257,37.50721891,42.22439736,21.70248336,80.49461806,6.948969346,201.3967386,rice,Peaty Soil
100.4174224,10.74230745,47.97684319,27.91352258,92.6079835,6.479419957,27.46780659,muskmelon,Allvial Soil
33.75023495,67.18169671,49.89885234,31.69930637,91.49243802,6.934509449,49.93805184,papaya,Clay Soil
14.04964188,125.2191777,202.5870711,13.48893115,81.36438287,6.34102221,71.47306411,grapes,Laterite Soil
10.52790312,40.10620002,18.75539485,26.87872844,41.86463948,5.104939272,43.04679123,mothbeans,Loamy Soil
94,37,41,24.7634518,87.06071115,6.463538707,179.1630865,jute,Sandy Soil
52,70,16,33.66855394,66.60416867,7.534811833,67.32520551,blackgram,Peaty Soil
4.868661872,26.57707055,5.59485511,30.7880038,95.70037601,5.992062028,111.3130301,orange,Sandy Soil
43.70680576,65.26567221,15.43246198,26.34338298,65.3349014,7.297111562,61.44967675,blackgram,Allvial Soil
41.99889795,64.67895472,14.93210011,26.50505631,64.06295621,7.314090796,64.02805656,blackgram,Allvial Soil
22,144,196,21.91191314,91.68748063,6.499226821,117.0761277,apple,Sandy Soil
17.79437493,44.78905344,20.07809636,28.31150302,84.12853182,6.752936463,37.8360004,mungbean,Allvial Soil
51.44266187,54.71257711,54.89989353,33.30602798,90.91052872,6.704594727,233.4133285,papaya,Red Soil
81.39528369,55.7827976,36.11943383,23.2038716,72.1028738,7.09998494,175.6363881,jute,Loamy Soil
3.543852803,8.382394101,44.2011356,24.04632771,88.80996949,6.540892207,106.5970741,pomegranate,Peaty Soil
85.40336579,95.28302801,47.94077575,27.8060012,78.29069619,6.446021247,105.7841401,banana,Laterite Soil
80.6618121,22.90580665,44.70290604,26.33605715,85.49583446,6.505805593,55.73012706,watermelon,Sandy Soil
18.61544735,58.60861351,16.3651455,18.33840988,24.02967178,5.66916367,135.4302526,kidneybeans,Sandy Soil
39.02854101,28.9139841,28.06133664,26.58899268,94.73353818,6.165766523,200.7729626,coconut,Laterite Soil
3,78,18,20.21368219,68.65257685,6.887130053,50.89732989,lentil,Red Soil
118,18,52,28.04943594,90.83130708,6.562832807,20.76223014,muskmelon,Red Soil
101,11,51,25.50736962,84.24340241,6.792035575,44.2068997,watermelon,Laterite Soil
85,35,32,26.24928198,54.28617819,6.854011265,133.1120232,coffee,Sandy Soil
53.34085445,58.71932243,79.40985118,19.73807906,17.00709689,8.422420028,79.87163379,chickpea,Laterite Soil
0,20.82780067,15.58798954,22.69820959,93.5908716,7.609628021,110.422026,orange,Allvial Soil
10,5,5,21.21306973,91.35349216,7.817846496,112.9834361,orange,Laterite Soil
108.5942471,5.66311925,53.87046958,26.54674688,85.06930815,6.564671357,51.41541361,watermelon,Clay Soil
62.51761598,68.08214566,48.6877835,35.38581369,90.9545042,6.829845681,245.2185346,papaya,Sandy Soil
0,49,18,29.68361658,87.93598094,6.990095452,41.82490236,mungbean,Black Soil
35.00363907,139.8131968,197.5514492,16.7477094,81.00001575,6.115590277,67.748383,grapes,Laterite Soil
22,60,24,18.78226261,20.24768314,5.630664753,104.2570723,kidneybeans,Peaty Soil
82.04389471,17.66847936,50.84393553,26.47853783,81.13800018,6.52773519,47.88031148,watermelon,Allvial Soil
106.6511309,44.74523735,20.59162773,23.38267595,78.89284037,6.20588599,84.27696547,cotton,Clay Soil
14,74,15,27.99990346,65.57653373,6.493036868,49.94043064,lentil,Clay Soil
59.79095703,44.1766397,43.32242041,21.05022402,82.86386844,7.395295487,298.5601175,rice,Laterite Soil
109.7600079,20.30580212,49.29115196,29.07228341,92.8715054,6.271339302,24.06858154,muskmelon,Clay Soil
0,17,30,35.47478322,47.97230503,6.279133738,97.79072474,mango,Red Soil
18.65634493,59.31925957,16.30828965,18.47181629,23.36563609,5.691269787,132.6647138,kidneybeans,Sandy Soil
16.06806604,51.02603718,15.66045928,28.27060297,86.20105535,6.337633477,46.1031959,mungbean,Red Soil
94.55777716,10.11520436,50.03465987,25.73439347,84.5528127,6.66321813,41.8726988,watermelon,Red Soil
19.37501179,71.40831038,18.86864664,32.48592454,64.08919597,7.421311216,63.46043647,blackgram,Clay Soil
98,27,27,24.71384065,51.29142534,7.238109556,197.6439711,coffee,Clay Soil
136.6538614,42.46058993,15.44804864,23.28906071,81.27256606,6.724227865,88.69844552,cotton,Sandy Soil
13,73,20,30.50420876,35.48885969,5.391560418,162.5927723,pigeonpeas,Black Soil
96.12486631,39.5883908,30.8013595,27.33061133,56.13799848,7.127023633,151.2664172,coffee,Clay Soil
90.77596352,80.14491886,51.71345672,27.17222388,82.97302291,6.42251722,96.21074584,banana,Peaty Soil
140,40,17,22.72767171,77.07598065,6.006085786,77.55176318,cotton,Laterite Soil
20.50492808,5.335760827,42.18801446,24.79144433,89.43139525,7.06460031,108.5046501,pomegranate,Laterite Soil
33,37,19,27.92678579,86.5543196,7.183189922,43.4826194,mungbean,Allvial Soil
101.1521821,56.66922725,38.50577102,26.26549021,83.16506436,7.442482061,175.278367,jute,Allvial Soil
1.719167141,66.82658072,22.02028727,27.54806264,61.26187866,6.590507467,50.65135674,lentil,Black Soil
39.37099272,139.0976259,204.1346531,21.37934036,81.99995388,6.396528197,76.40771124,grapes,Allvial Soil
18.98219348,7.006314148,11.34022215,27.12631026,92.08465139,6.983486298,103.8280132,orange,Allvial Soil
11.81004196,6.515188097,25.31302918,28.84147138,98.08473973,6.050682319,178.2007509,coconut,Red Soil
107,36,21,25.29250148,75.66653335,6.205263534,62.64174227,cotton,Allvial Soil
21.97433495,17.00243617,26.85753835,28.98081533,47.18339718,4.821922288,100.123633,mango,Loamy Soil
33.5464477,47.43716636,15.4905284,27.2527951,85.74949083,6.974307621,52.41870429,mungbean,Peaty Soil
33.55791984,55.77428845,18.60281235,19.97368453,66.54770312,7.130365025,47.54883419,lentil,Clay Soil
31.17173138,56.03607182,17.01422996,20.04975224,65.09594331,7.146981427,48.38431406,lentil,Clay Soil
27.61135869,75.28848979,77.28664515,19.43464038,17.04357872,7.050371805,85.83732708,chickpea,Allvial Soil
106.2071736,31.39874773,29.90770648,23.37190671,53.66980059,6.747056914,151.8723223,coffee,Sandy Soil
99.93824831,56.77425865,17.78955948,24.17807806,73.49511933,6.242375528,71.44958037,maize,Sandy Soil
3.571740126,12.298823,5,15.3457036,93.87439286,7.573020267,101.3369606,orange,Sandy Soil
1.37513812,19.60342359,33.01039688,25.68593072,95.31818667,6.284760157,178.6340772,coconut,Laterite Soil
84.18485652,32.4142672,21.55997775,26.14017399,53.67454821,6.913456898,190.6447728,coffee,Peaty Soil
2,30,30,26.00175125,94.79998418,6.331051715,209.540094,coconut,Sandy Soil
48.74399564,61.17859424,15.83837551,25.21875814,66.44338311,7.545745859,67.15685186,blackgram,Peaty Soil
17.12637201,5,28.80420615,29.41298216,91.98687789,5.836410602,136.3687958,coconut,Laterite Soil
17.61050805,25.90409166,33.1038823,32.64998314,47.44197756,5.416431962,88.98000067,mango,Peaty Soil
90.6949462,27.45314622,33.53023956,26.57045344,54.04512313,6.988074094,175.8164548,coffee,Peaty Soil
34.93489704,67.2562092,47.71061522,42.99157247,89.36100166,6.60789118,235.1178812,papaya,Clay Soil
2.225063309,31.6061363,27.99265546,26.10342457,97.68999662,6.335326849,207.5349912,coconut,Sandy Soil
49.51598351,74.46963742,17.49598436,27.19519289,63.15227212,6.524859624,75.41180981,blackgram,Loamy Soil
24,61,17,22.6371424,65.44544859,6.233269045,38.30411077,lentil,Loamy Soil
21,38,20,27.10508014,63.56791363,5.794289715,62.20279647,mothbeans,Laterite Soil
117.2210037,6.083495568,57.26154155,25.14319457,82.46418713,6.626263521,58.05530525,watermelon,Peaty Soil
29.22743553,78.43538551,23.81832382,19.86501361,59.37560233,5.984840126,196.2938743,pigeonpeas,Clay Soil
19.96119392,27.59082571,41.886741,22.17353639,91.92864022,7.183696191,102.993818,pomegranate,Sandy Soil
28.9041527,69.71826647,13.93965374,29.83782767,66.48381647,6.542441708,37.60805749,lentil,Peaty Soil
41.70714247,64.80324409,16.34653715,30.27225453,66.88273198,6.7402149,62.57454093,blackgram,Red Soil
118.0872751,30.51212445,32.04214272,27.35848237,62.71503086,6.109301339,181.766524,coffee,Peaty Soil
114.3172348,5.730410601,54.28635898,25.53858977,81.11021138,6.6686264,59.22494234,watermelon,Peaty Soil
1.437895967,62.58052179,24.7714598,28.80587122,60.99931116,7.828438676,53.44355309,lentil,Loamy Soil
12.44830715,19.6283809,16.37605484,17.58783274,94.52924006,6.720245714,107.4820852,orange,Sandy Soil
4.728742866,6.964471481,11.43098877,27.5451449,94.60774432,7.207131943,112.271861,orange,Allvial Soil
1.005641004,77.27355101,17.19927187,19.99116885,68.18616087,6.871341495,48.93496845,lentil,Red Soil
12.53325251,73.99402079,25.94385844,24.44066751,57.68789142,6.416346416,120.5338927,pigeonpeas,Peaty Soil
119.4072387,24.12162234,49.87184483,26.29011737,79.35221082,6.262289284,56.13463987,watermelon,Sandy Soil
60.15679568,62.08128644,19.27233824,31.67275972,60.95127297,6.539869284,63.93728682,blackgram,Allvial Soil
34.02231263,78.6062936,19.29765907,28.70496235,65.87772071,6.578382022,68.81030743,blackgram,Peaty Soil
39.33815719,145,200.760133,36.67496543,80.56863223,5.763008229,73.20329248,grapes,Sandy Soil
5.646068551,30.73046679,36.0575846,31.99733941,52.73005997,5.854149219,91.59125746,mango,Peaty Soil
30.08741125,144.3915089,198.8795848,23.90751568,89.82053179,5.789051487,101.1936284,apple,Red Soil
83,95,50,26.51682337,77.79913575,5.50947065,108.8547508,banana,Black Soil
24.15419992,28.9717853,10.92293175,32.39003862,94.12905297,6.619247485,113.6673155,orange,Red Soil
131,60,17,25.32023717,81.79475917,7.425041316,83.46532547,cotton,Black Soil
21.83817579,123.7431287,205,32.31119222,83.52509902,5.888826714,69.35673301,grapes,Clay Soil
25.55673828,69.00546862,17.93058438,29.53105905,63.67010348,7.129357142,65.46838287,blackgram,Black Soil
21.33126928,30.76616518,24.54601455,27.75408987,52.10946447,4.731400929,94.13069408,mango,Sandy Soil
84.71405613,26.82866179,28.91762171,23.32728404,53.0960142,7.171568695,168.8869331,coffee,Black Soil
49,55,78,18.65580107,16.17772668,7.863113671,81.70769297,chickpea,Loamy Soil
33.41653315,120.3060098,204.7477169,22.39709722,94.89538973,5.602767349,115.9802195,apple,Laterite Soil
0,27.46383407,34.65946379,28.19743667,97.95308414,5.895834949,173.3070299,coconut,Allvial Soil
12,34,28,33.36140093,45.02236377,6.13526938,98.81596545,mango,Loamy Soil
56.66413421,75.37176501,16.19785228,30.33770389,59.91873295,7.127864962,67.44938202,blackgram,Clay Soil
3.655910633,35.3712341,19.15939759,28.66057327,54.36275779,9.714321131,66.34284007,mothbeans,Red Soil
71.49967127,51.50778104,39.04014265,23.09989918,74.51835403,7.380102073,199.0916334,jute,Allvial Soil
30.23476427,77.96183315,15.88942544,24.69931917,61.86414369,6.02737309,52.40302038,lentil,Laterite Soil
29.97922297,64.4376096,24.33198722,32.78497289,65.08733585,7.715590238,70.14170056,blackgram,Laterite Soil
37.46407371,71.6532372,16.83280867,18.86535944,23.99196222,5.723436651,105.8302897,kidneybeans,Red Soil
26.59758293,57.33799077,22.62252613,28.61735852,56.74939817,8.664157053,64.28429955,mothbeans,Black Soil
29,63,17,30.02629908,67.88811637,7.26154329,66.47264636,blackgram,Black Soil
129,43,16,25.5503704,77.85055621,6.73210948,78.58488484,cotton,Allvial Soil
28.40200655,12.04075945,5,23.14914852,91.95213455,7.612940004,105.7687979,orange,Clay Soil
17.15878533,61.53284917,15.03147355,18.40817866,21.45507378,5.646024014,132.915868,kidneybeans,Sandy Soil
25.09118842,139.8645918,204.3639742,11.83996419,83.75136198,5.929129839,66.51473916,grapes,Allvial Soil
61.71254554,43.91218089,39.13086083,24.01291667,83.66575604,5.570935568,257.0605805,rice,Peaty Soil
25.80926275,11.06793892,11.89845756,13.77235456,91.46056117,7.596196697,103.7203061,orange,Peaty Soil
25.22940939,75.5024764,14.15853826,31.64636717,69.16686031,7.225104972,63.88815566,blackgram,Peaty Soil
56.45237282,60.07944967,82.97051872,19.27903287,17.04126904,6.572619578,76.55888709,chickpea,Black Soil
20.10986502,52.77561278,15.38142375,27.85647458,60.97355497,8.608430086,71.75261027,mothbeans,Sandy Soil
72.57721258,41.30615281,36.55824691,23.84440147,80.15548859,6.201036674,176.3024507,jute,Loamy Soil
133.411546,48.39883279,22.89813624,24.40656785,79.21303051,7.208943003,92.34779718,cotton,Sandy Soil
20.48701308,124.5565812,201.1222095,22.34858188,95.33420456,6.044934895,118.9509096,apple,Black Soil
122.3049349,14.93130422,49.82219133,28.12651268,92.38781495,6.587739163,22.24036262,muskmelon,Sandy Soil
12.61081385,6.258258855,43.11785023,17.75497657,90.76966817,7.003550982,108.109145,pomegranate,Allvial Soil
76.5985749,38.24561697,22.08282188,24.19063424,55.63521948,6.987804174,65.280138,maize,Laterite Soil
101.7052032,7.43983083,54.88064931,24.42723868,84.03269794,6.243075216,41.27693202,watermelon,Peaty Soil
68.71335551,60.61292946,26.03687729,24.95689287,66.90962358,5.734886904,108.9150887,maize,Loamy Soil
69.40181909,55.6163318,35.36860032,24.46623332,80.09055653,6.176035717,193.1344297,jute,Laterite Soil
69.64157857,64.32075732,51.17487199,30.30360352,93.53407058,6.542810828,76.18108391,papaya,Red Soil
34.95851996,16.95800442,28.17942075,32.08133517,49.70419016,5.30123012,94.33527727,mango,Allvial Soil
81.8363687,78.66706105,55.43334058,25.0713954,82.81856611,5.555489763,97.58656103,banana,Peaty Soil
85.57690787,9.192852935,50.5348308,26.72204976,86.45772711,6.366030231,55.14014987,watermelon,Red Soil
41.34742597,126.0380077,203.1962685,11.25540802,80.89594504,6.157911968,72.09016468,grapes,Black Soil
60.01965956,36.28301479,38.87683027,26.43376972,83.45895237,6.037799888,161.2201001,jute,Allvial Soil
98.03079856,55.95415917,39.18920461,24.79036503,82.38753645,6.32905331,153.8543091,jute,Peaty Soil
106.3901131,17.67336696,35.52371138,23.53962477,68.34224695,6.769787461,173.2030849,coffee,Clay Soil
25.44698187,75.58908384,19.0755283,31.74690826,68.99023439,7.271261918,61.06599521,blackgram,Peaty Soil
38,24,33,28.28905147,97.00396405,5.973853124,142.9403233,coconut,Clay Soil
41.15199287,68.95114797,81.17735427,19.76266129,15.99851368,6.683494622,68.69987999,chickpea,Red Soil
18,36,23,24.01825377,53.76623369,7.214078621,35.03404425,mothbeans,Allvial Soil
5.053087243,46.21772524,17.04189279,29.63434989,80.5497189,6.71879087,41.23688558,mungbean,Clay Soil
2.337546634,135.5950478,203.6425838,29.68806441,81.94738739,5.889459727,66.67087175,grapes,Red Soil
22,55,24,28.56800579,57.30636014,8.66077954,64.53027638,mothbeans,Black Soil
27.55182334,122.7330112,198.4721303,23.46422079,92.15038571,5.635572726,113.4804636,apple,Black Soil
129.0974996,34.6752848,16.87711971,24.58460347,82.05377783,7.099745755,65.8675301,cotton,Red Soil
25.93002708,67.84611742,23.31868818,28.02624807,63.93851199,7.523926343,38.44837593,lentil,Clay Soil
57,68,81,17.17012591,17.30457712,8.081095263,72.78624223,chickpea,Red Soil
72.48339136,36.74950387,37.98827813,24.82503531,81.28684053,5.013858983,183.7166512,rice,Loamy Soil
39.15626596,127.0649284,205,15.05784731,81.43240259,6.472741904,71.54961444,grapes,Black Soil
3.408989388,58.70273179,21.91329285,29.03251001,48.26300239,8.936524952,42.70232452,mothbeans,Red Soil
100.4483268,54.46537067,37.33262989,21.59943385,80.61795092,6.490189116,279.1339022,rice,Red Soil
91.03453746,91.06866635,44.8660366,28.06933964,82.23541424,6.097056493,116.1372233,banana,Laterite Soil
30,75,25,30.33276599,42.35249879,6.446091759,149.299952,pigeonpeas,Loamy Soil
110,22,47,29.03157242,91.82172592,6.243673725,24.93861254,muskmelon,Clay Soil
51,72,75,18.88852533,14.99451145,7.104224797,80.1113384,chickpea,Loamy Soil
58.13624037,54.87548115,79.93825317,17.45874243,17.33274226,8.864473464,66.95066449,chickpea,Peaty Soil
19.86035083,20.07693962,34.78058815,30.15406057,52.50009744,5.075351149,96.32965589,mango,Clay Soil
37.87810135,80.01752437,19.81056687,33.60865132,47.79957087,7.094581143,100.0052299,pigeonpeas,Black Soil
34,11,10,31.75048899,94.59551226,7.36220835,115.1989301,orange,Allvial Soil
19.44317742,123.4951225,197.2758124,34.65681853,80.61401166,6.168414346,67.14839751,grapes,Sandy Soil
47,46,52,23.19451074,91.40301608,6.502289473,206.3999208,papaya,Loamy Soil
25.89075971,26.74501335,11.59603275,28.0585988,93.03752475,6.126086866,112.8240006,orange,Loamy Soil
93.27402167,39.85889287,28.51012298,27.45895777,57.05214276,7.102405944,143.3197461,coffee,Clay Soil
39.38183573,120.8362964,198.0165718,26.1017946,81.11351597,6.293999185,67.18145198,grapes,Clay Soil
17.32133627,27.66636801,28.58307188,26.39960724,91.41256537,5.544845401,167.5550144,coconut,Loamy Soil
0.376285105,73.79250524,22.6674852,23.74414923,60.50465008,6.6022864,53.99326044,lentil,Red Soil
32.02630575,9.791293244,6.26895136,34.58908319,93.28119904,7.180453594,103.8875304,orange,Black Soil
8.446737211,140.8662924,194.0078171,23.7713574,93.34593674,5.518700953,104.3265683,apple,Loamy Soil
110.2553104,6.931886392,53.07555291,26.35482763,87.86419745,6.301297941,47.3083877,watermelon,Clay Soil
8,72,17,20.57341244,19.7520218,5.711439256,87.87869161,kidneybeans,Sandy Soil
25.6445084,50.85298033,20.17433703,30.04748025,48.59068014,4.971839859,48.55754699,mothbeans,Red Soil
37,6,13,26.03097313,91.50819306,7.511755068,101.2847738,orange,Allvial Soil
47.56401051,46.63938165,52.50239862,23.37165461,91.25737607,6.507431087,204.2789868,papaya,Loamy Soil
10.1486477,59.06690408,24.88210435,30.15623042,59.97477585,7.703612345,37.86930345,mothbeans,Sandy Soil
4.174752706,56.01465268,22.47507054,25.02590948,44.56876525,5.0455471,187.8096637,pigeonpeas,Laterite Soil
0.253824577,18.75960755,31.92777216,25.30653345,93.33163765,6.25564788,181.4370171,coconut,Laterite Soil
25.80290626,71.4301471,24.27627157,31.58936647,48.94878367,7.076014381,168.4869928,pigeonpeas,Black Soil
59.82585834,37.62898337,19.5239624,18.28604678,62.31237075,5.970952316,66.82802599,maize,Black Soil
7.740091881,77.64294648,15.93171271,19.99731184,24.01653245,5.782639681,105.7479772,kidneybeans,Loamy Soil
65.27720968,38.78465124,47.68154777,23.84120048,70.02783973,6.784956116,181.415211,jute,Clay Soil
34,140,198,21.70416965,93.44006288,5.751707342,115.1781396,apple,Red Soil
83.39487782,15.59864194,50.26451926,28.94423124,90.652202,6.426823737,23.9590964,muskmelon,Red Soil
29.0794529,121.9153611,198.216092,19.69934513,83.36243178,5.830988833,70.26401248,grapes,Clay Soil
55.6096953,72.34967008,16.98229459,27.65999067,66.3426816,6.939514489,72.41540611,blackgram,Black Soil
95,75,50,28.08166093,75.26429821,5.623615687,118.2761894,banana,Sandy Soil
1.835801599,25.79064651,41.45634717,24.57138576,91.30227951,6.613430271,112.828389,pomegranate,Laterite Soil
28.07843686,79.02623319,22.56754441,28.40317719,62.08032856,7.806880316,49.45402185,lentil,Loamy Soil
63,58,50,43.03714283,94.6428898,6.720744449,41.5856585,papaya,Laterite Soil
28.29498673,11.5056989,5,22.96934775,92.34855763,7.688152598,105.639681,orange,Clay Soil
120.9745875,35.16364989,21.63593985,23.69798804,81.87744209,7.347594237,99.81807206,cotton,Black Soil
28.78029024,75.58994805,13.64573672,28.56568374,63.96036203,7.001919219,69.90833129,blackgram,Laterite Soil
8.063073794,35.42802206,20.85933854,27.53552546,80.50350861,6.927342226,39.96518348,mungbean,Loamy Soil
55.27905716,72.88492167,78.41310619,19.5472873,17.23145562,7.318149643,73.01812988,chickpea,Red Soil
74,43,23,25.95263264,61.89082199,6.325235159,99.57981207,maize,Sandy Soil
37,78,79,19.95264829,14.82633099,7.786366322,88.6810311,chickpea,Loamy Soil
47.85074122,75.95971993,16.32416078,26.86157623,68.1051079,7.430196078,61.21221151,blackgram,Loamy Soil
40.29333721,47.00204301,43.12735936,42.98892621,90.40766953,6.480438872,244.9957534,papaya,Laterite Soil
37,74,15,24.92360104,18.22590825,5.582178402,62.7089169,kidneybeans,Red Soil
40.58939575,45.94860216,19.19508689,30.1651685,55.73280655,5.217627181,32.53484569,mothbeans,Loamy Soil
33.54159703,65.45312158,79.0822253,18.24459682,14.25803981,7.47220551,83.64801864,chickpea,Loamy Soil
62.72950304,42.56610341,15.69224051,18.61473351,53.18232303,6.64027078,89.20018187,maize,Red Soil
108.3361924,36.82044777,24.65205925,23.56160573,76.79123834,7.447392166,80.82038703,cotton,Red Soil
49.96692696,63.01444805,19.95746669,29.48623778,69.20754173,6.903535213,67.81280919,blackgram,Black Soil
36.92083614,144.4904478,194.3519431,11.12777279,80.37047534,6.472724839,65.39684212,grapes,Black Soil
26.82931384,126.2931614,198.6448471,22.6571123,92.50271521,5.680932805,121.4218683,apple,Allvial Soil
54.20325553,59.7282726,79.42212277,19.53765924,17.93754375,8.3867977,75.75779251,chickpea,Laterite Soil
8.198377407,127.7996994,198.6655264,26.34948269,82.31141091,5.815806649,68.2834915,grapes,Loamy Soil
57,58,77,18.72649425,17.58406365,7.978996755,81.20176515,chickpea,Sandy Soil
105.3455672,45.30290722,16.7221762,24.22078773,84.70200229,6.921147073,64.71891814,cotton,Sandy Soil
38.37899568,56.46265274,83.92287199,18.09917631,14.89776555,5.973036011,66.43584371,chickpea,Clay Soil
4.081576153,69.4204564,21.63717236,19.24514675,47.2595064,5.358917228,147.8750334,pigeonpeas,Red Soil
98.83791475,6.587455564,43.61336872,28.80126495,94.14263557,6.391068409,29.7143487,muskmelon,Loamy Soil
27.78245104,22.84525164,29.96302435,30.00937917,50.76426155,5.655851459,95.3559304,mango,Loamy Soil
78.41995986,52.33671264,17.55830601,26.08018179,71.72755255,6.234041885,79.53872017,maize,Black Soil
72.40396571,34.51093419,39.91984512,24.88001752,81.18694833,5.009532618,186.0946627,rice,Loamy Soil
29.82192951,66.79171133,16.34481046,34.99596577,65.49576745,7.212443941,71.08774257,blackgram,Black Soil
26.17697928,64.25742388,14.74376293,19.86875731,25.29371511,5.470825938,139.8328374,kidneybeans,Loamy Soil
26.49387457,27.73684001,11.13261984,27.99576793,93.81054668,6.074382658,111.5580155,orange,Loamy Soil
83,38,35,25.70822684,52.88667115,7.18915558,136.7325092,coffee,Laterite Soil
29,36,25,28.28511547,88.4393979,7.130278657,48.56690235,mungbean,Black Soil
8.321108257,15.71436203,27.18539637,34.91629473,48.52282466,6.418540861,93.86502058,mango,Red Soil
23.04936868,63.31550754,20.09194496,25.1477124,68.69754127,6.825274845,72.40650899,blackgram,Allvial Soil
90.57150433,27.25281014,26.26906097,24.56285397,67.19043866,7.464925141,179.4748873,coffee,Loamy Soil
74.32623425,43.06395427,20.50339166,26.08950333,61.96707086,6.331460087,97.33987749,maize,Sandy Soil
15.20645579,135.4969576,194.8755097,23.73980591,89.97362493,5.874866652,102.7261461,apple,Sandy Soil
93.43143381,53.22482151,39.6807038,20.53042578,83.43792113,5.725329082,241.3440338,rice,Peaty Soil
0,67.44769639,20.25706259,27.4588944,61.33130064,6.532879858,47.86228633,lentil,Black Soil
14.89430827,138.9115905,197.1444181,21.55777315,92.91073699,6.067995673,123.1589371,apple,Clay Soil
13.45997965,53.60381873,15.82127503,29.84245947,56.76104251,8.384562843,42.80569278,mothbeans,Clay Soil
15.00610584,75.0999802,18.9586785,18.71328807,23.8390719,5.651486721,89.41986557,kidneybeans,Allvial Soil
92.54023126,20.10742219,54.2531075,25.14333142,88.27428687,6.632204846,62.07362155,watermelon,Allvial Soil
30.40852774,57.41760487,22.98939973,27.26497511,89.80891109,6.685717068,55.67858373,mungbean,Loamy Soil
5.815723882,38.69021012,17.0497959,28.27085576,79.82967729,6.774791961,39.79299761,mungbean,Allvial Soil
98.05290156,47.94686524,15.63803985,25.70097519,67.15610013,5.555177318,71.47290814,maize,Sandy Soil
44,60,55,34.2804607,90.55561637,6.825371185,98.54047745,papaya,Peaty Soil
89.29678417,58.78011064,36.1953646,23.99120833,90.32500109,7.059243324,174.3968257,jute,Allvial Soil
27.17362603,71.39480406,17.44482928,22.0128472,63.12010339,6.428734141,51.85554771,lentil,Loamy Soil
11.69168405,79.4306134,20.3717938,24.93561707,66.99066057,6.404791895,37.53448011,lentil,Peaty Soil
94.97811777,75.0742083,50.47949236,26.06473711,80.77557344,5.980150745,111.6456569,banana,Loamy Soil
94.10217522,82.89156498,47.33589758,29.26810417,83.41918454,5.805565739,110.0248211,banana,Peaty Soil
47.06914586,61.7023041,15.41352723,25.45672517,66.06045711,7.535462574,64.77703014,blackgram,Peaty Soil
24.63827976,60.64881068,20.63863334,21.8978398,20.90337224,5.887162834,135.2206793,kidneybeans,Allvial Soil
10,18,35,27.79797651,99.64573002,6.381975465,181.6942283,coconut,Sandy Soil
30,64,20,33.8642935,61.57072498,6.573531614,68.02199825,blackgram,Red Soil
41.38469821,60.15069807,51.63611412,39.8924001,94.88563283,6.963490046,145.1776682,papaya,Red Soil
6.683547956,28.13487327,45.67684223,20.72148581,92.7698586,5.597426704,107.2417545,pomegranate,Loamy Soil
87.85035961,17.81134463,53.50717904,30.08207041,90.12797757,6.627666393,26.63704763,muskmelon,Red Soil
79,42,37,24.87300744,82.84022551,6.587918708,295.6094492,rice,Black Soil
90.38479853,25.62571891,50.27321195,26.96487311,91.91463749,6.386358398,28.05030955,muskmelon,Laterite Soil
58.55161351,61.24612937,46.56550125,43.42633218,93.28788411,6.9576366,114.3617648,papaya,Allvial Soil
116.8137239,51.31864682,14.18676461,23.13413722,77.41406636,6.068551235,101.8519718,cotton,Loamy Soil
12,37,30,31.09779147,47.41196659,4.546466109,90.28624348,mango,Loamy Soil
36,128,204,25.23542319,80.68700527,5.695792761,67.03840888,grapes,Allvial Soil
35.56985507,56.54665808,20.97397624,30.86935583,51.86165589,8.634844435,55.68670074,mothbeans,Red Soil
77.08200417,49.08585681,21.41454345,23.07408706,63.01851295,5.586793226,71.69322118,maize,Black Soil
35.65543147,74.63409846,23.29522035,26.80920886,62.55156344,6.87568608,43.24436263,lentil,Peaty Soil
37.60128354,71.34015361,18.06809275,27.89439948,50.10514769,5.882372925,186.5969435,pigeonpeas,Clay Soil
38.13405194,62.01103821,49.30502368,31.37764675,95.04161616,6.645022667,46.85350384,papaya,Sandy Soil
107,5,52,26.6634609,89.98405233,6.881425746,57.40847165,watermelon,Peaty Soil
8.08063236,13.62090071,32.97302662,24.80783765,95.57649273,6.206661392,172.8836384,coconut,Peaty Soil
26.56767158,64.58596295,21.09321883,32.90611703,69.25516353,7.534806141,75.1277272,blackgram,Sandy Soil
86.8960166,43.36692543,43.5074145,24.03250627,87.59369288,6.761762455,178.0726351,jute,Peaty Soil
106.9493176,72.25704915,43.45702328,27.93975451,81.63908747,5.826756022,91.13964209,banana,Clay Soil
2,40,27,29.73770045,47.54885174,5.954626604,90.09586854,mango,Sandy Soil
17.49664395,36.10202514,32.02178428,32.18971458,50.81832368,5.25194621,98.21487296,mango,Black Soil
74.18662636,59.44160429,26.23919844,18.42981326,69.00925502,5.778734322,89.06742827,maize,Allvial Soil
11,10,45,22.63045168,88.45577158,6.397995609,109.0357597,pomegranate,Red Soil
24.2031277,75.02380694,25.33710909,31.25390555,47.16210506,7.087661071,93.55333786,pigeonpeas,Loamy Soil
35,41,18,28.70562673,81.59200689,6.705008504,59.87065439,mungbean,Laterite Soil
39,138,203,21.19339319,82.33098331,6.399433771,74.62834921,grapes,Allvial Soil
19.64155291,124.3264158,201.6263651,34.9382381,81.19161036,6.162608177,66.92042558,grapes,Sandy Soil
5,68,20,19.04380471,33.10695144,6.12166671,155.3705624,pigeonpeas,Clay Soil
12.95380566,47.13633974,18.78316024,29.20436453,85.1742758,6.973385643,54.69752594,mungbean,Red Soil
33.8446329,17.04630795,25.98661831,30.20135329,51.66720717,6.096994847,90.70778666,mango,Allvial Soil
119.4543433,89.70003694,46.10593813,28.65997721,79.68331289,5.941260565,116.9636044,banana,Allvial Soil
87.42317294,27.19787588,46.30887064,26.15993341,88.00755496,6.343877835,59.70310492,watermelon,Clay Soil
23.6917036,33.02743965,37.09495593,29.18881654,54.64878832,5.34447609,101.7687854,mango,Red Soil
57.54181567,62.30117376,79.62784224,19.91133247,14.25803981,6.521366641,78.69435662,chickpea,Sandy Soil
54.68847387,60.36025555,78.66542625,19.36781055,17.57308944,8.353252901,76.26633971,chickpea,Laterite Soil
1.802371061,6.809795882,34.66742779,26.81914005,96.12899984,6.257269586,145.6647804,coconut,Peaty Soil
119.8026389,88.30577504,50.48370966,27.95443701,76.60788068,5.894759803,119.9327583,banana,Loamy Soil
2.594953269,47.58892681,17.4027003,29.99859728,86.6160552,6.42436148,58.25268937,mungbean,Red Soil
102,14,52,26.79489868,89.64815231,6.51075991,57.74091817,watermelon,Sandy Soil
73.18691668,55.57128799,21.27946936,18.28324767,66.93981404,6.850662894,79.24357023,maize,Clay Soil
98,79,50,25.34119774,84.47321314,6.435917308,91.06493353,banana,Black Soil
121.6458178,27.41099884,49.93976551,27.98506446,94.78515906,6.357381426,20.21126747,muskmelon,Peaty Soil
86.61119909,35.9461736,42.16362926,25.56387485,80.62107187,6.694523293,169.9698365,jute,Sandy Soil
90.48768467,42.31117336,38.03320703,24.59188507,84.07555755,6.087557957,192.6702318,jute,Allvial Soil
21.35894336,136.5455776,195.3016641,27.85459827,83.4618636,6.221227324,67.3730883,grapes,Peaty Soil
110.9667484,8.453559346,51.0982438,26.51861049,88.54160493,6.331410275,44.98131429,watermelon,Clay Soil
73.61393296,53.54481742,17.5422743,18.04483168,62.46502122,6.258823306,85.8269665,maize,Peaty Soil
4.032920658,24.08107328,42.04858,22.35898224,87.60148638,7.19451167,108.7670544,pomegranate,Laterite Soil
119,25,51,26.47330219,80.92254421,6.283818329,53.65742581,watermelon,Sandy Soil
56.4058032,69.20319991,16.58764233,34.41217643,69.77226032,6.595703987,69.13575372,blackgram,Red Soil
26.82781689,22.12332111,26.76209674,33.28688452,45.27405139,6.010278596,96.54787254,mango,Peaty Soil
32.8477747,46.53718455,44.40120578,29.09171805,93.81559498,6.803787109,211.4352244,papaya,Peaty Soil
23.50327854,60.54424129,16.6264524,19.44916673,60.81685967,6.725038915,41.24282691,lentil,Laterite Soil
56,59,55,37.03551903,91.79430166,6.551892638,188.5181422,papaya,Laterite Soil
79.80975522,29.06552795,33.26672305,24.58539181,50.93865252,7.025745666,136.2214017,coffee,Allvial Soil
17.57699744,125.5137919,205,22.15841428,94.14772804,6.0169769,117.9903709,apple,Black Soil
23.76125925,68.96290219,15.67007975,24.9342606,69.59178857,6.529541473,37.04685781,lentil,Allvial Soil
36.97705154,53.78664739,16.25406694,26.85557601,83.86085626,6.595091843,53.70667844,mungbean,Clay Soil
18.92964866,80.73776985,19.49644794,20.21866721,23.57306859,5.882572838,138.8128265,kidneybeans,Loamy Soil
29.85402579,47.91033815,42.62590398,40.70173199,92.14847846,6.604508652,133.9016507,papaya,Sandy Soil
10.71166451,5.026445774,42.03940596,20.14635819,90.31771893,6.902225648,108.5914412,pomegranate,Sandy Soil
19.90947755,138.2135254,201.5698774,19.28925914,83.56647568,5.966993973,65.60128631,grapes,Clay Soil
22.20834849,77.81872724,74.84809832,17.95093291,19.50378232,8.579717605,73.7567595,chickpea,Allvial Soil
6,139,199,25.67385024,81.6212135,6.29099842,74.10919422,grapes,Laterite Soil
13.1660209,75.45044495,27.06040994,24.21075028,61.16631658,6.434327389,43.1879118,lentil,Clay Soil
32.71381225,11.10103017,30.36440899,25.02386906,93.03798791,6.192193467,134.9913359,coconut,Peaty Soil
120,40,33,24.23850608,54.30329632,6.73410539,115.1564012,coffee,Allvial Soil
22.55227417,34.7235674,17.50956678,27.44462649,86.0061575,6.626721675,41.51533153,mungbean,Sandy Soil
115.8065052,83.33113526,54.64947883,29.51911685,78.78782932,5.522718814,95.16102199,banana,Red Soil
89.88139298,76.05720708,55.7463936,27.19719592,76.54350863,6.211602385,108.8884364,banana,Laterite Soil
39.48635146,119.9633573,197.2430072,26.28773799,81.16181076,6.338182116,68.06677041,grapes,Clay Soil
25.75204827,136.0811893,199.0206957,23.94748886,94.56992764,5.911185866,106.23529,apple,Sandy Soil
92.38934162,39.98052228,20.15958993,23.99148633,57.90723519,5.897832664,101.1733164,maize,Laterite Soil
70.0504562,41.52191255,20.80641245,23.37197635,73.5470457,5.820679248,95.27926216,maize,Laterite Soil
13,30,37,20.86474944,91.61793636,6.277148771,106.8685636,pomegranate,Red Soil
119.8162515,15.2688891,51.03842083,28.25190118,91.48513519,6.49908354,21.7275101,muskmelon,Sandy Soil
15.78760184,74.39797355,17.0793742,26.05725561,70.78518049,7.390711048,36.00078203,lentil,Allvial Soil
99,56,17,24.10859207,73.13112261,6.234330356,71.07562236,maize,Sandy Soil
11.06046819,19.97461803,37.76236783,19.93363951,87.48549458,6.004383344,109.3884332,pomegranate,Loamy Soil
59.46441627,44.62559111,19.67454029,25.04511054,66.42491631,6.646923179,89.20751278,maize,Laterite Soil
110.1851642,86.6199974,47.08086374,26.38130173,80.31460295,5.573414729,96.89342387,banana,Sandy Soil
37.56838108,36.23848628,23.75633141,33.19455626,45.20683788,6.940377196,95.46496134,mango,Sandy Soil
59.93146308,38.18331784,17.26003891,18.58150342,63.98972492,6.470634584,74.46433803,maize,Allvial Soil
40,70,20,31.80130272,45.03186173,5.623490043,147.0361442,pigeonpeas,Laterite Soil
98.06396226,12.1850782,53.12439083,28.78709242,93.75150302,6.01753489,22.49085099,muskmelon,Loamy Soil
1.880310296,27.86312428,10.74175069,11.82064434,92.47507497,7.340795753,101.5924453,orange,Black Soil
38.33685738,123.8589099,194.6309346,18.81234288,83.39323421,6.194229559,63.66978141,grapes,Clay Soil
9.229279162,43.94432063,24.27053582,31.09243094,43.33361713,8.051558855,57.83741198,mothbeans,Red Soil
18.45515873,74.83471998,17.73704833,24.44063841,23.20420781,5.710294236,148.6024392,kidneybeans,Black Soil
19.71270649,5,11.19423927,21.12443574,90.19694856,6.232742117,106.2580059,orange,Sandy Soil
90,46,42,23.97898217,81.45061596,7.50283396,250.0832336,rice,Red Soil
6.691699882,141.4188389,203.865271,17.59195201,83.40976326,6.321042352,69.71969749,grapes,Laterite Soil
40,16,35,31.89356292,49.02450149,6.4841522,89.59371481,mango,Allvial Soil
23.98217791,76.25955353,25.21785191,30.92935074,47.15890803,7.079032081,89.77812634,pigeonpeas,Loamy Soil
16.90382566,20.20162248,28.11750491,31.62596054,51.46207296,5.469390028,92.17441796,mango,Clay Soil
33.30344772,122.9931471,201.6173971,22.28916363,93.92756384,5.660140114,117.1465744,apple,Laterite Soil
99.09372117,50.08902271,41.71845829,24.4439293,79.99128011,7.058128988,255.0530377,rice,Red Soil
18.26643657,56.30506342,17.74794406,27.34611175,87.45307803,7.182979364,56.50344027,mungbean,Black Soil
29.15023573,59.04846808,21.37347351,30.74031614,52.54476465,7.051906636,171.2019076,pigeonpeas,Peaty Soil
67.76378858,57.41686881,39.59577911,23.1256749,83.45661759,6.339928805,223.9880634,rice,Allvial Soil
82,13,52,27.11535046,94.86907886,6.442810053,26.51924782,muskmelon,Black Soil
38.43476038,62.59700965,52.8003844,23.30735339,91.867019,6.580059521,210.0386994,papaya,Peaty Soil
24.29006204,132.3731925,199.5284805,22.53411948,91.55159332,5.718440202,100.8855533,apple,Sandy Soil
75.60675947,36.51597381,45.80765635,23.3684149,74.90271997,6.598368892,153.0057121,jute,Peaty Soil
28.07620139,47.19864393,14.742521,25.41795203,54.70916651,9.278765808,41.24388586,mothbeans,Red Soil
28.36293425,63.11063061,14.97479553,29.9231021,67.04457928,7.248640258,67.22692863,blackgram,Black Soil
25.88127702,60.57102725,18.99148308,26.59966412,67.71587225,7.051592218,68.73573522,blackgram,Loamy Soil
31.52586858,53.58727116,15.37212219,28.68873554,85.08705614,6.450061711,46.71834946,mungbean,Loamy Soil
5,56,24,24.80710166,45.01110015,5.023115055,188.4928637,pigeonpeas,Laterite Soil
12.62047831,130.8105055,198.1231293,33.42369965,83.21855905,5.58081877,69.46157563,grapes,Laterite Soil
91,12,46,24.64458469,85.49938185,6.343942518,48.31219031,watermelon,Peaty Soil
4.27468997,22.33022965,5,30.72197823,94.17554453,5.976879854,108.3572878,orange,Sandy Soil
23.01859323,58.85192746,25.71524583,27.84815412,87.85610262,6.331603428,59.20358052,mungbean,Loamy Soil
110,21,54,26.73690828,87.82430156,6.747537642,47.46447019,watermelon,Sandy Soil
91,94,46,29.36792366,76.24900101,6.149934034,92.82840911,banana,Black Soil
48.79014696,70.57162525,75.27803213,19.57288595,17.63751326,6.577295817,88.82363611,chickpea,Allvial Soil
60.19579585,53.47468897,38.42957318,25.04180458,88.03169343,7.077298397,154.3865995,jute,Loamy Soil
52.16761976,70.54853754,16.51761443,27.9358297,68.148873,7.064335937,71.73528353,blackgram,Clay Soil
36,29,13,20.68185224,90.91510525,7.829507245,109.7513927,orange,Red Soil
100.3468372,81.36599627,51.55395151,27.61141545,77.72302508,6.064727429,110.4895882,banana,Red Soil
94.49507341,59.03477027,41.96981861,22.97342985,73.58547584,6.370288149,185.655847,jute,Sandy Soil
27,71,24,31.46417866,48.17631461,7.064973419,165.405354,pigeonpeas,Black Soil
98.2076242,78.73981338,51.88362932,25.13996463,84.86049434,6.429445166,89.63050639,banana,Black Soil
32.35794781,80.54585473,21.14166024,27.82019607,63.68303509,5.90992439,54.74133789,lentil,Loamy Soil
52.62778443,51.59576116,51.06827216,38.53476472,94.12427993,7.027054888,210.2263612,papaya,Allvial Soil
99.14841264,5,45.58176688,26.24896474,86.69034094,6.007278612,40.43917022,watermelon,Black Soil
112.6136608,34.16334645,32.78370627,25.81252925,62.42039037,6.542605994,152.8973441,coffee,Peaty Soil
59.46481232,43.71598713,41.79859311,21.1444519,83.60125873,7.409357563,298.5601175,rice,Laterite Soil
81.10482652,78.132026,45.42110024,24.94218863,85.18238446,5.740551974,106.2225203,banana,Loamy Soil
50.23690851,53.6842369,16.67092666,28.64342653,65.19709017,7.572426719,60.46873621,blackgram,Allvial Soil
42,73,25,34.03679184,67.21113844,6.501869314,73.23573601,blackgram,Peaty Soil
134.7304488,37.03302977,18.36673709,23.04265553,85.34924116,6.916480186,71.23059761,cotton,Loamy Soil
36.69224709,51.67546633,50.46279589,43.28120976,94.35330511,6.576808954,207.9107528,papaya,Laterite Soil
20.07817937,7.697829866,44.4411069,18.83558627,88.59975212,6.044568414,115.0179091,pomegranate,Clay Soil
23.35035569,66.6989032,76.45315824,20.33995142,15.44182779,7.669159451,84.46254691,chickpea,Loamy Soil
30.47684816,12.22671115,32.21018572,24.96145813,92.76963432,6.217275125,135.5061876,coconut,Peaty Soil
96.38545912,25.19578105,49.46531841,27.19004303,90.801945,6.14222757,24.98129171,muskmelon,Allvial Soil
100.2424792,43.66009265,20.38400806,22.36738626,86.29279567,7.29191555,90.86838532,cotton,Red Soil
3.188737098,67.88225051,20.35970545,19.24686431,47.15779519,5.398583501,149.7155,pigeonpeas,Red Soil
20,7,45,18.90592319,89.24126808,6.077886012,112.4750941,pomegranate,Clay Soil
92.35861161,52.72122988,16.94518998,23.5583624,61.51716182,5.854838384,109.9808467,maize,Clay Soil
83.44214962,21.96797742,55.5171294,28.30278921,93.45324641,6.498430899,20.21126747,muskmelon,Loamy Soil
17.20557067,9.697154111,33.64074312,28.98351627,92.25812433,5.619000271,155.2460957,coconut,Clay Soil
2.128918769,19.87830669,31.93363775,31.71834012,49.18386249,6.452531976,91.08283745,mango,Laterite Soil
37.72376579,18.68647905,32.79929512,27.70415698,99.23319355,6.34645009,157.7321358,coconut,Loamy Soil
27.60781225,53.75633343,17.21917443,29.13911301,85.49637146,6.426466763,48.69941495,mungbean,Loamy Soil
31,20,30,32.17752026,54.01352682,6.207495815,91.88766069,mango,Laterite Soil
39.58725923,70.49496945,20.1851328,21.78973841,21.93499143,5.783865647,62.0260309,kidneybeans,Sandy Soil
12.05524177,72.55836546,22.45999156,29.52592043,44.47789657,6.815857716,173.4076516,pigeonpeas,Black Soil
44.25741823,56.42422731,47.56451466,39.24956865,91.35465555,6.493029912,65.72980429,papaya,Clay Soil
3.296818672,33.33582335,17.41975408,28.74547055,53.68697422,9.673785252,65.30613584,mothbeans,Red Soil
40.47081023,63.04685192,47.12432271,32.34712889,94.10374868,6.874608161,69.81258048,papaya,Loamy Soil
49.10024946,56.38558375,18.26852854,28.85034041,64.65761474,7.60500444,62.20087375,blackgram,Allvial Soil
0,67,22,29.82112112,69.4073209,6.593798387,51.56461082,lentil,Red Soil
100,48,17,23.7805123,83.03878838,7.827877818,66.26555904,cotton,Allvial Soil
41.51263427,60.27723157,13.36032624,29.12308771,63.78043227,7.3436313,67.68789341,blackgram,Allvial Soil
26.74881858,17.92139798,40.6777068,20.01908354,89.71595697,6.915119777,105.1923285,pomegranate,Peaty Soil
84.17720038,32.33709973,23.15991566,26.19680747,52.40547707,6.907347966,190.8475324,coffee,Peaty Soil
60.68320779,52.12621653,42.8740268,24.91839722,84.88173615,6.872413152,203.6845312,rice,Laterite Soil
21.75270216,63.751364,82.38051718,19.53839611,17.14798359,6.484320015,88.04707144,chickpea,Peaty Soil
30.25721775,120.3575451,198.8582581,37.99018648,82.0005806,6.253132995,66.65324745,grapes,Sandy Soil
45.44968074,76.82905506,21.88293998,27.28561773,68.52896189,7.791851194,67.11999582,blackgram,Loamy Soil
107.4031828,8.741491604,50.49730863,25.49506569,89.42334692,6.73035136,42.59915828,watermelon,Red Soil
30.58500846,71.58060181,26.7827883,23.44785226,36.155752,6.933815967,161.9262681,pigeonpeas,Allvial Soil
112.0756386,77.7013423,50.22335269,25.99639629,78.50691851,5.909197984,101.7508241,banana,Loamy Soil
133.7055812,53.07597838,24.6783533,25.76750138,80.7415447,7.582465219,101.7192783,cotton,Peaty Soil
83.54058539,38.60711575,45.58469199,26.40312367,72.59162216,7.251507144,159.3177325,jute,Red Soil
20,122,204,11.7976469,80.86325389,6.487369687,65.06962486,grapes,Peaty Soil
16.35556488,5.753925092,30.2466976,29.20979076,91.89351267,5.862223006,130.2698338,coconut,Laterite Soil
28.77890376,138.448955,204.8822165,24.04703452,93.70805112,6.158240152,115.645838,apple,Peaty Soil
104.8461524,60.50266881,21.13246429,23.86432632,77.17916483,6.185976039,88.77021579,cotton,Loamy Soil
23,142,197,39.06555518,82.03812973,6.000573725,69.30772897,grapes,Loamy Soil
7.166097458,26.68736886,26.28538334,25.22386644,91.25624243,5.686145463,211.2787159,coconut,Sandy Soil
26.38895916,44.8154736,24.1334579,29.90916753,79.95060732,6.443562026,56.21431649,mungbean,Laterite Soil
17.14998699,72.02755707,19.66838613,19.27742276,33.9232863,5.628747402,196.6992174,pigeonpeas,Red Soil
86,79,45,27.81251452,82.69285419,5.80766417,99.20961514,banana,Clay Soil
99.97320368,8.804417755,52.96929203,24.26076648,85.47147217,6.221604121,39.41349086,watermelon,Peaty Soil
47,79,78,17.48395377,14.76014523,6.609696734,65.11365631,chickpea,Allvial Soil
14,25,40,20.07386547,90.97819712,6.407872061,103.7084055,pomegranate,Black Soil
10.53365226,71.17219124,19.50202981,24.95931817,60.56777786,7.124185354,44.17454816,lentil,Sandy Soil
122,48,16,24.65425757,75.6350708,6.307585854,61.82980133,cotton,Red Soil
20.75698558,37.60342566,31.24213758,31.56509901,54.31197636,5.833374751,99.92071777,mango,Red Soil
16,145,199,26.91624843,80.76838926,5.953966361,69.30927185,grapes,Clay Soil
24,53,17,28.95451232,89.07866095,6.421271178,57.65901369,mungbean,Red Soil
28.20815273,68.62664447,18.54464695,29.69360162,63.23018331,6.608247682,60.9346191,blackgram,Clay Soil
70,68,55,42.84609252,94.63548176,6.691202286,78.8099639,papaya,Laterite Soil
89,25,54,24.69368934,85.56967628,6.353107393,48.99390828,watermelon,Laterite Soil
20.72810219,8.029460102,40.27668523,24.40785018,89.89986576,5.957885245,104.2614002,pomegranate,Loamy Soil
107.0720331,28.10072898,28.82919069,23.49316378,60.97861052,6.712047071,193.5779876,coffee,Laterite Soil
60.7591042,61.45541512,16.46568638,24.78479095,69.46760449,6.299995005,94.85673188,maize,Clay Soil
8.987684518,72.32098052,14.80460303,19.5035493,66.21906316,6.129868373,169.7770019,pigeonpeas,Clay Soil
27.31179064,77.28842134,83.15630519,20.46329827,14.25803981,6.62878469,84.25270498,chickpea,Laterite Soil
46.19421865,75.76029111,22.86476009,29.97951657,64.5152629,7.553832947,72.73680051,blackgram,Red Soil
26.9841248,71.54994555,21.85004124,23.46969001,46.49799648,7.104527141,149.3928444,pigeonpeas,Allvial Soil
63.99783547,38.74158175,44.02123897,23.56536861,71.00808577,6.757299648,182.8678657,jute,Clay Soil
104.1813383,87.73430661,50.19079201,25.77730043,83.62802481,6.043317384,112.4426021,banana,Peaty Soil
27,59,20,28.00937423,52.60950014,4.397698806,36.01203025,mothbeans,Peaty Soil
120.4811344,25.50908709,51.49020392,26.49927786,81.76803598,6.304646232,53.46259575,watermelon,Sandy Soil
31.77781439,78.40137446,76.41763043,17.4019994,14.68009109,8.49623518,91.79696646,chickpea,Laterite Soil
82.80785426,77.12341351,46.0719698,25.17293915,84.46663434,5.753468099,110.2147241,banana,Loamy Soil
99.31752707,39.76038814,33.82298347,27.46766611,54.53134589,6.950946041,177.2865713,coffee,Red Soil
35.25125799,44.47106804,22.99549847,27.14104453,43.99943232,3.504752314,41.68145606,mothbeans,Allvial Soil
20.11277314,19.84102924,39.03377226,22.3068472,89.28070476,6.349851888,106.899163,pomegranate,Clay Soil
10.82634995,61.37148269,23.82861847,27.58563235,88.33108265,7.064174856,50.42784022,mungbean,Black Soil
34,76,80,20.65691793,15.84572566,7.985417393,65.23811143,chickpea,Loamy Soil
23,59,25,27.8262623,88.73100226,6.320768488,56.68833819,mungbean,Loamy Soil
27.32458826,29.33443255,31.55422303,29.05108814,90.82261194,5.75439283,147.8924557,coconut,Black Soil
99.46008467,49.15629516,14.55426956,18.1319843,70.85368059,5.555217291,88.03550109,maize,Allvial Soil
71.47494162,58.79296136,26.0985085,18.5254371,68.7176702,5.751424799,88.72765232,maize,Allvial Soil
40.30426194,48.87419642,49.07469585,43.20679735,91.26095845,6.4696319,247.7416693,papaya,Laterite Soil
124.6700509,43.75946263,19.35290856,25.78245483,75.87854835,7.631325286,91.14691724,cotton,Clay Soil
11.3275305,45.47871841,21.18313394,30.96491902,42.57055139,8.038196556,57.53924188,mothbeans,Red Soil
101.1492251,16.46065837,56.45890368,24.66703023,88.94064623,6.426775276,44.88413264,watermelon,Allvial Soil
14.11603766,6.488559088,39.2669028,18.77660107,88.54842818,6.890834565,109.090007,pomegranate,Laterite Soil
81,30,31,24.65090184,51.93952357,7.027585559,135.1386537,coffee,Allvial Soil
0.570519381,14.31421583,6.063654612,30.0194977,95.48137651,7.552730129,117.2372602,orange,Red Soil
21.49871547,55.54666637,14.59771467,23.96606448,68.18167019,6.54364263,51.77052385,lentil,Sandy Soil
84.79247271,58.29099406,24.97358247,22.60645914,68.05042436,6.45787978,63.44917592,maize,Sandy Soil
95.71409011,13.06041451,52.54750744,25.85675177,83.15487785,6.739756652,46.39562158,watermelon,Red Soil
116.0084597,25.12981507,54.23859346,29.27564618,92.40731774,6.412235327,24.40285132,muskmelon,Allvial Soil
35.70971433,129.8602554,205,25.28442851,79.50611942,5.733050096,67.41253759,grapes,Allvial Soil
30.31181297,7.583912571,9.229342718,34.45201619,93.13593479,7.163162414,104.5245554,orange,Black Soil
93,56,36,24.01497622,82.05687182,6.98435366,185.2773389,rice,Loamy Soil
118.7415798,28.31320856,25.46005207,26.34060671,64.89087503,6.502759665,162.2541064,coffee,Loamy Soil
32,141,203,21.25941052,92.84416234,5.821347769,109.0658471,apple,Loamy Soil
51.32793733,55.87434733,54.02799291,24.55961322,89.69514764,6.658676264,104.409634,papaya,Laterite Soil
57.76579115,46.89383518,52.40601808,32.92236874,91.51012414,6.842966753,47.82155595,papaya,Peaty Soil
12,61,19,19.33162606,24.13995025,5.655726817,68.51253427,kidneybeans,Laterite Soil
93.90819818,26.48279657,28.40238518,26.60103434,51.45673369,7.464837315,176.0786696,coffee,Black Soil
28.68031407,6.202716597,11.20010752,34.23512789,92.51497336,6.748537813,114.4216788,orange,Clay Soil
36,56,20,25.4123765,49.66474269,7.437078236,31.87416982,mothbeans,Loamy Soil
30.05515453,24.57786891,33.17921004,26.38685896,99.00073158,5.787034265,205.8068497,coconut,Laterite Soil
38.47023689,37.12375267,25.98684575,33.08618153,46.42245707,6.949589104,99.63592739,mango,Sandy Soil
7.495502346,43.41954036,16.04991923,28.05884081,86.24573867,6.938534425,40.92245388,mungbean,Laterite Soil
47.71119725,77.91984812,76.04830086,17.86874664,15.16475109,6.5995772,64.51243656,chickpea,Allvial Soil
36,43,24,27.09400578,43.65305437,3.510404312,41.53749535,mothbeans,Allvial Soil
37.02403116,57.79237351,18.35210478,30.96361018,45.58093489,7.350210742,70.29278395,mothbeans,Peaty Soil
65.68916402,36.52264712,44.74120824,23.48293808,71.07911792,6.786726017,184.0710773,jute,Clay Soil
119,30,49,25.35794749,80.45846265,6.903020221,47.72078245,watermelon,Clay Soil
4.956515688,11.64459411,7.074613449,34.59117792,89.84146545,7.786969016,117.3778375,orange,Laterite Soil
110.8867593,26.79084016,32.09323196,23.6525157,55.41555004,6.100108144,189.9239664,coffee,Black Soil
57.60942736,57.42239145,75.75200311,18.8455773,17.49727165,7.980845022,78.35762546,chickpea,Sandy Soil
44,64,54,29.80744318,91.38048469,6.74274935,232.7046126,papaya,Black Soil
85.74096415,37.23454427,14.96651383,20.72582238,59.6216427,5.556692287,69.09477817,maize,Sandy Soil
27,24,41,24.32770134,90.88292835,6.610251186,110.4606459,pomegranate,Red Soil
44.93112245,57.52790387,18.87186138,28.12100094,65.88393431,6.792118547,68.93951059,blackgram,Black Soil
34.75830209,64.46688601,45.28061489,31.68260631,91.48721473,6.937726048,48.62774993,papaya,Clay Soil
99,57,38,24.80624984,82.09281674,6.356295568,156.3616174,jute,Peaty Soil
109.6818035,23.00613636,46.46890819,29.31679154,91.78006852,6.237155628,25.06971235,muskmelon,Clay Soil
66,44,20,19.0781471,69.02298571,6.740000688,80.72515943,maize,Laterite Soil
16.63624416,16.69197571,14.88852474,16.4353775,91.54507656,6.610852283,104.4214862,orange,Black Soil
35,69,23,16.78791503,24.96881755,5.578410206,75.45328039,kidneybeans,Black Soil
27.28413229,73.46662066,23.34578584,19.70316026,21.03555017,5.971736524,63.39210862,kidneybeans,Black Soil
0.638684902,123.6216612,205,21.99552661,92.42326506,5.771711179,124.1971174,apple,Red Soil
18.00627807,57.68604551,19.20713326,19.96806392,19.97230148,5.790642752,59.71463534,kidneybeans,Clay Soil
95.24303415,12.47546355,52.2570945,25.74543258,83.93835202,6.702811285,44.93355618,watermelon,Red Soil
30,44,16,29.73013036,82.89166381,6.442335593,50.91511275,mungbean,Loamy Soil
112.5735893,25.56794824,51.29926355,25.26530687,84.88740735,6.94530139,55.5598339,watermelon,Loamy Soil
32.9556522,65.38328738,79.35846338,17.72988258,14.25803981,7.460320445,86.12179631,chickpea,Loamy Soil
47.56402117,79.99394315,74.44961426,16.92297616,15.54764549,7.572341831,70.51389656,chickpea,Peaty Soil
17,57,21,19.88394011,20.31564139,5.789214289,60.91974792,kidneybeans,Clay Soil
96.20025353,37.22931405,21.95002485,19.91993836,60.89667222,5.712352353,102.5521888,maize,Red Soil
29.89826886,75.86326441,84.5991139,20.55068457,19.51770371,7.599190003,78.88032106,chickpea,Loamy Soil
131,49,22,25.49848236,79.9751579,7.306918817,67.05961949,cotton,Peaty Soil
117.8106589,76.92518126,47.08409859,25.65562198,77.59797149,6.103872084,92.75917021,banana,Red Soil
98.14592181,40.00312481,31.03685587,24.24575996,70.8367131,7.060801074,165.9031113,coffee,Laterite Soil
25.35980847,61.88966404,19.52125689,26.81580793,67.88737925,7.027138845,65.83147201,blackgram,Loamy Soil
40,121,199,26.18159716,81.03886263,6.315586313,66.05911698,grapes,Clay Soil
26,126,195,21.41363812,92.99124545,5.878568981,118.3979065,apple,Black Soil
79.61267223,16.06866048,46.60603503,25.91966739,81.341811,6.91599453,49.1931923,watermelon,Red Soil
62.52324895,60.54228241,42.91028627,24.31794788,74.56807346,7.132511528,191.8455586,jute,Sandy Soil
21.56988673,10.83503721,28.11126211,27.9944931,94.91442591,5.997213757,216.2517284,coconut,Clay Soil
74.86523176,35.76777392,23.19064965,24.65710623,57.17150073,6.659862194,87.66190194,maize,Peaty Soil
15.79970457,6.986554371,45.08497241,22.11998662,93.3706975,7.019983987,113.1747655,pomegranate,Allvial Soil
23,45,21,31.46511256,51.79939437,8.985348193,74.44330654,mothbeans,Clay Soil
39,70,15,20.76774783,63.90164154,6.366355781,47.9271552,lentil,Laterite Soil
76,40,43,25.15745531,83.11713476,5.070175667,231.3843163,rice,Loamy Soil
33,77,15,23.89736406,66.32102048,7.802212437,40.74536757,lentil,Red Soil
59,70,84,17.3348681,18.74926979,7.550808267,82.61734721,chickpea,Peaty Soil
16,77,22,31.48469278,35.6395615,6.574209678,100.546816,pigeonpeas,Clay Soil
117.102088,86.15463561,49.61923022,28.83617687,81.65959056,6.2021553,115.0185897,banana,Red Soil
83.69225141,52.97130168,37.38448681,24.73430266,73.88362624,6.59649397,152.9437951,jute,Sandy Soil
84.01128121,40.99510323,42.60754508,21.5389506,83.84271635,6.220601258,277.05509,rice,Black Soil
102.7091477,72.90997616,49.45640971,28.42436729,80.12997103,5.702984041,102.2940604,banana,Allvial Soil
75.03788839,48.94168958,18.63392228,21.70253135,69.30773259,5.9355477,102.1858913,maize,Peaty Soil
12,39,21,28.99319096,62.85948245,8.183844843,70.4713043,mothbeans,Black Soil
46.97686577,61.81201836,78.74144446,19.5755744,15.85095899,6.490873745,82.36508157,chickpea,Sandy Soil
88.74157514,41.02146089,32.6429655,26.11530084,52.93767002,7.421731463,133.9886332,coffee,Black Soil
72,42,43,26.56767277,80.90424543,6.352771037,181.2915605,jute,Black Soil
105,60,23,23.53371386,77.21705554,6.207652157,87.54004943,cotton,Loamy Soil
10,59,22,28.60901145,86.99495766,7.155685016,36.94616965,mungbean,Clay Soil
37.73939253,132.3167477,195.9907551,35.75459347,83.85256702,5.759576072,73.72639022,grapes,Allvial Soil
24.47803204,40.14163421,22.35790775,27.88885856,80.67860086,6.27503683,43.06618277,mungbean,Peaty Soil
36.58326897,64.89720469,50.35552928,31.96829007,92.96398268,6.952016109,47.49234914,papaya,Clay Soil
68,41,16,21.77689322,57.80840636,6.158830619,102.0861694,maize,Allvial Soil
96.09854283,22.19697602,44.57766686,28.006131,90.46295668,6.276089386,23.4453942,muskmelon,Red Soil
69,64,47,40.21199348,94.50766912,6.993473247,186.6762324,papaya,Loamy Soil
91,50,40,20.82477109,84.1341879,6.462391607,230.2242223,rice,Allvial Soil
0,22.82261976,12.84985123,22.62718135,93.98404999,7.609329468,110.0526913,orange,Allvial Soil
18.0752781,79.45365369,21.97910677,20.17169951,23.27404061,5.903568432,141.0941274,kidneybeans,Loamy Soil
11,18,42,21.57936934,94.88267728,5.938528744,102.8593382,pomegranate,Loamy Soil
29.5841354,51.58053081,14.94956406,28.57423684,85.20964138,6.427956117,48.82379458,mungbean,Loamy Soil
17.64308391,121.8531716,201.4219547,23.37914211,90.67416197,5.79890681,113.9095985,apple,Loamy Soil
111,50,15,25.16820129,80.30351815,7.884550475,84.62419032,cotton,Loamy Soil
3.846251657,27.37245617,33.07935027,30.12085018,49.25134139,5.778547291,92.19157514,mango,Red Soil
85,58,41,21.77046169,80.31964408,7.038096361,226.6555374,rice,Allvial Soil
24.3723864,7.040612828,37.12319966,28.53732003,99.13490914,5.559111108,187.3232823,coconut,Allvial Soil
58.54249856,57.42372931,16.76129809,28.56020136,65.68158279,7.359616613,63.06026481,blackgram,Peaty Soil
46.03439817,54.78436286,24.15713326,29.63684372,66.35439163,7.413441081,69.76410165,blackgram,Red Soil
5.69378956,14.21390369,42.60298747,19.88316237,90.17948513,6.457524786,103.6889066,pomegranate,Sandy Soil
29.82862614,48.25294029,45.23441099,40.81767703,92.72058583,6.543320794,133.5094422,papaya,Sandy Soil
105.5857316,21.23505088,53.78297609,24.84118385,89.88448484,6.739058113,57.76490973,watermelon,Loamy Soil
24.92731271,50.24480849,18.08244411,27.7628954,54.7058239,9.458882512,49.39261739,mothbeans,Clay Soil
23,62,85,18.97424756,19.5161216,8.490127142,80.7108745,chickpea,Loamy Soil
29,67,21,29.79181107,63.38789228,6.621323612,63.02169909,blackgram,Clay Soil
15.98572289,45.60365905,22.96588554,24.27456984,60.84677526,7.212303973,47.40736439,mothbeans,Clay Soil
103.1263541,17.12525988,52.81995917,25.06259923,79.97031432,6.186159816,44.88079242,watermelon,Peaty Soil
77,51,44,23.25583402,82.7015932,7.124333547,166.2160846,jute,Red Soil
25.80014798,123.0730571,201.4621953,22.41853458,95.45035915,5.63633235,105.9238619,apple,Clay Soil
94.56972509,20.56584403,52.74706877,26.58251477,81.46822186,6.91510803,41.72880564,watermelon,Black Soil
79.71611087,16.06061478,45.34047473,25.47789,82.92136417,6.916839129,49.75084962,watermelon,Red Soil
95.08392214,81.50519838,47.30044865,27.27679551,83.3672132,5.729951445,93.3505592,banana,Red Soil
47.21909603,54.12603828,75.539975,21.09022393,20.07627949,7.969946181,74.67506768,chickpea,Black Soil
92.18897291,81.34748382,52.59082759,27.25015713,81.93090686,6.471425394,91.98448023,banana,Peaty Soil
26.04734742,27.5815476,31.53343819,29.04946664,92.8900496,5.759750329,194.514297,coconut,Black Soil
29,41,21,31.49398069,62.84916863,8.86979671,64.56807592,mothbeans,Peaty Soil
38.5438795,57.21268182,16.79620439,29.20222584,46.96302605,6.443114985,164.6024709,pigeonpeas,Red Soil
14.6592527,142.7574306,196.3375126,22.75148915,93.23201133,5.893688011,116.4740623,apple,Laterite Soil
70,47,17,24.6129118,70.4162444,6.600827017,104.1626147,maize,Sandy Soil
7.776015053,6.760017227,9.034907047,28.71512582,92.68253825,6.948864518,104.960049,orange,Laterite Soil
115.1800728,10.64314276,46.57016119,24.45594938,89.74428614,6.652338424,41.87982069,watermelon,Sandy Soil
6.944909672,31.37527304,37.83818653,22.58440521,89.96323681,6.383380672,106.7705417,pomegranate,Red Soil
84.7431385,39.07438986,43.5193503,26.62894504,75.46133426,7.259213508,160.1917616,jute,Red Soil
70,65,52,30.42012134,93.12659793,6.583528529,75.95295,papaya,Red Soil
38,6,25,25.54963273,96.92786777,6.156259104,191.2996157,coconut,Red Soil
29.2119297,30.38168211,28.50578408,26.38903931,89.89805473,5.533903124,180.5264142,coconut,Black Soil
8,60,18,31.21629982,46.01868196,3.808429173,53.1205277,mothbeans,Laterite Soil
22.85589135,68.01674586,76.77488443,20.37343553,15.39351857,7.712029961,84.80995811,chickpea,Loamy Soil
18.39838768,20.15353094,25.33883016,31.57740937,52.06651452,5.416365519,91.39906125,mango,Clay Soil
84.78033603,93.58519876,48.06874293,28.09655116,77.25157379,6.451032533,106.5021975,banana,Laterite Soil
133.4664643,48.1409711,23.12389672,24.8797087,76.61874576,6.825614123,90.49120187,cotton,Peaty Soil
5.373136895,26.75625373,44.14294069,24.59183887,90.95845825,6.576044071,108.8439848,pomegranate,Laterite Soil
3,9,45,23.89162561,89.61850203,6.535244251,104.617522,pomegranate,Peaty Soil
26.9753319,54.5448718,22.64104643,19.44505316,20.39520357,5.539941721,96.38145091,kidneybeans,Peaty Soil
3.910635424,133.3295473,200.2244858,20.39108398,81.67057087,5.813641571,72.96146442,grapes,Sandy Soil
107,72,45,28.14938935,81.54448882,5.790768046,91.40508414,banana,Clay Soil
115.2718618,26.55201627,49.60412887,26.53673402,82.98151199,6.843179665,53.37859663,watermelon,Allvial Soil
99.95351584,91.21278382,44.15793596,28.33314259,81.42851322,5.754627118,96.27925,banana,Peaty Soil
85.77120039,10.3108481,52.89612948,28.43576918,93.12694879,6.43505564,27.0111494,muskmelon,Sandy Soil
99.54721696,26.23956567,51.082105,27.33650469,90.86050796,6.117492245,21.75118437,muskmelon,Allvial Soil
18.60433349,30.31366052,28.69086544,26.67966625,91.46766973,6.425824461,225.3516274,coconut,Black Soil
105.3102135,71.77600646,54.8725812,25.93633682,78.90671543,5.761919327,115.6220099,banana,Laterite Soil
0,18,14,29.77149434,92.00719952,7.207991261,114.4161786,orange,Peaty Soil
65.02516994,34.18836754,23.07615808,23.24286036,61.99686033,5.699892633,63.4588714,maize,Loamy Soil
27.44504446,77.20139567,78.78597912,20.73227065,14.43672217,6.652089328,82.402178,chickpea,Laterite Soil
74.54406899,40.4702412,34.80815809,25.27504168,79.40979642,6.809563624,164.2980167,jute,Loamy Soil
33.80243146,64.40384814,76.90310016,17.78566003,18.40537325,7.69820619,90.59383983,chickpea,Loamy Soil
59,58,17,28.546224,66.31394098,7.368318809,62.83469851,blackgram,Peaty Soil
5.444571728,46.3419559,19.99444009,25.7607429,64.7118756,4.195899994,68.70742989,mothbeans,Clay Soil
106,49,24,23.03887865,76.47039772,6.983395573,90.64770699,cotton,Sandy Soil
74.56374579,38.70588799,36.33778683,23.54568428,84.29820699,6.250159294,281.7815323,rice,Peaty Soil
25,17,40,18.91251245,87.74938524,6.608023872,111.2800516,pomegranate,Loamy Soil
23.84646226,23.68201211,32.74866851,28.18418946,45.89802013,5.623492041,89.96430192,mango,Allvial Soil
84.84580272,94.69583035,45.37427443,27.4021807,80.35667063,6.487430777,112.6988458,banana,Black Soil
28,7,9,34.5917846,92.13229786,6.730757538,115.5650287,orange,Clay Soil
35.52256168,64.19240616,44.96153571,41.35337742,89.16810769,6.678305144,196.6957633,papaya,Red Soil
18.29963714,55.65688215,20.064311,27.27834451,87.34158794,7.14336794,49.51190069,mungbean,Black Soil
11.1056224,46.92092122,17.22003381,29.01896272,88.72817257,6.543072755,40.56088566,mungbean,Sandy Soil
40,18,43,19.38603815,86.79058496,5.767372539,109.9130984,pomegranate,Sandy Soil
0.830142224,143.7877905,205,21.24568892,90.30252083,5.554431959,115.9401581,apple,Sandy Soil
55.96933794,59.65897244,84.59323939,19.04108005,18.32600719,6.555479585,74.7319912,chickpea,Black Soil
16.06274736,22.57882661,24.47579743,26.21633443,96.78462276,5.619871405,135.2865083,coconut,Clay Soil
108.297213,35.57427839,24.61807338,23.76809433,62.2360806,6.964965475,164.3275945,coffee,Sandy Soil
103.4075785,15.70748913,47.30340103,24.19589652,81.63060553,6.912752334,52.69099102,watermelon,Black Soil
31,13,33,27.63834933,95.48763389,5.85971872,205.5463111,coconut,Peaty Soil
7.484942884,79.05392754,21.59079718,21.08766339,55.87161318,5.611805938,184.66658,pigeonpeas,Sandy Soil
82,75,55,27.34585147,78.4873835,6.281069505,92.15524332,banana,Clay Soil
6.653270954,12.13551199,8.326319985,34.93912619,90.58307196,7.790269032,120.0430111,orange,Laterite Soil
99.9142349,55.79327793,43.04568548,26.45066619,83.87599222,7.418717089,176.0104576,jute,Allvial Soil
60,43,44,21.01944696,82.95221726,7.416245107,298.4018471,rice,Laterite Soil
66.43443256,53.91441438,21.1388649,25.0867849,60.25637986,5.962965497,71.36358314,maize,Clay Soil
29.63797706,30.75705518,27.59572889,26.23033392,91.33754199,5.547606903,177.7103405,coconut,Black Soil
51.54650871,73.45267089,78.92886358,17.33143518,18.37215789,7.841117741,93.57698089,chickpea,Black Soil
40.82948763,61.03333895,19.3424289,30.56070549,66.03511052,6.7225679,62.08734897,blackgram,Red Soil
22.61558735,35.78962783,22.4954298,28.79607669,44.12683589,7.942817617,35.69547553,mothbeans,Peaty Soil
84.8749531,27.3162043,31.48470329,23.14810179,53.1257014,7.175374995,169.0256162,coffee,Black Soil
35.23228158,123.6498304,196.676062,37.34469823,81.13022852,6.181934049,65.170751,grapes,Red Soil
89.7885424,74.33312076,55.14129976,27.38438064,76.80544723,6.192444293,108.7036115,banana,Laterite Soil
83.62583839,20.56218484,53.4637875,28.52996778,95.12151711,6.497682653,20.21126747,muskmelon,Loamy Soil
66.70980311,47.86744452,36.34791505,25.0931781,75.93932927,6.535607935,176.40968,jute,Black Soil
85.52871622,45.21611143,18.3555138,21.83265677,61.91072518,5.822636873,105.8080148,maize,Sandy Soil
8,45,18,27.93034941,85.42058715,7.011030515,43.25095608,mungbean,Laterite Soil
37.28193008,76.81763509,22.14837173,28.20800476,68.53455358,6.308483072,36.83018887,lentil,Black Soil
19.8053586,17.08802252,25.01053712,28.59662062,91.53198724,5.598273967,143.8688783,coconut,Clay Soil
1.495948443,38.02161886,14.88687861,27.99873606,82.9232331,6.504838631,50.02990294,mungbean,Loamy Soil
83.78999453,35.73838757,34.6841831,26.42655243,54.13118793,6.862896662,133.7871484,coffee,Sandy Soil
30.79838364,66.24648084,18.12342645,24.75030744,18.52844889,5.492314197,151.2423738,kidneybeans,Allvial Soil
6.098488289,143.0990987,203.2277335,27.37414941,82.53405968,6.257578684,70.75793105,grapes,Allvial Soil
0.590549025,7.422434674,24.67908415,27.73927706,93.86690606,5.560867679,158.2876665,coconut,Laterite Soil
31.26760111,63.89856739,18.73040328,34.00238282,61.28798914,6.572494702,68.44071879,blackgram,Red Soil
80,90,47,26.59743595,79.35898915,6.21084479,107.3944717,banana,Black Soil
122.5071344,47.93252697,19.57161125,24.56858202,75.6633446,6.299871277,59.56592263,cotton,Red Soil
39,132,196,35.83089092,83.32560104,5.778594403,73.67984885,grapes,Allvial Soil
100.601869,71.16301873,46.81598272,25.46330318,75.33621165,6.021126573,115.041688,banana,Allvial Soil
16.04009515,29.83290489,14.55863356,32.64821973,93.58802938,6.194514747,117.7633982,orange,Clay Soil
31,76,82,20.8248451,17.85057083,7.599279991,79.20509212,chickpea,Loamy Soil
57.44824192,62.57528665,15.13215784,30.90311024,64.33359231,7.411826274,66.04436867,blackgram,Loamy Soil
84.66229259,88.68931529,47.81551498,29.0627336,83.72964176,6.15464648,110.5773967,banana,Laterite Soil
2,56,23,26.65333029,59.79023382,7.550090941,36.91852635,mothbeans,Red Soil
88,17,52,29.90415889,90.75284363,6.646962425,25.37828397,muskmelon,Red Soil
26.75581999,60.57154366,18.40984593,33.7705915,67.5206703,5.273458643,108.9958427,pigeonpeas,Black Soil
30.00009559,55.22884209,50.21524343,29.37326661,92.7114214,6.572047547,63.87015395,papaya,Loamy Soil
108,89,53,29.55054817,78.06762846,5.808497604,99.34482238,banana,Peaty Soil
3.773667834,22.31063082,5,22.55182896,93.87792817,7.488159232,110.0429289,orange,Peaty Soil
116.1516995,78.32257741,50.712131,25.46370391,82.32691156,6.195275244,112.9156962,banana,Sandy Soil
89,58,35,23.98651719,82.09053379,6.096838784,167.0576456,jute,Black Soil
16,35,31,32.27652024,50.19368841,5.316875978,95.99487068,mango,Black Soil
39.78233015,137.4888873,204.8294626,21.12001912,83.12116139,6.418893563,73.39736908,grapes,Allvial Soil
30,65,82,20.71424384,15.27824066,7.103798069,76.77888672,chickpea,Laterite Soil
29.90806858,125.7997287,201.8886388,22.70511306,91.33891359,6.45543448,118.8131191,apple,Red Soil
93.25412764,80.94845567,49.72113525,27.79297113,77.24873428,6.037214455,101.2054534,banana,Loamy Soil
17.32801374,44.56426977,19.34732003,29.8936315,46.05111167,5.505490385,40.78079122,mothbeans,Red Soil
81.9763642,9.528395398,44.41305165,25.75755698,89.37684184,6.016315253,45.744455,watermelon,Loamy Soil
83.03835519,22.10181209,54.15705231,26.04495866,88.7704267,6.872847616,59.50122177,watermelon,Red Soil
26.17171683,8.321098642,33.07397725,25.79582039,95.34630924,6.451540917,140.6796629,coconut,Peaty Soil
91.97880953,55.26687849,34.39370877,23.4175579,80.29015104,6.353069124,271.1120862,rice,Loamy Soil
98.40651913,17.4769868,28.20920218,27.68756851,68.22825255,6.497413743,170.0019588,coffee,Peaty Soil
19,36,22,25.44689075,58.55363573,6.16496284,57.04826619,mothbeans,Sandy Soil
30.58308096,122.0388429,197.270302,41.78667544,82.38440443,5.662557788,75.98001555,grapes,Peaty Soil
34.92690874,66.66890616,16.46025838,18.75862048,20.91047791,5.861602217,126.4994793,kidneybeans,Loamy Soil
118.4351901,25.04080119,49.07979173,26.39250408,80.75057656,6.303304058,51.8497511,watermelon,Sandy Soil
28.55841992,135.3931868,201.8793622,22.96262391,91.60171649,6.235606709,114.325249,apple,Allvial Soil
6.638008505,8.976189015,13.04148046,31.05335008,89.93593381,7.023531305,111.7181812,orange,Sandy Soil
81.86700319,73.87506282,56.39049219,27.07962281,79.35023567,6.288710577,91.15853653,banana,Clay Soil
11,71,24,21.14011423,22.7182355,5.606620346,141.6056722,kidneybeans,Clay Soil
14.11112223,57.20486225,17.04855954,29.90205727,84.75679219,6.661448798,41.72995272,mungbean,Peaty Soil
31,68,45,42.92325255,90.07600528,6.938313356,196.2408242,papaya,Black Soil
113,21,33,26.02241444,55.83288958,7.277422738,176.9020924,coffee,Red Soil
31.02718943,6.124343723,23.80693381,28.87723288,92.34517578,5.756205696,159.1690583,coconut,Red Soil
1.235446174,119.5222998,201.5984905,23.35920635,95.32737835,5.865744354,110.9711495,apple,Red Soil
24.70586296,48.67821988,21.32476228,27.29803979,51.95268405,6.021533352,33.13626625,mothbeans,Sandy Soil
121.8909376,16.21325492,50.10587579,28.04996997,92.25407669,6.532894931,22.3326971,muskmelon,Sandy Soil
101,10,47,25.5421695,83.31883376,6.936997681,57.57343233,watermelon,Black Soil
56.14682361,56.51591865,48.54110749,31.73958611,92.86094002,6.492378994,63.04098402,papaya,Allvial Soil
82.54923088,13.83181899,49.36595593,28.93523324,92.14782964,6.408802304,24.170271,muskmelon,Red Soil
29,140,195,23.64082979,90.95257927,5.560521058,116.7431319,apple,Peaty Soil
81.25493092,59.33215942,16.49231676,20.07959372,63.18509038,6.653457721,110.3757222,maize,Laterite Soil
118,40,35,26.35034208,58.50650238,7.460174812,121.5586297,coffee,Clay Soil
32.64777825,75.20817659,22.14371466,33.2386924,69.41684311,6.735464273,62.61239257,blackgram,Allvial Soil
27,80,15,19.07096165,21.21092266,5.788386951,86.21917578,kidneybeans,Loamy Soil
56.93391596,69.75404701,81.33431282,17.13268282,16.92569047,8.064154406,71.57384453,chickpea,Red Soil
3.607018102,8.842878516,34.0191435,27.18209188,99.70142976,6.317390421,222.3756575,coconut,Sandy Soil
59.32222412,41.20405673,35.41928448,24.62137348,79.48349656,6.828725501,196.3545155,jute,Laterite Soil
91.0508657,55.14144918,42.93359274,23.81569391,82.74091421,7.38463888,197.2950523,rice,Sandy Soil
1.081763643,34.71690459,33.55118476,30.61696078,47.2939767,6.254648089,91.44251831,mango,Clay Soil
14.84119883,20.44471836,8.449364476,17.43985854,90.5351466,6.567600344,111.3790177,orange,Loamy Soil
43.66362259,79.3772978,24.07197786,27.65938056,63.99288088,6.771085067,71.21224745,blackgram,Loamy Soil
115.7826986,19.36804858,52.98545088,25.36932407,88.94548358,6.456161732,58.83772227,watermelon,Peaty Soil
90.72396668,39.64916084,39.16520748,24.61068797,80.35661024,6.87152759,192.4673836,jute,Allvial Soil
15,6,41,19.0087067,88.83768149,6.897368477,108.6793978,pomegranate,Laterite Soil
16.30915405,67.12532994,23.45468375,25.82427061,68.55027794,6.354393588,47.93151495,lentil,Allvial Soil
5,13,37,22.34375696,89.7870345,5.648243649,103.3183074,pomegranate,Clay Soil
10.85954155,72.70144328,18.70581321,19.89842514,21.05065042,5.78241813,79.47636495,kidneybeans,Sandy Soil
117.5644484,23.60180077,50.79617809,28.98487475,92.93050033,6.183011779,27.7106644,muskmelon,Clay Soil
25.02590069,18.2626208,40.66095031,19.47195515,87.31316688,6.926460481,108.4665092,pomegranate,Peaty Soil
2.611694575,9.12071421,26.30110297,27.31358405,94.85948787,5.565549332,157.1147467,coconut,Laterite Soil
1,30,10,11.89925671,91.34663797,7.291405641,103.5771468,orange,Black Soil
38,141,198,13.05809741,80.28297993,5.757009965,70.75633584,grapes,Clay Soil
113,30,50,26.03967219,83.9862443,6.277484043,43.87712348,watermelon,Sandy Soil
113,37,20,25.03300222,79.04368718,7.393441155,97.10087029,cotton,Loamy Soil
15.58161324,17.70454491,40.50930595,24.42566647,91.04960647,5.853937424,105.2600346,pomegranate,Clay Soil
7,73,25,27.52185591,63.13215259,7.28805662,45.20841071,lentil,Sandy Soil
10.43975204,60.06826699,23.76840556,31.99557335,57.28506304,6.308549999,66.01949894,mothbeans,Loamy Soil
79.92430346,17.02778673,27.69752297,22.73438835,67.26746936,6.684305119,161.9956345,coffee,Sandy Soil
31.70261024,25.02628383,40.20571795,25.19388764,92.80036031,6.507992572,109.4611377,pomegranate,Allvial Soil
39.38576041,76.20098132,75.05226747,20.05158148,15.16693544,8.12320327,68.84285081,chickpea,Sandy Soil
0.91368007,47.93766274,16.80770811,29.96993542,85.1597159,6.387170071,55.12402509,mungbean,Red Soil
15.10694087,7.476829549,39.80877569,19.41516085,89.43216252,5.611690007,106.034213,pomegranate,Peaty Soil
11.93475292,66.98968486,24.25026632,25.73427343,63.50007564,6.598117523,47.16353485,lentil,Allvial Soil
102,49,21,24.69315538,84.84422454,6.253343655,89.799462,cotton,Allvial Soil
107.010147,91.94323134,50.68944028,27.46573727,83.29613517,6.235152505,102.7002013,banana,Clay Soil
49,68,22,28.56840626,61.53278622,7.127064207,63.49726331,blackgram,Laterite Soil
98.8433393,25.23282325,49.18546041,27.58580942,89.11722957,6.143167451,22.82845893,muskmelon,Allvial Soil
99.61647729,79.55403406,53.40183093,27.48104479,76.39419889,6.039893634,109.0802493,banana,Red Soil
43,64,47,38.58954491,91.58076549,6.825664782,102.2708231,papaya,Sandy Soil
4.631324281,57.96056713,27.2174892,27.62757681,82.2262116,6.238522837,54.37645118,mungbean,Black Soil
43.16422817,69.82965056,23.09195655,29.57587676,66.42581105,7.48371547,68.14663797,blackgram,Sandy Soil
4,19,42,23.83185873,87.84034604,6.306605528,111.2232716,pomegranate,Black Soil
59.44494497,54.9510019,20.30009395,31.85647848,62.69164385,7.309012067,74.44294396,blackgram,Sandy Soil
9,60,21,29.94413861,67.31323084,7.52178027,40.37113729,lentil,Black Soil
6.546321054,77.27877658,25.12223721,20.68730515,25.29474621,5.788994517,68.66891692,kidneybeans,Red Soil
112,25,51,25.04746944,85.5667282,6.932537231,56.72496677,watermelon,Loamy Soil
41.28123196,143.4752286,202.6235856,36.82343675,80.40277194,5.770797127,74.68008926,grapes,Sandy Soil
30.56804855,11.09966211,30.68603157,24.98911237,96.97265217,5.581192158,217.0587098,coconut,Loamy Soil
83.56477912,49.44854278,42.75590706,25.33753427,82.01197366,5.967476095,179.8547648,rice,Peaty Soil
49.18150123,55.5487242,79.74833243,18.55899506,16.03759321,7.897481263,82.46745544,chickpea,Loamy Soil
103.4099989,16.1352874,50.16031065,24.01714239,82.62529283,6.870139566,52.89254117,watermelon,Black Soil
8,26,26,25.54759871,91.64194826,5.702484758,212.867626,coconut,Sandy Soil
111.123021,6.957835945,51.6251286,27.7834946,89.08695211,6.716373532,24.28367421,muskmelon,Black Soil
5.707307829,48.44975873,27.20637388,28.67895746,83.90941036,6.757264748,51.25780689,mungbean,Peaty Soil
2,72,18,26.57597546,60.97876599,7.836719564,50.89110726,lentil,Laterite Soil
10.87679784,28.76976168,12.18067356,22.5996878,91.62136561,7.539421834,117.1044715,orange,Laterite Soil
70.39992632,49.25437898,50.42553867,37.49342493,91.74828846,6.88284613,170.8991642,papaya,Laterite Soil
87.81682621,48.00855361,44.56376352,23.54540083,71.25696067,6.526473062,154.0338352,jute,Peaty Soil
108.1421538,91.78475581,55.49824049,29.78971664,83.78225135,6.016311228,109.6954369,banana,Sandy Soil
5.340463577,134.677973,193.8081734,22.23087461,91.63659335,6.269709099,109.3678507,apple,Red Soil
7.838663766,17.31376546,32.97921481,26.02874048,93.26411201,5.819068124,169.9140975,coconut,Allvial Soil
115.3950809,51.89140428,18.1471534,22.96175783,74.92079923,6.138978326,68.29084806,cotton,Laterite Soil
22.12170641,135.7544043,197.086057,23.77139593,94.49588977,5.758838198,103.3769031,apple,Laterite Soil
5.734427509,19.62981931,28.86546492,34.88480067,48.77000169,6.402122725,90.84890035,mango,Red Soil
83.22501094,82.06832755,55.84320235,25.08351185,82.03741295,5.566484707,98.71636034,banana,Peaty Soil
96,46,22,20.58314011,69.00128641,6.499936446,66.29390357,maize,Allvial Soil
90.56550651,52.63555294,44.93854238,25.03498054,76.98437017,7.247283266,195.0412913,jute,Clay Soil
72,51,40,23.20683504,74.09956958,7.422318499,199.4766779,jute,Allvial Soil
8.377948879,57.75163227,20.57677227,28.80091616,87.50406384,7.174013303,38.71813298,mungbean,Clay Soil
15,36,27,27.78912455,53.96886679,5.643710216,91.01152997,mango,Loamy Soil
75,56,44,25.2746335,73.7459581,6.109478059,168.0432282,jute,Clay Soil
11.83086276,60.99942827,23.05793133,27.1695863,89.0776702,7.054890774,48.76994645,mungbean,Black Soil
49.93382991,47.9243142,48.76430876,24.85633042,90.46230396,6.746164196,219.3037962,papaya,Red Soil
34.00612585,5,28.45277113,25.58428271,90.94485207,5.909107319,143.6695268,coconut,Peaty Soil
66.98810017,60.8963736,26.28859797,25.06387347,66.81289601,5.716501484,109.4326389,maize,Loamy Soil
93.1613894,83.31737604,48.60211481,29.23463248,84.39765394,5.771678258,111.3017609,banana,Peaty Soil
24.24501615,142.0953052,201.1831826,22.24526422,91.78215963,5.688578604,102.5474971,apple,Laterite Soil
17.19524761,57.172238,20.33256171,28.48271042,45.63317799,3.81917721,66.66859019,mothbeans,Allvial Soil
67,68,49,35.26824831,92.38282957,6.821774589,149.8488208,papaya,Red Soil
56.4244103,72.00354008,27.5110202,25.11874182,61.76297433,7.283197413,72.16133623,blackgram,Loamy Soil
34,71,79,17.927806,15.85622899,7.728998197,74.63872762,chickpea,Peaty Soil
50.16641579,60.58982303,45.17545465,32.80717768,93.56412561,6.772178914,240.5766124,papaya,Black Soil
67,60,38,24.79853023,78.53037059,7.16214284,162.2847429,jute,Black Soil
38.86593731,26.07929236,36.40807741,18.74468932,94.8987987,5.591158222,109.2235517,pomegranate,Allvial Soil
39.04434237,66.50980455,51.12936123,29.13185212,91.40570069,6.744213371,202.0837375,papaya,Sandy Soil
12.9902892,67.43558844,20.17794442,23.84189754,24.66008259,5.619740574,85.27946842,kidneybeans,Sandy Soil
29,44,20,30.04132304,63.56222995,8.620107545,31.83192392,mothbeans,Allvial Soil
1.77717831,28.872413,27.19864879,25.82841949,94.39917522,6.29784961,208.3575428,coconut,Sandy Soil
36.83352042,73.36478314,15.31439328,24.71872464,17.64727877,5.544844412,59.35628736,kidneybeans,Red Soil
26.46119552,25.00729368,43.12128311,24.33099397,90.52097202,6.578839374,114.8713652,pomegranate,Red Soil
21.61131039,54.69841622,18.24033996,27.33798341,88.07083632,7.148311621,53.82123263,mungbean,Black Soil
9,8,40,22.48720144,89.9224883,6.553509673,111.6631582,pomegranate,Black Soil
92.75544425,49.90713294,20.23547572,23.48176613,72.51538739,5.890448418,93.95091106,maize,Loamy Soil
49.25856274,57.73570526,22.83482803,27.77066719,62.91425867,7.595653403,70.0335336,blackgram,Loamy Soil
38.3032379,66.45130942,49.52641189,35.4097207,92.15020943,6.531824066,236.0695242,papaya,Peaty Soil
130.7401797,49.27804844,22.90489108,25.62750254,79.54746739,7.316443759,67.19574433,cotton,Peaty Soil
30.87541728,59.64618566,17.25578978,27.33824866,66.97582488,6.146880976,50.71741792,lentil,Loamy Soil
25.99366078,35.96760092,18.35753285,28.91772801,43.00983049,8.951568221,74.17123198,mothbeans,Black Soil
51.67582428,55.72916059,83.07388569,19.79131937,14.25803981,6.83540206,85.93619538,chickpea,Sandy Soil
87,35,25,21.44526922,63.1621551,6.178056304,65.88951188,maize,Clay Soil
37.26610236,71.64043072,20.51313889,28.01681681,50.79633384,5.90164313,186.5446527,pigeonpeas,Clay Soil
85.73475047,15.18596378,47.58729001,24.22285,84.31737865,6.460373714,53.08171934,watermelon,Peaty Soil
35.96681754,44.70677043,20.80581472,28.61809685,84.11585959,7.148066898,54.26182272,mungbean,Clay Soil
6.101136699,23.09634703,33.88390252,26.00604284,94.09481433,5.767043815,133.285624,coconut,Sandy Soil
4.926890546,54.57874047,17.40563765,33.45853906,44.89946296,7.308958868,125.0646187,pigeonpeas,Loamy Soil
79.20348612,18.7976777,51.78847113,27.92518007,90.37133122,6.498334104,25.85446047,muskmelon,Sandy Soil
21,38,21,29.75538903,86.45193297,6.637677489,37.54602719,mungbean,Laterite Soil
11.41915646,19.30701979,33.87949234,27.29745263,52.48643241,5.554921117,92.38205954,mango,Clay Soil
111,15,54,27.7058373,92.91185695,6.194090172,22.06207161,muskmelon,Clay Soil
101.7089703,91.50711192,48.14370641,28.15818614,76.81585338,6.29397263,104.1513288,banana,Black Soil
89.47273437,46.82113721,38.17069022,25.61853046,72.35161369,6.020889643,153.0505066,jute,Black Soil
129.217511,43.83264586,16.10673027,25.44313936,77.72491084,6.70120546,79.40873194,cotton,Allvial Soil
4.79586512,62.96207863,21.06183025,20.37398561,18.33890146,5.80456081,118.6455536,kidneybeans,Allvial Soil
54.33270329,70.18037299,17.4870746,27.64700397,68.32248443,7.111917829,72.39830702,blackgram,Clay Soil
29.31767093,140.3787107,194.5804102,23.42686874,91.42769342,5.559675269,117.3527675,apple,Peaty Soil
24,128,196,22.75088787,90.69489172,5.521466996,110.4317855,apple,Sandy Soil
29,128,198,22.44075021,92.70785115,5.685062404,121.4977331,apple,Allvial Soil
84.86462107,50.99805389,46.40534306,26.35284831,81.84570193,7.219857908,268.4300169,rice,Sandy Soil
82.98749516,56.82781188,18.16656382,25.72459111,70.81965895,6.858043498,99.26388711,maize,Peaty Soil
19.99639134,73.61739833,16.66400596,35.98390462,44.04790348,4.779939181,162.1692924,pigeonpeas,Sandy Soil
102.362518,11.5216773,53.74361983,24.4231925,85.23384598,6.205495099,39.65975417,watermelon,Peaty Soil
20,73,22,16.03768615,22.33195853,5.976312538,130.3900798,kidneybeans,Laterite Soil
81.78227401,25.08535223,54.31995982,26.89943763,83.72571219,6.402695357,41.68995437,watermelon,Laterite Soil
31.72202486,67.5024434,18.02389568,34.91060725,65.39229716,7.192692286,72.03565273,blackgram,Black Soil
20.52662835,68.22367477,20.94933827,19.05437955,49.06466443,5.690487071,180.3857623,pigeonpeas,Sandy Soil
21.38643286,35.33817996,16.04527211,30.3855831,51.17388302,8.137213626,61.91342199,mothbeans,Sandy Soil
10.50660349,20.67732169,33.01466572,32.27215488,53.30364595,5.842245415,96.7376474,mango,Red Soil
114.418349,19.08351086,56.82609422,28.7166979,91.02178816,6.129240183,24.01588363,muskmelon,Black Soil
2.866662275,18.99569574,44.05551886,18.09021316,94.70710346,5.798022024,106.4331465,pomegranate,Laterite Soil
103.4940326,57.30487529,18.28804907,25.66177346,80.2178756,6.629320815,78.67021374,cotton,Allvial Soil
29.32633149,121.3090517,199.5691046,21.22905781,93.27185524,5.568405376,107.0767675,apple,Laterite Soil
17.41915971,51.78000907,16.47351991,28.28489277,87.85037157,6.353608271,45.14033111,mungbean,Red Soil
128.5428922,59.91466431,18.87833481,24.01440664,83.82230009,6.753833087,79.30703666,cotton,Sandy Soil
57.58151901,67.94664665,26.37789946,32.44458422,67.12208783,7.555667411,66.68101815,blackgram,Peaty Soil
121.2272975,46.46108732,22.80660661,22.53017915,81.5928229,6.421176448,63.69870074,cotton,Red Soil
20.68662498,27.70735695,24.40132398,27.50016981,45.23546113,4.943995991,92.83289482,mango,Black Soil
107.488722,89.82626112,50.62008975,27.34179266,84.3867085,6.267293583,103.7455824,banana,Clay Soil
26.94504658,70.54850374,14.96374999,29.35155045,66.40060489,6.568955983,35.93686857,lentil,Peaty Soil
37,52,47,43.08022702,93.90305729,6.54277684,211.8529059,papaya,Laterite Soil
40.81000207,36.79253126,25.9613867,29.40910125,60.92430202,9.079312062,35.0536593,mothbeans,Allvial Soil
11.09102081,44.98357969,17.68462443,26.29466967,56.31818426,8.043066397,36.13173065,mothbeans,Black Soil
25,63,20,15.78601387,21.14544088,5.502999119,95.17028129,kidneybeans,Clay Soil
6.001296618,8.027317157,5.233052295,10.99364271,91.45622009,6.54798884,115.4118411,orange,Allvial Soil
91,7,53,25.13735887,89.28272716,6.457216535,43.52897517,watermelon,Loamy Soil
19.223436,29.81958644,11.88834065,22.15268898,91.51775173,6.442549618,116.4737501,orange,Clay Soil
127.5254401,36.50555198,16.69768453,24.97033325,77.14003863,7.052187702,92.62332707,cotton,Black Soil
55.89250508,56.35381184,48.39628297,37.26232442,94.58254225,6.672458894,171.6575254,papaya,Red Soil
16,75,21,18.50692825,23.61670065,5.679224346,87.0513289,kidneybeans,Allvial Soil
0,25.88761351,36.26166567,23.82803262,94.30192611,5.683813914,101.1866536,pomegranate,Black Soil
32.38995924,12.88121802,7.34117354,21.16241242,94.18471363,7.698676918,112.0520071,orange,Black Soil
96.82044204,17.41624019,26.89215526,27.51130987,67.46234694,6.466163921,167.96428,coffee,Peaty Soil
37.69144961,54.65595967,18.20580851,33.29289715,37.96963892,5.887461743,197.7286812,pigeonpeas,Peaty Soil
108.3890825,21.41395384,48.48624557,28.54296109,91.48251985,6.176537882,26.48899642,muskmelon,Peaty Soil
70.65188716,50.21135559,43.82369837,26.44428771,73.47873144,6.745938444,179.7046487,jute,Allvial Soil
45.01972119,56.55717175,47.5906145,23.28687472,90.27767435,6.619325281,162.4560883,papaya,Sandy Soil
115.8339433,36.94474125,24.65689314,27.10590814,57.9140753,6.153428851,156.6829957,coffee,Allvial Soil
115.6551107,13.68524621,55.40442295,24.52898126,90.07818265,6.039958903,44.64011826,watermelon,Loamy Soil
40.63014087,79.13163247,78.38942776,19.47773266,18.87829499,7.789305921,79.55205058,chickpea,Clay Soil
108.9783827,87.60985788,54.63970781,26.29034392,82.97851121,5.907954591,109.9046709,banana,Black Soil
84.81216421,50.04049609,40.91535993,25.46835495,81.20283749,5.93420895,182.3500833,rice,Peaty Soil
1.140950948,69.57291969,24.77516192,25.93212036,61.3690042,7.054511559,34.63985867,lentil,Red Soil
53.67463067,68.0459549,15.44995001,34.56836669,69.72690765,6.62641032,67.82424149,blackgram,Red Soil
1,17,6,10.78689755,91.38411917,6.8198271,117.5293447,orange,Peaty Soil
72,40,38,20.41447029,82.20802629,7.592490617,245.1511304,rice,Sandy Soil
40,126,201,11.36300891,80.03100049,6.116982944,71.18289431,grapes,Black Soil
99.76071891,34.39924589,20.76150667,20.76966481,64.01111722,6.679708433,78.05076144,maize,Laterite Soil
17.6601372,14.78495827,11.51641527,27.72985931,90.25125158,6.555682734,118.2800383,orange,Black Soil
33.54843001,72.10530272,16.21264926,21.10558722,63.07590493,7.633310665,53.03676423,lentil,Clay Soil
100,24,28,25.59535262,57.72920846,7.101661011,195.7733251,coffee,Black Soil
29,144,204,22.43324518,92.48667725,5.800448951,119.1025189,apple,Sandy Soil
11.09481093,61.62691003,18.36990951,19.38160078,24.67019998,5.650592313,68.60892847,kidneybeans,Laterite Soil
60,38,17,18.41932981,64.23580251,6.474476516,76.41312437,maize,Allvial Soil
29,72,24,23.17409556,36.67847052,6.962386495,162.5931264,pigeonpeas,Allvial Soil
84.94507437,80.31202769,47.11532658,27.93495661,82.56403276,5.808651445,98.2884176,banana,Clay Soil
80.56403243,50.63332244,14.35816327,25.37830168,68.30756716,6.581870282,94.50673488,maize,Loamy Soil
105.3668074,19.20177682,52.84117189,29.90475561,91.51197384,6.312997212,21.30885537,muskmelon,Laterite Soil
63,58,47,26.83054058,90.75379971,6.864143752,144.6656444,papaya,Clay Soil
19.85777551,127.3292533,204.9917687,22.36596985,95.10960999,6.047486504,117.7500043,apple,Black Soil
19.32183682,45.13990689,15.32561399,30.10229341,54.1654606,4.659040284,44.20085186,mothbeans,Sandy Soil
24.25968043,70.61193697,23.42284816,28.4254874,37.2319324,4.657589999,89.88498581,pigeonpeas,Sandy Soil
36.17033401,140.6480028,196.1871997,23.14408208,90.75392021,6.296005925,102.8662845,apple,Sandy Soil
4.837087444,80.26925559,17.10291602,29.35923016,67.62525049,7.437824053,44.60130105,lentil,Sandy Soil
0.11091028,23.21409519,14.47964097,22.34403618,93.10136358,7.627897161,111.8254101,orange,Allvial Soil
17.01528774,122.5060031,199.7477642,23.12528028,90.87828579,5.824831492,111.3072776,apple,Loamy Soil
62.67050103,54.4326423,41.62156735,24.96595389,87.90253255,7.039889796,151.4164805,jute,Loamy Soil
99,5,47,24.13078816,84.84494575,6.649086972,51.19470197,watermelon,Loamy Soil
40.80184816,48.80739003,46.67168475,42.67987983,90.97965661,6.489033812,244.4830816,papaya,Laterite Soil
60.74555332,56.21986982,42.90208077,21.24678264,83.97580312,5.96814576,284.5947858,rice,Allvial Soil
16.26327999,5.090249852,14.42244727,20.63833052,90.43754661,6.203185061,102.8168115,orange,Sandy Soil
36.54511909,9.465356065,40.98410398,24.31246228,84.91748519,5.770071687,104.9787018,pomegranate,Black Soil
3.618125761,66.87987418,15.73937135,18.23768163,34.92005797,4.971153882,108.2296437,pigeonpeas,Allvial Soil
3.816731405,43.23633393,16.97757876,27.75049592,83.82348843,6.905710953,43.98540752,mungbean,Black Soil
57.62773528,72.48797536,16.25175756,33.19813831,66.53721974,6.849423609,64.86190329,blackgram,Red Soil
126.1568567,49.98825419,17.61419626,24.47616735,81.36426845,6.615664853,79.03859422,cotton,Allvial Soil
84.86145913,31.58799403,36.55172557,26.90877483,59.77349145,6.503861403,189.1195351,coffee,Laterite Soil
18.28540317,16.41806594,31.29342066,31.94230745,44.96176513,5.655979379,94.6168456,mango,Red Soil
92,7,48,26.27520631,86.63249555,6.956508826,54.38748495,watermelon,Clay Soil
4.758649076,40.85601088,20.99222348,27.84037442,84.23682263,6.645797397,36.30097007,mungbean,Red Soil
30.88481206,29.85598041,34.09004078,25.04650914,95.48909303,6.000973454,166.0954465,coconut,Red Soil
7.037145255,27.28068878,45.02260576,21.14375859,91.49328912,5.557669452,105.749163,pomegranate,Loamy Soil
49.79443217,61.23760415,44.64285539,40.88047121,92.03557398,6.718183486,206.4898083,papaya,Sandy Soil
115.4516345,19.36041034,54.40873912,29.05111474,94.04300519,6.030867374,20.21126747,muskmelon,Peaty Soil
1.283427219,25.8415795,34.04682302,30.28682644,49.52242682,5.749085899,94.16348661,mango,Red Soil
18.477406,25.43889336,27.47467221,26.84646075,98.16949165,5.667024311,167.2199606,coconut,Red Soil
6.8427624,71.77083459,17.28782617,22.9661585,67.07359758,7.674770935,54.50715608,lentil,Red Soil
13.81761358,48.07676799,17.57662134,29.40198552,84.69439633,6.982420751,52.67571385,mungbean,Red Soil
37.9460912,35.88774102,25.17802965,27.65640681,46.98736969,5.882479001,89.96722935,mango,Black Soil
90.14809404,59.26735096,34.04817033,24.23761889,89.08716368,7.105849871,176.3561434,jute,Allvial Soil
38.02489738,135.3087462,204.0063694,23.75779903,94.0061732,5.960997853,99.40241484,apple,Peaty Soil
2,39,15,28.07219563,82.9116472,6.478557136,49.61865305,mungbean,Loamy Soil
81.28214841,14.89359789,27.54507665,23.21119793,68.30090309,6.727388895,159.9892343,coffee,Sandy Soil
73,43,42,26.58361011,78.00774772,6.310699968,154.8238864,jute,Clay Soil
27,64,15,20.16080524,24.84207559,5.514927264,138.2362122,kidneybeans,Loamy Soil
118.793335,31.50279551,34.11568074,26.28146988,52.30375136,6.722118782,127.4900044,coffee,Laterite Soil
8,7,10,28.2620488,91.98317355,6.929216014,105.2132259,orange,Laterite Soil
7.997406866,28.39595313,39.35455481,23.24339194,95.07789858,6.771303992,106.8686562,pomegranate,Loamy Soil
17.90568651,68.96172383,21.33379706,25.51234894,64.73725618,7.708109452,63.25231496,blackgram,Clay Soil
28.18395338,75.81828366,22.09867365,24.81827846,49.90518764,6.020910107,115.7831602,pigeonpeas,Peaty Soil
10.09416498,6.572666143,11.21723143,15.87900566,91.24437869,8.007773804,108.0195867,orange,Sandy Soil
80.90323457,37.0342157,37.79335426,23.75518157,88.70152488,6.322625987,152.3206418,jute,Peaty Soil
88.24326933,24.98254719,50.25053222,27.06617052,90.98170101,6.358858401,24.53774425,muskmelon,Laterite Soil
75,54,36,26.29465461,84.56919326,7.023936392,257.4914906,rice,Clay Soil
39.94314213,67.6104648,15.83375079,33.8536701,64.9287041,7.702810973,72.25796961,blackgram,Sandy Soil
80.21627738,55.08452669,35.8963137,23.48494137,72.62713641,7.059687759,175.9958296,jute,Loamy Soil
78,46,42,23.09499564,78.45959697,7.095413294,155.3851533,jute,Red Soil
12.61090784,60.52791086,20.58835756,27.30535747,87.8129294,7.056874411,49.84931211,mungbean,Black Soil
119,19,55,25.18780042,83.44621709,6.818261383,46.87420883,watermelon,Loamy Soil
13.06582821,6.798229841,10.36875012,16.20931855,92.0902396,8.016863299,107.46967,orange,Sandy Soil
52.77235655,60.07963677,15.2749637,32.86949076,68.33923019,7.161905879,62.89457204,blackgram,Black Soil
93,22,52,26.58740671,81.32563243,6.932739726,41.87540028,watermelon,Black Soil
89.92091342,51.85076553,38.74638948,26.46924826,81.54394224,5.328599266,264.5448932,rice,Clay Soil
27.25079725,121.2383231,202.2675615,22.64275542,95.76057208,5.604002753,108.8483577,apple,Clay Soil
5.619527316,48.13782652,17.95544126,29.30643535,80.16888314,6.714490999,39.94338736,mungbean,Clay Soil
14.60911911,66.09941213,20.66104102,27.3475716,63.59281901,7.338216367,44.45721408,lentil,Laterite Soil
118.3878674,20.82352588,49.05176217,24.29813904,86.76209476,6.657425886,50.71262101,watermelon,Sandy Soil
83.47676301,22.3104795,55.99319835,28.49383875,93.0982076,6.501887601,21.62462979,muskmelon,Loamy Soil
82.18567735,27.51898328,47.13898137,28.37979367,94.33944542,6.572035603,23.37724239,muskmelon,Black Soil
102.1014731,16.08909747,52.49617409,24.86888839,80.49107017,6.207468512,45.34317358,watermelon,Peaty Soil
3.35523328,20.34581322,33.5849088,24.90587827,91.79925577,6.296372128,180.0232855,coconut,Red Soil
109,31,27,23.05951896,50.40609436,6.973839707,164.4971875,coffee,Clay Soil
38.45834426,58.41294479,74.93974617,18.61810003,18.44077776,8.853218436,76.11905215,chickpea,Black Soil
91,24,55,26.27061608,83.09194521,6.259086583,46.76837499,watermelon,Red Soil
47.56529465,66.7425228,18.78043765,28.55983384,61.44207747,7.083196896,62.62572685,blackgram,Laterite Soil
39.87049409,20.56226277,9.007197286,13.09986464,94.73546177,6.328121394,105.8568547,orange,Allvial Soil
34.50369724,67.39916857,22.92697097,16.96280283,25.0370381,5.569838666,75.2750075,kidneybeans,Black Soil
38,135,203,41.36106301,82.79782954,6.444373116,69.92107482,grapes,Peaty Soil
37,71,16,26.28663931,68.51966729,7.324863481,46.13833007,lentil,Sandy Soil
2,140,197,22.69780133,92.82223419,5.53456749,105.0508234,apple,Red Soil
117.2472405,20.19102461,54.11042083,28.96386671,91.80068169,6.100916446,25.00001714,muskmelon,Black Soil
48.14965105,76.27915727,17.07970219,27.25848674,67.00542551,7.409824365,57.1736727,blackgram,Loamy Soil
19.47896307,73.00227387,17.67018039,24.91532588,21.98083299,5.70927275,146.3700245,kidneybeans,Black Soil
113.3495126,86.44558674,45.33091319,27.926662,78.55535751,6.053652396,109.3726334,banana,Sandy Soil
7.171287584,59.8761488,23.53142302,20.32989083,39.43954317,4.735245399,139.7072639,pigeonpeas,Clay Soil
36.3575498,144.3153797,196.6227711,21.83577842,94.77327587,6.229379605,109.2631051,apple,Clay Soil
19.51223908,62.20954984,21.5694315,25.05927798,67.80947415,6.84472412,73.48341515,blackgram,Allvial Soil
21.06784511,51.10894999,15.6067464,27.92083832,61.13345731,8.660250722,68.12898381,mothbeans,Sandy Soil
31.98985479,76.12308067,23.70165423,32.82512349,69.17181846,6.651913003,62.23405933,blackgram,Allvial Soil
82,22,45,26.22338015,85.34866045,6.512196212,54.60159289,watermelon,Sandy Soil
65.91863384,48.89412932,22.38119186,23.16253549,61.50911727,5.641342307,64.41111402,maize,Clay Soil
23.99788912,27.60984389,37.32990917,22.87204984,84.9816864,6.982213849,108.9548291,pomegranate,Sandy Soil
24.71829965,26.47663672,9.601055097,18.97117231,91.50163449,6.168462464,117.9134455,orange,Clay Soil
117,32,34,26.2724184,52.12739421,6.758792552,127.1752928,coffee,Laterite Soil
106.2958359,9.618208963,49.79013815,26.33417546,88.79763366,6.797600659,44.93633064,watermelon,Red Soil
0.147757658,63.98272358,26.91531012,28.64504991,62.67198045,7.83385006,55.28852339,lentil,Loamy Soil
38,21,35,20.33691147,89.38003827,5.841367187,110.9653137,pomegranate,Peaty Soil
12,66,20,27.41434987,63.41785982,7.336117221,44.43177543,lentil,Laterite Soil
118.6454033,22.11563505,33.42341005,24.37647063,64.50187177,7.190986043,118.2605408,coffee,Red Soil
51.99909921,65.52649118,17.27242257,31.74334785,68.73523642,7.328441666,63.34573118,blackgram,Loamy Soil
76.57892266,49.27126517,16.29537034,26.14206555,73.09055024,6.301203245,78.28427758,maize,Black Soil
34.0169609,60.20243929,12.65982112,29.09229761,81.30482161,6.519341078,58.56498095,mungbean,Black Soil
3.60744175,5.147379793,6.387453339,22.8225002,91.27579722,6.716273366,113.2746572,orange,Peaty Soil
31.87130697,69.35847996,21.0810631,20.90169658,46.76296629,6.204151215,194.50781,pigeonpeas,Laterite Soil
25.93905543,19.33673838,39.51710371,19.6221256,90.44603195,6.827234746,107.8604553,pomegranate,Peaty Soil
103.0589261,51.51126774,19.47285681,22.70867458,84.16470466,7.000399865,90.11281211,cotton,Red Soil
107.3216631,51.74785922,22.78854846,24.62164453,77.46548672,5.971745018,80.78824052,cotton,Red Soil
6.791735329,36.54512246,18.27976518,27.73258899,86.21157632,7.039456151,42.85185389,mungbean,Allvial Soil
14.42013146,39.37932108,18.6893963,28.90960946,88.55712924,7.104721809,36.04812968,mungbean,Black Soil
34.29226731,132.4388793,201.9709151,15.74606332,79.62850627,5.795057324,74.61937454,grapes,Black Soil
36.02609579,49.96090368,52.31771461,32.68346773,89.26281062,6.900643358,75.62431748,papaya,Loamy Soil
2.478572906,34.62524246,23.98616509,34.14544998,51.18610547,5.116578946,95.55779545,mango,Black Soil
106.1412211,69.76196141,53.97112505,29.14135898,84.66752146,6.066198149,117.3824351,banana,Peaty Soil
88.62623813,23.14376815,50.68270923,24.70402885,85.80487409,6.360592841,45.06487076,watermelon,Laterite Soil
108.8697618,77.03696858,45.3291354,27.94492868,80.07313873,6.512107068,109.0731809,banana,Allvial Soil
9.528978108,44.77404375,22.15766766,27.92279505,85.06703438,7.00390859,42.77839382,mungbean,Laterite Soil
66.45485998,42.23093422,38.43251575,26.00833979,84.39235739,6.001188776,189.1023943,rice,Red Soil
2,78,23,21.31852148,66.43934593,7.320514721,45.42616802,lentil,Black Soil
16.11955634,9.54140069,41.44483516,22.10408134,93.59827412,7.062187181,109.2444819,pomegranate,Allvial Soil
50.74572553,62.47782629,49.58800434,32.39665411,94.03268728,6.889080527,93.26326777,papaya,Black Soil
95,52,36,26.22916897,83.83625819,5.543360238,286.5083725,rice,Laterite Soil
31.88800502,23.95877534,37.39293602,25.05719078,92.35462423,6.50275501,110.3537381,pomegranate,Allvial Soil
32.47065094,23.45312448,43.57735458,19.96856773,85.79421205,7.115676686,112.875019,pomegranate,Red Soil
98,22,47,29.07265321,91.91533173,6.341400922,28.83568362,muskmelon,Allvial Soil
32.90924692,70.7859724,18.86286458,28.92180773,48.87466207,5.836199657,95.30509064,pigeonpeas,Sandy Soil
15.47701242,52.02375044,17.46260364,27.79376134,86.83907516,6.387449081,45.7293678,mungbean,Red Soil
77.09252566,48.10364564,13.49145337,21.51655956,71.2259253,5.944494554,100.623187,maize,Peaty Soil
32.34168473,25.24192236,36.92076995,17.96053769,85.47696352,5.917999266,109.3576745,pomegranate,Clay Soil
11.70260101,60.2848209,25.3431561,17.26482819,20.43823176,5.65283998,127.4361112,kidneybeans,Sandy Soil
3.354814056,136.0003383,205,30.08113216,80.47430338,5.906035702,64.12543836,grapes,Red Soil
23.46123035,68.13917749,24.15584446,27.83188412,64.90675139,7.531093225,36.34931493,lentil,Clay Soil
76.69073401,41.94814646,14.79023216,20.41580169,63.51932289,5.857445803,63.76276449,maize,Sandy Soil
16.17207067,15.27078263,42.36475508,19.87043366,88.27975658,6.89143057,104.9702971,pomegranate,Red Soil
41.3723945,61.92228072,18.53733832,20.84969587,65.71427808,7.019523195,45.77629913,lentil,Peaty Soil
23,57,19,32.83963757,67.99803573,7.251000789,73.40452716,blackgram,Black Soil
91,41,37,24.48556447,83.20630007,6.132570523,192.2316221,jute,Allvial Soil
26.97479524,17.53206044,7.680514197,17.0890026,94.2205799,6.910518315,111.5960475,orange,Laterite Soil
29.67901575,144.4255903,204.0733691,22.40246956,91.96212837,5.816055208,121.5287871,apple,Sandy Soil
68.92238079,65.20136193,48.24487475,40.10282247,95.1599262,7.005457449,184.8582657,papaya,Loamy Soil
24.8151969,26.87312626,7.4943806,18.66671719,93.47931707,6.165263563,118.1651497,orange,Clay Soil
61.52276004,60.14055057,15.86375512,24.67557536,68.97401531,6.257853017,93.22523746,maize,Clay Soil
64,53,38,26.24347471,78.51063754,6.855362875,183.4065252,jute,Peaty Soil
72.50755562,41.03625797,44.95214923,26.63913569,79.95703908,6.336174007,180.8094295,jute,Black Soil
29,21,45,23.40981539,93.13277,6.749260456,105.2240743,pomegranate,Peaty Soil
33.72346079,76.72619385,23.52501958,33.03627689,69.93513634,6.685626813,64.00193673,blackgram,Allvial Soil
79.15235345,19.09576166,50.92716935,27.91907853,91.30715625,6.480258077,22.03006698,muskmelon,Sandy Soil
42,53,48,23.11407669,94.31994776,6.758479569,231.5153161,papaya,Peaty Soil
72.59476585,47.81084978,41.04685803,20.33459219,81.48040511,7.271581218,193.5433783,rice,Clay Soil
94.3275503,36.83993727,37.04359411,23.84080632,83.18420283,5.525774547,287.3953867,rice,Loamy Soil
63.39393754,58.11752586,46.52657592,27.1023766,90.92430371,6.869490637,143.8541828,papaya,Clay Soil
42.51045923,66.61052829,77.43920075,19.2517594,15.24317689,7.959764582,74.64088514,chickpea,Red Soil
1.855227812,56.85780149,19.23511884,28.17012155,54.09024043,8.687362533,52.57322392,mothbeans,Sandy Soil
13.38897082,9.914597743,10.74259363,11.40463234,95.30139749,7.939111302,106.7741858,orange,Allvial Soil
39,37,15,28.9973145,83.78911515,6.821747052,59.84499208,mungbean,Black Soil
86.41650896,31.17345812,35.26707958,27.0138375,61.58971265,6.462530498,190.5290099,coffee,Laterite Soil
16.27159947,62.94222073,14.28338998,31.04271743,32.33655934,7.195637819,180.7514498,pigeonpeas,Loamy Soil
3,27,44,24.56811204,92.03009222,6.591302797,110.9633894,pomegranate,Laterite Soil
42.40267003,79.59936756,79.10280016,19.45714637,19.78938059,7.825522382,80.75740616,chickpea,Clay Soil
43.1289911,64.52399238,49.4222824,38.54573198,91.07994581,6.810289864,101.9651483,papaya,Sandy Soil
124.8877902,49.6670445,16.60053264,24.41580797,82.00724438,6.659207417,77.99928109,cotton,Allvial Soil
11.14564658,46.39596001,26.35401983,27.63727532,89.05489154,6.45322165,58.14847376,mungbean,Red Soil
30.40463964,137.5499451,195.9824936,22.04303795,93.45198944,6.415017078,121.6148822,apple,Loamy Soil
39.49286515,63.24621174,16.05857673,27.11576149,34.81268912,4.685534361,97.73508975,pigeonpeas,Peaty Soil
2.933200757,27.53052568,36.59592138,24.28583022,90.07154981,7.104293271,106.2127588,pomegranate,Loamy Soil
21.578091,54.6775564,15.75039021,27.2062206,87.86416507,7.183497493,54.87756419,mungbean,Black Soil
102,45,16,23.65629976,77.52425987,7.2942193,74.8984994,cotton,Laterite Soil
2,123,198,39.64851881,82.21079946,6.253034534,70.39906054,grapes,Loamy Soil
80.50516293,51.87840976,40.14672489,23.66953838,82.22080879,5.15079246,231.5471258,rice,Black Soil
30.71627012,143.4270897,201.7032537,23.86572395,89.99293539,6.393435369,107.6471843,apple,Laterite Soil
35.42058315,30.19629463,33.02028299,28.64103091,95.91367036,6.112664812,185.033886,coconut,Black Soil
64.38126232,43.2322121,16.58615625,19.17501129,65.88343662,6.786071488,72.22007508,maize,Loamy Soil
89.1787602,51.88450074,44.2760508,25.02780802,78.83860188,7.23444146,199.6729325,jute,Clay Soil
29.53872753,6.587091691,37.63003365,22.22726297,91.2561737,6.825803012,109.6234052,pomegranate,Peaty Soil
33.81457443,66.41367597,48.11719164,27.32478476,95.39943379,6.711195267,43.609168,papaya,Red Soil
4.670117802,76.32314027,23.70280998,20.60707927,24.29051843,5.799625972,71.94786988,kidneybeans,Red Soil
63.33346951,59.81486194,42.61608194,22.04265233,81.87947857,5.643710608,228.8585871,rice,Loamy Soil
30,7,15,33.23453301,91.06053924,7.825531916,115.7659902,orange,Allvial Soil
6,36,22,24.21610338,59.79236306,8.869532817,42.24783476,mothbeans,Black Soil
22.30405283,67.6639929,77.46614753,17.12077305,14.25803981,6.20688505,72.00958969,chickpea,Allvial Soil
30.84352079,64.64980213,17.7356176,35.13307751,65.08538022,7.149365654,67.72474525,blackgram,Black Soil
23.16196047,59.19366618,16.64403049,21.88423241,24.79917373,5.857056108,130.152533,kidneybeans,Black Soil
20.47143119,60.383712,16.09597554,29.28685263,66.24300942,7.342723177,64.78888985,blackgram,Peaty Soil
8.778657626,52.15497169,18.15912098,27.11034152,49.07444886,5.514283354,49.22461406,mothbeans,Clay Soil
70.68402657,51.35053368,17.46338571,25.02427544,55.89878035,5.828717162,80.67603582,maize,Peaty Soil
75.42891598,38.6433462,41.04161641,23.29646594,85.04693311,6.20962188,286.0887257,rice,Peaty Soil
12.95041842,58.71507063,15.48724753,30.53530892,61.01835811,4.557043946,33.17327054,mothbeans,Peaty Soil
36.73345285,53.0845286,46.00659657,43.03380556,92.63443507,6.570402294,211.7243698,papaya,Laterite Soil
34.5070234,14.8670512,8.45235509,15.95772368,92.16704666,7.598845625,111.1123467,orange,Laterite Soil
100.5945361,79.42201496,51.32868056,27.71528491,77.38450109,6.05311222,109.9661391,banana,Red Soil
29.68275226,7.450080141,8.960611988,34.41887205,92.81951706,6.713711346,116.9416751,orange,Clay Soil
39,29,29,26.50908611,94.48414544,6.143662699,199.8778403,coconut,Laterite Soil
83.58657035,21.70013372,51.98457817,27.11342304,88.4647003,6.876935284,56.11142078,watermelon,Allvial Soil
120.4774015,24.0563972,47.90798727,27.23180169,89.11957378,6.278906644,57.30034263,watermelon,Peaty Soil
37.682904,42.60560105,21.23706342,24.95229128,51.10282705,4.516165128,37.94524637,mothbeans,Loamy Soil
40,22,6,24.53610067,91.90997228,6.488221135,115.9787989,orange,Loamy Soil
32.81158959,11.73223931,7.575482983,25.69356691,90.74409204,6.804165163,115.0478909,orange,Red Soil
97.91923951,11.37071424,49.22057326,28.96653924,94.41102008,6.026760018,21.78065492,muskmelon,Loamy Soil
11.98642571,62.29300619,25.3352482,18.21004874,68.94805881,7.590547178,46.67919167,lentil,Loamy Soil
54,66,52,36.56769731,93.79503425,6.867554147,104.4218596,papaya,Black Soil
40.03405906,121.9845585,196.7433853,23.7479236,92.14233253,5.916621473,118.194566,apple,Red Soil
100.2479146,15.66893867,25.98578734,27.34162533,57.29395165,6.082666364,125.2962295,coffee,Sandy Soil
23.17002917,27.89051129,9.543561835,18.74053362,93.41732507,6.139735757,122.6574348,orange,Clay Soil
96.276187,25.5650561,45.39014051,30.10379532,94.04370711,6.11983406,31.01416721,muskmelon,Sandy Soil
57.94866235,74.84436273,25.0918672,25.20341724,59.60135545,7.231794471,69.08820964,blackgram,Loamy Soil
86.06329781,26.70560986,44.86103045,26.07770652,88.76493009,6.444201529,60.76000159,watermelon,Clay Soil
104.5850894,92.41387305,44.27480336,25.10724456,79.08348698,5.747507999,106.399066,banana,Loamy Soil
87.78493659,23.58810746,26.52213389,26.25051689,61.64668309,6.964379036,193.6701181,coffee,Black Soil
94,39,18,23.89114571,57.48775781,5.893093135,102.8301942,maize,Laterite Soil
9.6139995,140.7609686,205,21.16441921,81.60548575,6.123860404,67.10214885,grapes,Allvial Soil
18.11402353,75.0855421,21.22975099,18.69988335,23.04198317,5.70308503,87.51939734,kidneybeans,Allvial Soil
31.03586842,141.5949491,204.9029312,8.841524531,82.10798677,5.562046937,67.85649915,grapes,Laterite Soil
6.345286675,32.830331,32.73160377,32.18412084,52.46112446,5.838422475,92.20830792,mango,Peaty Soil
10.82183839,138.7343468,197.4316796,21.80867108,94.59065097,6.085730175,121.6146626,apple,Clay Soil
6,72,15,22.99451999,66.70897237,7.670178119,54.49044154,lentil,Red Soil
98.06169026,37.52915103,21.11825903,22.81778535,71.77544567,6.332959662,68.92129109,maize,Red Soil
20,27,41,20.51343484,92.51675903,5.700088663,110.5764023,pomegranate,Black Soil
76.06157218,54.09157873,17.03978686,20.62947273,58.30683888,6.919104444,103.7990965,maize,Loamy Soil
115.4001668,25.23119114,47.17951678,29.27355199,93.99524294,6.081857072,27.01581901,muskmelon,Loamy Soil
4.91657833,21.63673545,5,22.88232657,93.70504708,7.468357318,111.4582951,orange,Peaty Soil
17,77,24,20.76952209,18.93146941,5.568456899,109.0193712,kidneybeans,Allvial Soil
39,78,15,21.35499456,62.60136323,5.925391795,41.78219834,lentil,Laterite Soil
38.82598492,57.39385753,43.4646317,34.30837316,92.92227524,6.722371167,128.479229,papaya,Peaty Soil
61.89959426,47.76621012,20.8139616,21.5931031,60.52067461,6.680356616,91.3215204,maize,Red Soil
80,15,28,23.11438731,68.00096043,6.703270635,161.8944624,coffee,Sandy Soil
59,63,18,31.65531175,60.13263713,6.52669158,66.69096751,blackgram,Allvial Soil
29.95866361,44.40544137,16.26107012,29.4116927,82.48712092,6.421794536,48.94074725,mungbean,Loamy Soil
96.54553943,11.53982705,47.61658601,25.31308184,90.19910338,6.789770514,57.45317589,watermelon,Red Soil
60,51,36,22.69657794,82.81088865,6.028321558,256.9964761,rice,Laterite Soil
77.80858817,91.90844046,45.59455929,26.35689783,79.64556336,6.216105454,107.8279883,banana,Black Soil
110.3908467,38.74202415,22.04587052,22.66767381,80.52641607,6.155907798,90.21765895,cotton,Sandy Soil
40.20233414,66.16915555,56.44101817,29.05438734,95.52368384,6.659391349,61.22323967,papaya,Loamy Soil
82.71687391,56.37092524,23.59212631,19.90189518,60.31903487,6.36897068,60.77601913,maize,Laterite Soil
26.74141215,59.47299872,17.69341089,27.8292345,53.30549026,4.429235329,35.92698026,mothbeans,Peaty Soil
1.329489619,135.0651025,195.2550867,22.32550254,79.53450977,6.31106641,65.65625656,grapes,Red Soil
41.25616806,8.24206103,41.06572706,24.50467054,85.76371843,5.7633036,105.0503494,pomegranate,Black Soil
70.76341013,46.38283205,41.07013647,23.67963712,81.20981273,4.996654877,265.9212441,rice,Sandy Soil
22.71345185,70.19036841,15.35645768,34.49819337,63.3716635,7.391500533,60.40598003,blackgram,Sandy Soil
27.18273597,44.94036523,20.43441558,29.96038854,62.546891,8.62648497,32.85303444,mothbeans,Allvial Soil
105.5456698,15.7974525,53.56333457,28.99287682,91.99717735,6.565978697,25.09252788,muskmelon,Red Soil
15,28,32,28.84270971,99.64328526,6.218571874,224.4016682,coconut,Allvial Soil
84.02271365,40.29827043,42.41950308,26.40751634,73.99696254,6.72398713,184.9940629,jute,Black Soil
90.08655776,9.062682895,46.85125422,29.30153569,91.45552148,6.636129337,24.26461275,muskmelon,Clay Soil
46.61417396,62.37941889,16.9216057,27.66446615,67.33270111,6.695263716,70.86261504,blackgram,Red Soil
32.64660568,59.25922,16.68806447,31.28131883,63.04343399,7.334533949,64.10534217,blackgram,Laterite Soil
92.44854273,19.47234376,49.40160521,24.14668126,80.17010518,6.768484717,45.6667996,watermelon,Laterite Soil
21,6,41,24.88244467,89.39686219,7.086947687,107.1951707,pomegranate,Laterite Soil
4,20,25,28.93270187,47.94053996,5.664587011,99.9834242,mango,Black Soil
24.27225514,5.422190751,44.86955485,21.31596422,93.68561163,7.151375694,106.7465875,pomegranate,Black Soil
16,70,20,24.80467592,40.1242747,5.6093956,121.5639121,pigeonpeas,Red Soil
22,23,44,20.13037175,89.31505137,6.143874691,107.3416913,pomegranate,Clay Soil
25.15681523,67.69560079,22.05427142,20.23922248,23.18472325,5.607690718,102.9546462,kidneybeans,Allvial Soil
11.10610562,30.12683153,38.79316428,19.59173957,88.82745526,6.572815939,112.3794059,pomegranate,Sandy Soil
109.1536689,25.61991038,55.36958705,29.14440736,91.74909828,6.417651112,25.94520107,muskmelon,Peaty Soil
75.64802901,37.60903608,21.86720463,25.33653214,63.66378819,6.321582485,73.3236023,maize,Red Soil
23.93163367,77.10085224,15.92310076,31.63930007,69.07986343,7.266026627,63.72679031,blackgram,Peaty Soil
3.880941427,35.22588705,22.1888316,28.01911657,85.89991431,7.002800488,46.60548659,mungbean,Allvial Soil
31.99865643,37.02077472,22.24328173,27.29505249,86.46787788,6.684564419,38.75931016,mungbean,Peaty Soil
22,123,205,32.44577836,83.88504863,5.896343436,68.73932528,grapes,Clay Soil
25.19609104,50.89933976,22.94053101,28.66893221,52.62162403,7.826868689,54.43402879,mothbeans,Loamy Soil
113.7974901,79.56198002,51.24664634,26.58050269,82.49692782,6.273188993,114.1693706,banana,Black Soil
132,52,19,24.16402322,76.7433897,6.436691764,61.94626051,cotton,Clay Soil
36.74649419,57.69205558,82.31788492,18.65518254,20.87973253,7.467498231,70.20925012,chickpea,Allvial Soil
59.95338886,53.86732504,43.6425113,22.91111939,82.28175243,7.840422218,267.5196099,rice,Clay Soil
110,39,18,24.54795322,75.39752705,7.766259769,63.88079866,cotton,Loamy Soil
67.93788749,45.13600169,18.44130473,18.79677419,69.76950153,6.69170455,83.43867901,maize,Laterite Soil
8,127,196,27.02766138,83.17093908,5.833302165,70.95666003,grapes,Black Soil
106,21,35,25.627355,57.04151119,7.428523634,188.5506536,coffee,Black Soil
32.34352634,15.40031088,34.18167299,27.32605347,91.09284316,5.645106671,224.7511322,coconut,Allvial Soil
103,40,30,27.30901814,55.196224,6.348316257,141.4831644,coffee,Laterite Soil
112.6239755,50.01064235,25.87462434,25.47109168,77.82006915,6.437392406,66.11508534,cotton,Red Soil
25.11582825,15.09922553,5.27833415,17.34545348,93.31948426,6.93789895,106.0991514,orange,Laterite Soil
98.95035111,41.93672796,29.8983396,24.32908822,71.19686511,7.018956269,163.4566232,coffee,Laterite Soil
28.62911591,30.32925397,32.31335039,24.95942835,95.24322996,6.043636395,165.0079679,coconut,Red Soil
82.25930114,16.13821423,46.57884789,25.31759144,82.00605452,6.953662809,48.75748355,watermelon,Red Soil
21.04389868,61.17289421,20.30789398,29.36557312,64.63213354,7.34022113,63.60400346,blackgram,Peaty Soil
84,27,29,23.32293161,53.00366334,7.167092586,168.2644287,coffee,Black Soil
104,80,54,27.09062164,81.33506906,5.879119455,110.1331182,banana,Allvial Soil
19,55,20,27.43329405,87.80507732,7.18530147,54.73367631,mungbean,Black Soil
79.14645729,44.03752795,43.81204787,23.7998725,74.62748402,6.026892796,172.2750102,jute,Clay Soil
34.30997749,52.82732151,18.76706264,28.82158751,49.79000153,3.557676052,43.72737493,mothbeans,Allvial Soil
73,35,38,24.88921174,81.97927117,5.005306977,185.9461429,rice,Loamy Soil
108.1229277,94.73561087,47.58187687,27.31384978,84.47025306,6.400100089,89.98470499,banana,Peaty Soil
68.98431272,43.61041682,18.69085423,23.17040956,73.21334701,5.829289495,97.09511396,maize,Laterite Soil
0,11.64400063,28.60691991,27.75927371,97.11460783,5.574398245,128.5507245,coconut,Peaty Soil
108.9330045,13.36649411,46.91778985,29.68695532,93.48154264,6.539651547,26.8357035,muskmelon,Laterite Soil
2.453618607,142.2562639,197.5038454,21.50261387,90.63614932,6.128860635,110.0250902,apple,Allvial Soil
107.7234052,59.95450107,15.24396132,22.67913945,76.49887681,6.56240773,96.62414689,cotton,Laterite Soil
116.2534123,36.11523492,38.8657354,23.42442238,50.3041694,6.001881592,184.4740529,coffee,Allvial Soil
55.98958942,56.72202072,78.11343147,17.36824301,18.70798663,8.816900914,65.32794114,chickpea,Peaty Soil
49.32490248,45.75030605,51.5685765,31.27565509,90.95412224,6.73387773,53.24173984,papaya,Sandy Soil
16.66831338,53.32621315,16.209861,27.83563736,88.05049856,6.320711515,43.49802652,mungbean,Red Soil
20.65193977,50.40988798,23.42878785,27.08391055,47.22710889,3.504752314,43.93955399,mothbeans,Laterite Soil
21.17565328,29.22961843,27.53680643,25.1304534,91.77059666,6.065576998,157.5305025,coconut,Sandy Soil
35.47462926,26.59453263,27.13967626,26.43160436,96.51968473,6.277494395,170.7805821,coconut,Allvial Soil
26.97014587,72.9436247,78.58350354,19.22522141,16.23274857,7.361727827,84.23929011,chickpea,Black Soil
62.35131276,48.28036234,53.50989557,28.74871533,92.74745086,6.723514133,117.9119946,papaya,Sandy Soil
2.798343941,26.05729837,38.69000116,24.28204401,91.68863974,7.072163992,104.753361,pomegranate,Loamy Soil
0,55.33455324,20.72290706,22.91466881,20.42054616,5.901692775,143.9250337,kidneybeans,Laterite Soil
121,47,16,23.60564038,79.29573149,7.723240151,72.49800885,cotton,Sandy Soil
28,58,81,17.47500984,16.54314829,6.18042747,93.35034262,chickpea,Red Soil
20,7,9,29.47741671,91.57802915,7.129136941,111.1727497,orange,Sandy Soil
7.548891684,138.9146712,196.7654019,29.38137527,81.71650996,6.301771713,63.19951175,grapes,Loamy Soil
22.02786759,44.68574669,18.36111418,31.62782688,53.02603396,9.018259304,73.81817614,mothbeans,Clay Soil
106,46,20,23.43821725,78.63388824,6.200671976,81.15072105,cotton,Clay Soil
90.11309114,28.48732282,53.91944308,24.64154167,89.00143458,6.118475891,50.21426918,watermelon,Allvial Soil
123.2115664,39.6225884,18.87654071,24.99826019,82.35359875,6.885183658,80.44931079,cotton,Sandy Soil
86,6,53,25.92030221,83.47202566,6.921847888,42.10681516,watermelon,Laterite Soil
60.11193841,44.88062348,18.64314737,25.99446918,72.2954537,6.951358304,101.3123164,maize,Loamy Soil
16,8,9,24.60297538,91.28408653,7.601189843,111.2948115,orange,Red Soil
11.66698867,69.05802511,18.78455349,17.47393935,20.54020446,5.862015011,112.6615436,kidneybeans,Red Soil
79,45,43,25.71901283,79.15532398,7.171054239,187.1735424,jute,Sandy Soil
88.63145553,51.22654898,41.26155875,24.11515884,87.96217861,6.853264681,154.5563368,jute,Black Soil
7.753792441,14.15266232,33.57418466,23.97767368,92.36980441,5.851271424,107.1355145,pomegranate,Laterite Soil
84.84479754,32.01964602,25.82843815,26.36079987,52.17634057,6.907565172,189.8593264,coffee,Peaty Soil
24,56,85,18.19903647,17.41333199,6.545888558,80.6405403,chickpea,Sandy Soil
15.1499912,78.17487888,20.31899783,28.84628162,61.78532825,7.075050916,35.20848109,lentil,Red Soil
100.1013489,6.211552088,44.03867347,28.68857022,94.60423066,6.414500342,31.97763418,muskmelon,Loamy Soil
4.994652481,35.79636101,17.85121423,28.95242156,53.14699914,9.677783345,69.33727051,mothbeans,Red Soil
81,40,45,25.7629429,80.76238215,6.427726565,174.5071843,jute,Clay Soil
14.1653871,38.15630917,14.94974252,27.76631455,82.97128195,6.595613749,50.21466885,mungbean,Allvial Soil
112.5938045,27.63972529,30.57315886,27.82809836,63.92496661,6.946224713,193.4673472,coffee,Allvial Soil
100,46,18,24.18586246,76.04203958,6.431689506,69.08056728,cotton,Loamy Soil
16,14,30,29.70931288,96.30484325,6.37466756,209.8453993,coconut,Sandy Soil
33.16598566,60.86545987,25.93510527,29.98684518,84.72587164,6.780729212,43.37166178,mungbean,Peaty Soil
60.7418646,50.95149886,53.30706442,39.30314964,94.21626141,6.570187005,116.7582073,papaya,Black Soil
49.33854733,60.97115407,44.8078002,40.84369365,91.758074,6.708568044,208.9831755,papaya,Sandy Soil
50.48560724,58.54278945,47.97020594,40.87161848,91.41209392,6.720004381,207.8270858,papaya,Sandy Soil
59,62,83,18.57665902,19.22008229,8.104396058,72.94940441,chickpea,Black Soil
102.742161,73.66294507,55.0185687,26.35324697,84.41560796,5.736607607,110.9437941,banana,Allvial Soil
32.74682277,25.88143217,31.331381,31.90915426,51.88017131,5.075603992,97.90684246,mango,Loamy Soil
8.132212017,77.39469689,26.84006138,20.54586144,25.42016287,5.739595182,72.94056456,kidneybeans,Red Soil
2,79,15,21.53577883,65.47227704,7.505283615,35.75107592,lentil,Laterite Soil
82.50340315,39.04731002,42.12079371,23.78963626,85.67671406,6.294159513,296.8898088,rice,Red Soil
96.84285288,21.77633096,25.98143721,23.44576124,60.00588202,6.072565491,185.6733609,coffee,Loamy Soil
76.52928816,33.63606502,46.0799305,26.44222775,84.77618922,7.067569376,181.5912146,rice,Clay Soil
61,41,17,25.1420613,65.26185135,6.021902237,76.68456006,maize,Loamy Soil
77.19803454,58.61324764,15.5912888,25.05160907,67.39038216,6.532204143,61.63441644,maize,Sandy Soil
113.8867719,7.612935265,53.12052701,29.16970228,95.00348258,6.417533965,22.68783073,muskmelon,Sandy Soil
33.37305378,78.37247717,24.87486099,28.04331869,44.62649938,4.876172805,196.0152754,pigeonpeas,Laterite Soil
93.70088824,83.66793815,45.2643668,29.77590628,82.97059096,5.802530426,110.1556059,banana,Peaty Soil
10.947374,60.77098912,23.57635463,27.42803312,88.58284982,7.029897702,49.14050669,mungbean,Black Soil
69,37,42,23.05804872,83.37011772,7.073453503,251.0549998,rice,Loamy Soil
41.05343446,8.556712748,41.61443246,24.31143582,84.84683434,5.754832289,105.6172947,pomegranate,Black Soil
59.27934229,65.70799156,45.88577946,38.71693248,90.97272337,6.711369497,64.32577466,papaya,Allvial Soil
0,30.07724457,12.20612707,11.76714467,91.60221944,7.266756207,101.8665756,orange,Black Soil
93,83,46,29.38254012,83.50423735,5.765308943,109.2486647,banana,Peaty Soil
23.10390637,26.69344151,9.891278147,18.76361761,93.74275114,6.178925385,116.2906299,orange,Clay Soil
36.60530971,19.34190889,9.768430123,10.0761385,89.59537779,7.389665127,105.5545145,orange,Loamy Soil
68.25989911,47.06592568,40.20678418,23.29879557,79.31523501,4.991833895,262.6537973,rice,Sandy Soil
38.52081871,122.3861613,195.2299009,18.75005971,84.4600865,6.1762449,66.63658922,grapes,Clay Soil
20.02481647,143.0808384,197.7439087,10.71576174,79.09558105,6.171722043,68.54375968,grapes,Clay Soil
15.47906355,144.0250768,205,23.53073779,90.99573816,5.634666273,121.9745716,apple,Sandy Soil
95.75667235,6.02412051,51.47768286,24.88428935,85.36006251,6.266089844,46.51091563,watermelon,Allvial Soil
26,27,10,28.06903173,92.91487288,6.079998496,114.1339416,orange,Loamy Soil
39,70,52,26.26559543,90.79668055,6.65149129,59.49373381,papaya,Loamy Soil
13.73831668,19.26891062,12.551937,17.47065779,94.1257966,6.709277109,108.5749887,orange,Sandy Soil
83.80247222,18.73761775,45.02587513,27.32654265,93.09816282,6.778571293,26.34294065,muskmelon,Clay Soil
88.59668067,23.82766873,31.43798322,23.21459905,63.38899964,7.178981298,130.4315422,coffee,Red Soil
59,62,49,43.36051537,93.35191636,6.941496806,114.778071,papaya,Allvial Soil
73.32801351,39.36428081,41.27845054,25.28384,83.63396572,6.340180458,168.752833,jute,Allvial Soil
76.57491696,48.59804159,42.47436921,25.02319843,84.17538656,5.207176336,196.4992089,rice,Laterite Soil
9.08622788,78.13958807,17.15675203,20.20828333,23.47552082,5.825975079,104.5261747,kidneybeans,Loamy Soil
22.06559273,5.7377797,32.94062324,29.09152256,93.54704048,5.969751029,206.4287813,coconut,Clay Soil
61.2322679,60.97937993,14.97201997,25.07416676,69.38038532,6.296053531,92.08643588,maize,Clay Soil
107.4842575,89.87216404,53.11286863,29.40584289,77.71637266,5.811439325,98.41387341,banana,Peaty Soil
5.301857485,11.70363407,37.74515368,22.32620828,89.81659107,5.630636721,99.86642441,pomegranate,Clay Soil
26.23679853,52.51098508,24.00644448,29.91608771,50.24822378,4.92104157,51.31384639,mothbeans,Red Soil
32,60,83,19.69141713,19.44225438,8.829273328,91.76071648,chickpea,Black Soil
108.4552158,25.23731479,50.77845046,28.82156215,94.05713583,6.195044497,27.49111303,muskmelon,Allvial Soil
58.84576974,62.50841157,49.94623037,43.60379327,94.04652886,6.917028295,112.8639593,papaya,Allvial Soil
5.928343365,143.6372781,201.3985253,27.1593068,83.40175236,6.208292119,72.14978372,grapes,Allvial Soil
105.3723161,10.67043445,50.85314154,25.8467341,89.80592063,6.781161419,44.03136236,watermelon,Red Soil
117.7610463,40.17582459,36.21027234,26.40460942,58.53313569,7.446883908,121.2388885,coffee,Clay Soil
33.46324686,59.47940372,16.50649861,23.35515306,22.08329075,5.732095062,86.37707475,kidneybeans,Loamy Soil
79,51,16,25.33797709,68.49835977,6.586244581,96.46380213,maize,Loamy Soil
7.373890377,32.22374107,28.80808541,29.90033073,49.09714633,6.449909219,88.87703204,mango,Peaty Soil
15.74914091,10.01690197,40.6910342,24.9438917,84.74213278,6.757372265,106.4210416,pomegranate,Peaty Soil
40,143,201,24.97256132,82.72828653,6.476757723,66.70016285,grapes,Black Soil
112,54,15,25.46228792,81.56641891,6.175492306,76.88582484,cotton,Black Soil
86.54529668,13.84709036,46.80025472,29.65039874,91.83642354,6.597627018,30.52456957,muskmelon,Red Soil
65.33141434,58.98215612,39.64006358,22.25239784,83.44624555,6.34098905,228.4163489,rice,Loamy Soil
39.37566311,30.07050768,40.73337684,24.87515253,89.28443659,7.099098832,111.9527081,pomegranate,Peaty Soil
8.784030922,66.43710069,21.20755989,30.09265177,34.3017598,5.740831549,157.6368015,pigeonpeas,Red Soil
70.79320112,46.55683335,16.59334321,24.47540406,69.55756301,6.580706595,102.0000345,maize,Sandy Soil
68.40417425,66.98905366,49.14493689,40.37117563,89.69927213,6.514954445,91.50758874,papaya,Clay Soil
24.50750496,142.4995221,202.9271655,22.3271806,90.72803697,5.748288522,101.9275228,apple,Laterite Soil
41.66089248,66.58189139,19.96999338,29.77177355,67.22224295,7.480825806,68.59684366,blackgram,Sandy Soil
20.03119483,60.13581836,24.48365974,18.88137954,19.50797909,5.628678972,103.7680613,kidneybeans,Peaty Soil
97.2870557,73.39630751,48.28793527,25.96614112,80.32133524,6.047608624,111.6211998,banana,Loamy Soil
85.30157962,89.62428572,48.88581051,29.17382266,84.87472626,6.175648744,108.8083806,banana,Laterite Soil
95.64430896,23.1477555,47.80477235,27.82625076,90.51166089,6.250118807,20.21126747,muskmelon,Red Soil
23.06435739,78.3602996,17.753187,21.50929046,20.41071691,5.905680858,113.7445439,kidneybeans,Sandy Soil
21.60033637,29.71131431,8.691123753,22.22161965,91.61091702,6.442455274,119.8489962,orange,Clay Soil
69.27109463,59.83044445,53.80562825,36.13234302,93.16922347,6.96624436,139.8138195,papaya,Clay Soil
5,15,38,18.26233221,88.16779129,5.709380472,108.0756727,pomegranate,Laterite Soil
32,18,13,13.8377282,91.74780462,6.044167236,107.9873218,orange,Laterite Soil
26.63335491,74.31716981,77.93395556,19.16081038,15.39522498,7.380010982,83.19835027,chickpea,Black Soil
119.9770648,21.83848007,52.5054163,24.42719802,85.54554788,6.62465899,48.99101129,watermelon,Sandy Soil
36.95754541,28.65427255,14.00413343,20.47001118,92.56620905,7.890454191,108.223438,orange,Red Soil
3.468818189,8.937090637,45.07588423,23.83511744,90.01889763,6.574408687,104.7713163,pomegranate,Peaty Soil
25,76,24,15.33042636,24.91506728,5.56503533,135.3315583,kidneybeans,Sandy Soil
91,25,26,24.53460016,66.99765375,7.482414225,180.5059257,coffee,Loamy Soil
10.14297516,56.17494167,20.37115742,26.26265155,67.0498271,6.269211972,49.32609881,lentil,Allvial Soil
0,135.9639976,191.3838786,22.36542222,80.9483609,6.354821953,64.35655824,grapes,Red Soil
75,38,39,23.44676801,84.79352417,6.215109715,283.9338466,rice,Peaty Soil
36,43,22,27.82684262,87.16679147,6.389882166,58.37249772,mungbean,Laterite Soil
31,55,22,22.91350245,21.33953114,5.873171894,109.225556,kidneybeans,Laterite Soil
6.834721371,144.3556859,195.9679866,24.05883052,92.80705678,6.12358534,113.9084816,apple,Loamy Soil
25,129,195,17.98667801,81.17712085,5.777271492,72.37127689,grapes,Sandy Soil
87.51105585,55.933682,33.22534035,23.85679591,82.50336694,6.094849739,166.6633935,jute,Black Soil
26.8696162,79.41969187,17.83791304,19.2773936,23.64537436,5.568300483,103.5433378,kidneybeans,Red Soil
100.2719815,53.04162593,35.79131019,21.32547351,80.12835198,5.593950634,200.0615031,rice,Clay Soil
21.47361567,30.64322789,31.76170846,35.43767807,51.87212246,5.237257851,92.325477,mango,Peaty Soil
60.48116143,70.63669652,87.43194797,17.25655801,19.36568676,7.540293998,82.56295288,chickpea,Peaty Soil
23.36253587,68.50789171,13.68212763,27.63511108,63.8004639,7.71476104,38.59770304,lentil,Loamy Soil
15.25485431,24.33134756,37.64605214,20.38281927,90.50342405,6.382140298,103.6834802,pomegranate,Black Soil
4.415917352,72.57571624,18.7819663,26.50127644,62.05372734,7.790929251,49.05222165,lentil,Laterite Soil
57.36644757,76.27481039,14.95869303,28.12952443,60.5920971,7.502942428,63.7132432,blackgram,Loamy Soil
83.34803189,16.62671171,52.86672867,26.73131421,87.7676733,6.380020942,62.41871863,watermelon,Laterite Soil
60.47955088,72.7066539,14.01354827,33.398862,66.20663075,6.887703673,63.86563143,blackgram,Red Soil
28,48,15,25.16125354,55.25435777,9.254089438,40.89732789,mothbeans,Red Soil
3.919608503,41.98478431,19.14739498,28.14412294,83.40389636,6.657746519,37.26350139,mungbean,Red Soil
104.0875236,30.57482352,49.33151013,25.40370076,80.81504576,6.358844682,59.38029079,watermelon,Laterite Soil
6.844309643,77.79761619,19.6803112,25.7063058,59.83273332,6.103972606,48.34627578,lentil,Clay Soil
29.44562768,41.59012256,21.67827275,31.6947892,62.49834773,8.877265801,63.18757695,mothbeans,Peaty Soil
7.489406746,25.0242221,34.79612747,18.76489925,86.37545913,6.811729987,103.9365058,pomegranate,Laterite Soil
22.39038917,38.41490435,18.09455972,26.93862765,63.05973662,5.782241548,60.6101568,mothbeans,Laterite Soil
64.23337754,37.50897882,40.18210512,23.1550356,83.46110854,5.324690278,189.64382,rice,Red Soil
45.6840839,59.97533957,14.67471806,25.07842352,66.65984193,7.509406488,63.63558923,blackgram,Peaty Soil
29.15295299,49.99983709,43.72289376,40.50385813,93.50387269,6.531328385,132.6498581,papaya,Sandy Soil
40.73412214,59.65190859,13.56461329,35.30434403,31.0280702,4.997463874,118.5650675,pigeonpeas,Peaty Soil
37,50,23,29.65296893,88.48587386,6.5304707,56.01913159,mungbean,Peaty Soil
13.14099698,76.22208496,21.34598155,24.32126132,57.41829557,6.425632322,117.4187577,pigeonpeas,Peaty Soil
31,48,17,28.88078945,86.94206817,6.594739424,53.79732545,mungbean,Clay Soil
78.03771192,53.01486843,44.17030202,24.16795933,83.41745755,6.071014399,170.6295501,jute,Sandy Soil
18,12,35,26.13958446,96.38580769,6.338720873,131.3387935,coconut,Peaty Soil
40.98510988,126.5807082,202.0644713,15.29833372,82.34558389,6.478965303,71.67420228,grapes,Black Soil
22.9376658,80.58605939,19.17903254,29.78565443,69.10902982,6.813122151,63.1421043,blackgram,Sandy Soil
29.16176553,8.114473291,6.391809658,35.03288591,92.74339251,6.735250558,115.090287,orange,Clay Soil
32.95179837,68.99704284,20.81144097,20.78444548,46.58157154,6.244024305,194.7892142,pigeonpeas,Laterite Soil
7.434154001,128.0454045,194.600266,27.00614546,83.13522579,5.815172137,69.63185604,grapes,Black Soil
12.34165851,36.76041875,14.46998847,28.07812032,84.27555711,6.607339854,49.32972554,mungbean,Allvial Soil
33.76944542,59.54528369,21.95011907,20.30012394,25.33810127,5.654122339,99.67262759,kidneybeans,Sandy Soil
89.88959185,86.21609692,54.98254046,25.55927621,82.07357461,5.847790095,119.5090185,banana,Peaty Soil
25,68,19,29.39982732,64.25510719,7.108450121,67.47677295,blackgram,Black Soil
76.63931175,58.26971492,44.59815727,27.06293595,80.56258905,5.106967834,281.8784134,rice,Sandy Soil
113,41,20,25.0017188,80.53965818,7.256877571,96.32600992,cotton,Clay Soil
45.1145976,57.73476686,78.3608909,20.87577546,19.62991039,7.573559182,84.22397266,chickpea,Clay Soil
26.84066369,79.21751227,86.03894125,17.24945988,15.58884238,7.52046438,71.28817182,chickpea,Sandy Soil
75.79916388,38.68230335,40.72453047,25.16786822,83.59257527,6.390751621,172.9656649,jute,Allvial Soil
20.08173163,77.49472921,74.90456988,18.51796857,15.96843919,7.677472554,76.41372899,chickpea,Red Soil
92.26597909,11.33535465,46.59394286,24.58603517,86.15646435,6.355027325,48.92879108,watermelon,Peaty Soil
37.81142098,66.53784216,51.7877982,41.21110661,91.58849817,6.646697732,239.7110532,papaya,Loamy Soil
49.04096456,62.11377673,14.15384386,25.40595308,66.59158542,7.550312179,65.39992526,blackgram,Peaty Soil
26.84285324,22.51943342,26.30230314,30.04836771,49.67496236,5.690392086,95.8491097,mango,Loamy Soil
4.958843687,12.99827353,38.70141393,22.24505991,89.93127626,5.597987273,103.6027129,pomegranate,Clay Soil
22.02967427,67.84357284,15.01687841,27.77437259,63.91948927,7.767338746,36.84416849,lentil,Loamy Soil
100.1104312,55.03162664,39.13116465,26.36537843,84.44368954,7.439714036,176.6650298,jute,Allvial Soil
83.38190802,56.81548923,19.04506051,25.63366296,71.08341633,6.915283873,98.75959648,maize,Peaty Soil
86,55,21,21.54156232,59.64024162,6.803931519,109.7515385,maize,Allvial Soil
15.63146678,72.78632393,17.81173803,19.56192682,34.96787084,5.665540534,194.637548,pigeonpeas,Red Soil
66.10115122,41.78402116,44.75864603,25.12197637,86.91207142,7.117408099,199.9394384,jute,Clay Soil
80,18,31,24.02952505,58.84880599,7.303033217,134.6803969,coffee,Sandy Soil
117.7625592,25.65853265,53.33964836,26.77307826,80.37055888,6.298157856,52.22258398,watermelon,Sandy Soil
17.01319169,138.1019372,191.9138684,41.14545988,80.49308959,6.368483915,64.73381524,grapes,Red Soil
1.086343808,7.081269408,35.25147104,27.02884168,95.05914382,6.213619627,148.5425972,coconut,Peaty Soil
98.45150224,28.30269166,54.85028732,29.34181981,90.81843019,6.660189146,26.93782462,muskmelon,Black Soil
10.43340183,29.54656628,35.91348521,20.90854547,92.04191214,6.268392427,106.380964,pomegranate,Red Soil
2.214890083,23.21840149,43.59187492,22.30535646,87.70484864,7.150711213,110.3791558,pomegranate,Laterite Soil
5.710990542,134.5312122,196.7510275,20.01159859,80.75223945,5.81136789,72.79661314,grapes,Sandy Soil
92,21,48,25.81692236,82.043255,6.377427122,54.82963379,watermelon,Red Soil
12.44530839,76.10093535,20.887428,30.27739683,35.78159281,6.966218539,176.8194807,pigeonpeas,Peaty Soil
85.27264959,94.7322472,46.57230598,25.90856893,78.24424333,6.160931715,119.527778,banana,Black Soil
69.21042169,57.91098606,35.70117694,24.2740235,77.66933774,6.216519332,185.0061907,jute,Laterite Soil
105.3790758,23.64502543,48.41244445,28.99471693,93.96978459,6.430484759,23.95469155,muskmelon,Black Soil
35.58954078,34.81488493,25.77033383,32.80771001,51.75740751,4.651867948,97.12851772,mango,Laterite Soil
14.27484643,61.72947378,19.75536014,19.49183694,23.64907796,5.641170609,66.55716193,kidneybeans,Laterite Soil
90.85474679,60.38383639,19.97562704,25.2338004,57.29045638,5.997922523,104.2904113,maize,Peaty Soil
35.72125527,77.94667576,13.28461531,36.49536912,31.45060137,5.597437274,190.5531948,pigeonpeas,Peaty Soil
12.9987438,35.76243825,34.12381635,35.91069803,53.65786141,5.958786456,95.13601609,mango,Sandy Soil
8,133,195,20.46657776,80.97598029,6.456079585,71.29813872,grapes,Sandy Soil
75.40652775,36.40955205,35.78918202,21.83915291,78.36863144,5.929932005,223.2857772,rice,Clay Soil
0,123.8781372,199.5912612,23.76593549,94.20558871,5.650727442,113.4727267,apple,Loamy Soil
106.2653437,20.4980173,31.77982876,25.54903075,56.94036323,7.45913431,187.1087406,coffee,Black Soil
4.387336094,60.53671816,20.02984492,24.91685382,60.55081205,6.7393454,47.14841047,lentil,Peaty Soil
115.8724063,28.57735133,48.45920414,28.94880612,93.1992352,6.17249024,24.44769073,muskmelon,Laterite Soil
17.82898161,72.3397383,16.37640876,28.81408651,70.40823424,6.880196811,43.72180091,lentil,Sandy Soil
13.57273754,58.00198998,16.42114773,29.64529629,82.33136477,6.583555979,37.96691723,mungbean,Peaty Soil
105.2206915,8.44494269,50.35289982,27.65825898,91.82949277,6.336252338,20.26934053,muskmelon,Sandy Soil
89,85,55,26.6719835,76.48541655,6.275384607,91.73358569,banana,Loamy Soil
69.94400707,44.08628563,42.3156205,24.08118244,90.18794862,6.102178341,169.2867824,jute,Peaty Soil
37,62,17,25.68576704,69.84354028,7.121254928,74.62068748,blackgram,Clay Soil
90.63800266,36.13434082,43.41180389,24.58668357,82.24357743,5.946455101,269.4972035,rice,Allvial Soil
52,68,78,17.48504075,16.96070581,6.89655198,86.05078037,chickpea,Allvial Soil
38.62868985,72.05528859,21.47651435,29.47641552,64.06893193,5.541433294,186.4930997,pigeonpeas,Allvial Soil
11.91087954,25.54618785,41.38505293,20.22687123,90.51297195,6.416087255,102.0474334,pomegranate,Black Soil
38.93537913,16.13538308,26.85704669,33.73178869,48.58937927,6.791348058,93.04365456,mango,Sandy Soil
7.95310303,125.6399832,203.5376498,28.02024289,82.81051761,5.719120474,68.37349426,grapes,Sandy Soil
14.53507183,15.64855617,5.551106831,34.65678331,92.73941431,6.91038759,100.4481119,orange,Black Soil
80.48610585,40.79427225,37.8964729,22.64274405,83.60358576,7.464345893,201.5543935,rice,Peaty Soil
59,55,19,31.74379487,62.51007687,7.332375138,68.97097538,blackgram,Sandy Soil
19.25003078,29.82586011,28.91497669,29.58284638,89.86231313,5.841300617,224.1428534,coconut,Allvial Soil
84,40,42,26.2830571,73.35763537,6.704273839,186.6898282,jute,Black Soil
72.70900674,48.19231772,20.20404536,21.78157411,60.33271171,6.450512536,69.83845391,maize,Laterite Soil
10.00058722,76.44328134,18.71344662,18.40684958,62.53242243,6.269497057,43.93816765,lentil,Allvial Soil
6.430943684,56.80300624,15.94621834,28.74320529,69.08241798,7.319412716,34.79963473,lentil,Allvial Soil
78.19374704,50.22941083,15.40909755,25.19703405,68.65407041,6.547822444,93.18421407,maize,Loamy Soil
21.89440036,12.58190789,28.92783094,28.04015476,95.62111732,5.966039504,217.862557,coconut,Clay Soil
2.928032263,141.229021,196.2498021,21.97756621,92.02129932,6.134149728,115.1427502,apple,Allvial Soil
7.980026523,140.0166877,195.2220276,22.25532235,89.0879528,6.188431091,124.7353962,apple,Peaty Soil
104.8496061,25.57315798,56.67254695,29.73727941,89.76784477,6.117024485,22.65077821,muskmelon,Red Soil
95,7,45,27.30008597,90.80015308,6.031665834,25.09484511,muskmelon,Sandy Soil
11.02478779,35.03195796,21.28808272,28.85213386,89.18361748,7.059436062,59.93557077,mungbean,Peaty Soil
89,47,38,25.52468965,72.24850829,6.002524871,151.8869972,jute,Black Soil
11.17787324,122.2327175,195.151646,12.18332633,82.38578402,5.648650616,72.24306258,grapes,Peaty Soil
10,79,18,21.0643684,55.46985938,5.624731338,184.6226709,pigeonpeas,Sandy Soil
29,68,23,24.1638445,19.27907819,5.82738029,116.7324324,kidneybeans,Black Soil
26.38915474,80.23434316,13.28210949,24.81432549,59.90549763,6.034335607,53.73457895,lentil,Laterite Soil
15.28250048,68.60238316,20.48161879,23.92765467,24.80350599,5.593122214,83.25624275,kidneybeans,Sandy Soil
15,14,8,10.01081312,90.22399223,6.22094286,119.3941064,orange,Allvial Soil
2.284380593,58.05985205,22.63926153,29.11029932,49.10290146,8.894554864,45.32546605,mothbeans,Red Soil
39.12015371,62.6708394,16.53545559,25.84482228,69.28695116,7.1130619,72.12397256,blackgram,Clay Soil
88.42732888,41.35072511,37.67507649,23.106327,74.45473229,6.346033211,200.5942896,jute,Sandy Soil
33.99992122,43.72487405,18.71435652,28.1417775,85.07965306,7.13471063,52.19069021,mungbean,Clay Soil
59.72127332,61.97545098,51.52730048,43.40517131,94.03705253,6.65800149,108.1159382,papaya,Clay Soil
97.88372734,7.14632926,45.31569675,27.93608553,92.14954728,6.145373783,27.03525792,muskmelon,Sandy Soil
39.70788545,127.1540368,200.4371121,15.19259206,81.07469889,6.476991361,72.73826304,grapes,Black Soil
106.4027615,13.50093693,44.69258968,29.55587003,93.60219522,6.546964467,29.46651505,muskmelon,Laterite Soil
116,38,34,23.29250318,50.04557009,6.020947179,183.468585,coffee,Allvial Soil
83,79,55,25.14748006,83.34688193,5.565028635,98.66679427,banana,Peaty Soil
17.65980273,19.2046523,43.99777151,24.2260022,91.52007273,5.869530789,104.761134,pomegranate,Clay Soil
92.4379724,41.63807558,13.21687757,18.91983344,65.16116414,6.060409662,93.9671509,maize,Allvial Soil
90.36448375,54.48719683,37.44471233,23.29183738,79.3480348,6.372806288,269.3735434,rice,Loamy Soil
9.666418464,7.043844351,13.97338416,14.41791186,95.06362187,8.001112238,111.9141161,orange,Sandy Soil
89.95357308,16.33197788,45.7241395,24.58363115,80.63602351,6.284804699,49.67778316,watermelon,Peaty Soil
68,58,38,23.22397386,83.03322691,6.336253525,221.2091958,rice,Allvial Soil
30,25,31,26.31270635,98.62048026,5.804965067,208.1181381,coconut,Laterite Soil
34.23081694,27.48202727,14.93765489,20.39758248,90.49408861,7.864375343,110.5855028,orange,Red Soil
56,67,78,17.57445618,16.71826572,8.255450758,77.81891424,chickpea,Peaty Soil
27.23998057,70.875683,22.9440763,23.32863012,46.60954305,7.119620807,151.7585332,pigeonpeas,Allvial Soil
28.91968213,59.38339847,23.83768265,19.64482265,17.4043316,5.766422557,141.2481804,kidneybeans,Laterite Soil
33.57267583,16.0730344,35.08114644,27.07482719,89.99747216,5.728921439,225.7887329,coconut,Allvial Soil
42.40345592,16.04750772,33.46795651,34.21797516,55.04214675,4.946204572,92.69309556,mango,Peaty Soil
40,144,196,22.71750705,92.25479855,5.987262638,107.0289866,apple,Loamy Soil
12,29,40,19.68291173,89.75272999,6.594037135,111.2818551,pomegranate,Sandy Soil
61.76874032,66.73753399,84.20829205,18.88343588,17.32005362,6.572084744,88.66390564,chickpea,Peaty Soil
31.16371024,139.1206703,196.4949432,9.269026301,81.00632298,5.906471114,70.61594395,grapes,Loamy Soil
28.73353815,130.8476444,197.0340831,21.6697437,92.20015557,5.600063292,119.4606756,apple,Clay Soil
115.4478648,30.36926291,49.58165536,25.00092485,87.88809916,6.759166387,46.40275639,watermelon,Red Soil
93.99014992,25.27262385,26.39543811,24.64144271,56.60108735,7.318683798,138.3705149,coffee,Peaty Soil
92.30406246,12.27370953,45.96063491,24.6856799,84.83537,6.363012352,48.85737698,watermelon,Peaty Soil
25.97817648,134.8851427,200.7745072,33.78340168,81.88381331,5.653189044,72.82842004,grapes,Laterite Soil
57.2692072,78.48165875,16.76886835,29.27725294,64.01816021,7.415515875,71.70780431,blackgram,Sandy Soil
72.90668089,46.44971797,40.38649223,20.38958132,81.31136515,7.227361424,191.3015659,rice,Clay Soil
35.49244831,67.45697005,28.15205331,35.80958731,35.15834856,6.390892929,137.0741573,pigeonpeas,Allvial Soil
9,49,16,30.88482722,41.36561835,7.661537348,55.053805,mothbeans,Red Soil
16.02123328,13.62902696,10.25133623,12.61500284,92.34323373,6.187387294,119.9300333,orange,Peaty Soil
60.16858701,42.25880846,17.75171116,24.81731093,65.03929728,6.032645039,74.72972017,maize,Loamy Soil
106.6188798,84.98312196,51.91557538,27.39764312,78.64785496,5.839938367,99.87151015,banana,Loamy Soil
135.3309401,55.31669678,18.43700658,23.77403836,84.20515135,6.694293977,69.03836886,cotton,Peaty Soil
39.93192361,5,28.90701203,28.495459,98.12977021,5.812756159,159.3499043,coconut,Allvial Soil
26.27242369,56.62422577,85.37313661,18.39807523,17.83312507,6.600481167,80.22721095,chickpea,Sandy Soil
4,41,20,28.14720892,83.8001509,6.647965508,37.44800463,mungbean,Red Soil
85.01450473,18.20344682,46.87496973,29.26458972,90.3037091,6.560312279,20.54324007,muskmelon,Loamy Soil
87.99075528,21.2917661,51.91644609,27.485627,93.65009322,6.076556155,26.84156252,muskmelon,Red Soil
83.17676324,25.34190169,46.19683962,26.30682284,87.74630919,6.315389146,58.14457574,watermelon,Clay Soil
82,23,49,26.81383586,87.21986949,6.873283991,51.70497792,watermelon,Allvial Soil
59.0589308,50.93037777,46.10863648,42.12636325,92.00247592,6.743453885,199.6526762,papaya,Laterite Soil
99.49859883,14.13757057,23.9308303,27.07907695,57.31446866,6.513475605,169.5261299,coffee,Black Soil
27.41049876,48.78651771,14.48711488,25.18618198,56.07962069,9.268022269,40.76267257,mothbeans,Red Soil
121.2723916,46.52188951,14.52549708,23.61169884,79.38450692,7.761566815,73.22349336,cotton,Sandy Soil
39.4104559,68.4501384,15.14388796,20.43765096,63.43278563,6.375086012,47.89716602,lentil,Laterite Soil
19.42130866,129.0672188,202.292752,23.54856176,92.53421422,5.601094766,119.3228314,apple,Black Soil
25.56449152,70.61512309,14.47122979,25.27892116,69.16877461,6.529443246,33.74744471,lentil,Allvial Soil
90.37721816,11.92333037,47.45178445,24.83559123,85.67791713,6.312709754,46.91097268,watermelon,Peaty Soil
15.66108766,143.6588346,197.7079464,22.61284352,94.36160415,5.886987253,118.0263483,apple,Laterite Soil
4.431888443,45.45864338,18.36206673,28.19185364,83.68725965,6.898761524,41.72574209,mungbean,Black Soil
39,127,202,15.3246651,81.67215994,6.477768039,71.60102999,grapes,Black Soil
39.62275833,28.78289417,9.689271062,31.1740022,91.99645863,7.161751836,108.6050151,orange,Red Soil
85.20220013,41.15156457,32.82166239,26.09312333,52.60823293,7.419500003,138.3804643,coffee,Black Soil
71.95929519,42.54083174,18.82305389,23.27230973,73.0486946,5.796938634,92.43443452,maize,Laterite Soil
97.17981823,45.63062033,22.77763647,20.70309317,69.34728467,6.465491209,67.01687948,maize,Allvial Soil
7,21,35,25.76011662,94.65830608,5.764812076,131.2451414,coconut,Sandy Soil
62.01625083,40.36561031,36.28209569,22.637425,81.57221805,6.451297213,246.9722825,rice,Black Soil
43.02516369,61.80074321,78.15954252,19.35714575,15.4348517,6.518526802,82.22609908,chickpea,Sandy Soil
116,23,25,23.4123707,52.26994674,6.869720196,139.3670753,coffee,Allvial Soil
64,35,23,23.02038334,61.89472002,5.680361038,63.03843397,maize,Loamy Soil
47.7769978,78.36240617,80.25798285,17.42848672,15.17923863,7.585212561,71.75026142,chickpea,Peaty Soil
8,23,44,18.47412402,89.68919664,7.130837931,108.4758509,pomegranate,Black Soil
4,61,21,24.84063998,60.09116626,6.75020529,48.77790371,lentil,Peaty Soil
5.628458279,72.73683427,22.20155405,16.57102938,21.4741458,5.576495296,67.08374223,kidneybeans,Peaty Soil
2,120,203,23.12652652,94.71203306,5.893492999,108.6211833,apple,Red Soil
32,141,204,8.825674745,82.89753705,5.536645599,67.235765,grapes,Laterite Soil
29,54,16,27.78031515,54.65030015,8.153022903,32.05025323,mothbeans,Black Soil
38.63033,55.42199108,21.64483876,32.95634082,39.72821267,5.873319393,198.0133212,pigeonpeas,Peaty Soil
42.30976121,79.77192738,77.44187328,19.42099083,20.11842009,7.825223056,79.45554262,chickpea,Clay Soil
122.5881883,47.38554067,16.05471199,24.77647108,76.2383713,6.285877578,64.68826612,cotton,Red Soil
39.21435034,127.133401,198.7751091,23.60142366,91.77826689,5.610239536,104.5304985,apple,Clay Soil
43.11613817,67.46748434,83.48371978,17.40568792,18.46425867,6.754815633,78.68416933,chickpea,Loamy Soil
34.98303806,58.0383672,23.46187622,28.78150506,59.17535396,8.397879687,36.07805974,mothbeans,Laterite Soil
8.280643265,118.7331635,198.7078789,20.80472561,91.20907061,6.340448387,122.0691112,apple,Peaty Soil
49.00100504,61.18418981,16.3677422,25.22845605,66.27381395,7.532706375,67.90666887,blackgram,Peaty Soil
95.27016127,91.8304832,50.72256175,29.27776782,75.88362446,5.629479486,109.4420871,banana,Clay Soil
50.41898849,68.09916352,24.36539134,28.57748375,60.4955637,7.198590125,66.99936319,blackgram,Laterite Soil
2.104938512,28.09175673,37.81805285,24.0634148,93.96560933,5.700527302,106.1747691,pomegranate,Black Soil
63.75973551,61.29136224,38.52541084,22.20033367,83.05968686,6.373302202,233.3810191,rice,Loamy Soil
36.51701532,5.602408418,29.84076858,27.05590467,97.08144152,5.946582515,172.4914465,coconut,Sandy Soil
36.34334694,54.44718716,82.11095578,19.63758182,17.32581709,8.446520453,77.63726606,chickpea,Peaty Soil
20.33994348,64.54161061,82.62980583,19.54133376,16.1690183,6.486136432,89.64203448,chickpea,Peaty Soil
47.85562036,75.66625003,17.66941957,27.30283896,68.32490307,7.433714368,61.39920711,blackgram,Loamy Soil
16,18,26,28.43647052,91.81320717,5.568365926,145.5414413,coconut,Clay Soil
111.1913655,39.40892548,16.53987259,24.35660943,75.41493208,7.759700612,63.25478513,cotton,Loamy Soil
21.7625437,81.50738735,20.36665446,28.43177565,68.40197345,7.33953673,65.90567322,blackgram,Sandy Soil
10.27723806,69.32498389,18.15829055,24.82787313,69.90836958,7.273715666,41.7937443,lentil,Black Soil
10.05509386,6.171044903,40.81737091,20.54762536,92.05471642,6.850799484,110.2127029,pomegranate,Sandy Soil
83,29,52,25.76402693,87.5931128,6.704688865,46.05122728,watermelon,Sandy Soil
77.0019848,47.24915359,44.58643859,25.64707039,88.7846062,5.997156602,189.8296159,jute,Red Soil
81.08347291,38.62052203,44.50238246,26.10342044,80.81005538,6.696354963,179.374488,jute,Loamy Soil
37.71258391,19.12839914,32.11858631,34.72841144,48.95925171,5.868966022,91.08463394,mango,Laterite Soil
26.39434277,120.9736508,202.0330041,30.47567336,81.61648712,5.562561045,67.79572141,grapes,Peaty Soil
34.05022691,80.2400082,23.52615876,28.01845725,44.84334913,4.882481531,195.7557092,pigeonpeas,Laterite Soil
34.67708726,34.02078499,18.916336,28.5995085,82.56155797,6.660397938,56.83411618,mungbean,Black Soil
29.79537419,69.68159253,77.31384114,20.45728035,21.60197464,7.278849907,67.66246511,chickpea,Allvial Soil
26,121,201,22.19109412,90.02575116,6.162034371,112.3126628,apple,Sandy Soil
90.29780157,55.52524744,41.15513093,27.02177949,72.20965225,7.008634946,177.6734058,jute,Clay Soil
8.256919734,9.071868837,27.82966394,29.10109453,94.30030369,6.277397395,151.3487757,coconut,Black Soil
28.19104288,24.71059305,32.24269259,29.14603379,92.20973123,5.775571126,191.5502111,coconut,Black Soil
110.1449634,16.67421785,26.35167042,27.49672659,61.12068863,6.772972576,196.9260664,coffee,Peaty Soil
29,34,26,33.88004781,54.39416048,6.273953676,89.29147581,mango,Peaty Soil
22.51635365,43.98005483,22.55374769,24.4547611,56.03368903,6.040956296,58.91771102,mothbeans,Clay Soil
21,135,198,23.86087054,94.92048112,5.765015126,105.0241329,apple,Laterite Soil
30.73364259,28.02271789,36.37008107,27.18931213,91.84424956,6.114461107,142.004029,coconut,Loamy Soil
86.0803344,52.58154989,38.47549528,24.21067035,89.92643852,6.888489013,151.5180486,jute,Black Soil
13,7,43,18.20230419,91.12282162,7.013481515,109.6623974,pomegranate,Allvial Soil
27.51272529,57.05686247,21.1226034,18.99813586,22.49430353,5.529463167,97.13895038,kidneybeans,Peaty Soil
32.96529131,75.59671481,83.5930831,19.31541761,19.0124033,7.235957719,70.18380644,chickpea,Laterite Soil
39.14291696,139.3500623,203.5400779,20.93278256,81.75234698,6.393648444,74.80368538,grapes,Allvial Soil
71.76446179,52.56204995,37.52107481,26.77966238,70.6909215,7.307700478,199.6620818,jute,Peaty Soil
88.38809147,9.833049435,47.10573179,29.85161969,94.56866811,6.292095629,30.01465782,muskmelon,Red Soil
15.96254528,124.3852018,205,22.29204038,91.63490932,6.124294033,105.3222377,apple,Red Soil
9.14928883,56.1230964,24.44806517,29.65822766,89.11996469,7.194239851,42.98676866,mungbean,Loamy Soil
35.1509088,139.7789615,201.9945496,21.13031871,89.99741327,5.721072919,103.9503558,apple,Red Soil
36.2074345,74.73131238,24.42732627,25.52567753,62.69340182,7.282142966,70.16597004,blackgram,Laterite Soil
13.10962369,45.79089781,20.5888893,29.11578746,86.90583401,6.53919306,44.7980129,mungbean,Sandy Soil
32.03349868,120.3540566,198.8766409,39.47820905,79.62158024,6.147029007,73.9131079,grapes,Loamy Soil
17.80403111,24.68142843,43.34399914,23.59876026,89.14792113,6.204382253,106.576135,pomegranate,Peaty Soil
30.06693428,48.01574345,15.91347914,28.99258856,87.42814494,6.607481369,54.84480041,mungbean,Clay Soil
30.29376543,6.390458075,39.5719265,21.99714287,91.17526163,6.781033267,105.2944429,pomegranate,Peaty Soil
45.72393793,60.3222703,75.92751171,19.44031591,16.95285498,6.475259889,82.08464229,chickpea,Sandy Soil
108,35,25,23.98143338,61.10935084,6.971963169,161.5279095,coffee,Sandy Soil
91,75,55,27.48612983,76.11239849,6.212369363,109.2768851,banana,Laterite Soil
8,38,32,29.75150773,46.73723302,4.981816523,91.405983,mango,Peaty Soil
22.5897593,18.47714537,38.8326032,24.70768012,85.9222161,6.729289384,110.5044957,pomegranate,Red Soil
5.046209737,19.62382,10.27337006,33.02001449,93.52887146,7.401365413,120.3920965,orange,Loamy Soil
6.879157626,49.02066302,21.07031878,28.46730129,88.55727755,6.199864733,51.99209194,mungbean,Sandy Soil
100.7888652,30.79162591,23.46670138,26.68319701,69.9340003,6.857436883,157.4736711,coffee,Loamy Soil
29.21530935,65.23473601,20.88881638,33.82975535,62.36717785,6.609877438,67.45768605,blackgram,Red Soil
11.28988904,33.79180312,29.45237851,29.22109746,48.17841986,6.837985822,101.1830988,mango,Laterite Soil
25.42436736,58.66518522,16.11551975,29.26710061,83.24125827,6.62299334,43.37949405,mungbean,Sandy Soil
2.893103494,70.9236998,22.93435571,36.67585394,57.63452854,6.023104775,125.1605845,pigeonpeas,Black Soil
36.73337614,77.02326516,19.23303237,36.35111378,31.59051847,5.607908726,191.9896524,pigeonpeas,Peaty Soil
17.6956879,64.3951344,17.13026853,36.58680072,58.63554295,6.079548321,125.9521525,pigeonpeas,Laterite Soil
29.8089511,78.18376706,75.80554203,18.88966191,16.65678535,8.215887569,91.08062923,chickpea,Clay Soil
50,58,23,27.81326852,62.50460464,7.596802025,69.75555541,blackgram,Loamy Soil
75.28810433,37.95443634,40.07669713,25.13745273,82.14954746,5.050886142,232.6518831,rice,Loamy Soil
32.48455962,55.97998786,50.88872277,37.23447937,92.15420392,6.965665318,157.5328913,papaya,Sandy Soil
74.29725116,57.35512059,37.72802444,24.43199976,88.80700176,6.547884356,196.7840997,jute,Allvial Soil
8.687051553,5,33.89278527,28.49452536,93.74016472,6.092341183,172.6857579,coconut,Allvial Soil
92.27028444,21.15272011,50.08883414,29.05168149,91.57947747,6.765406261,20.21126747,muskmelon,Loamy Soil
27,65,18,20.10993761,23.22323766,5.59503163,73.36386477,kidneybeans,Red Soil
87.3415669,26.26882182,28.38787802,27.32736018,52.16161288,6.08975048,193.9337638,coffee,Laterite Soil
33.54358361,15.35584819,35.31726675,27.18674348,91.855775,5.737298466,225.7090449,coconut,Allvial Soil
0,55.71612109,25.20725538,27.95434008,44.64012045,4.545272848,47.59553707,mothbeans,Loamy Soil
84,25,52,24.37190239,81.2514818,6.12532356,44.20899581,watermelon,Loamy Soil
34.47317469,44.93690362,23.93504847,24.92514728,51.52928096,4.506850497,37.58300202,mothbeans,Loamy Soil
82.41919779,76.23459644,47.16295148,29.03705979,81.23021919,5.86147089,96.43379729,banana,Allvial Soil
3.466131938,59.04032876,21.56825844,25.21666357,46.38903516,9.127500743,56.8616285,mothbeans,Laterite Soil
99.22464533,77.62464548,52.32106172,26.6599607,81.28798553,6.21547149,109.0139117,banana,Sandy Soil
77.15099417,54.55189635,47.93347756,24.0395807,78.30191807,6.184570672,183.7205466,jute,Black Soil
73.11306741,44.5645747,37.44012846,23.65414392,75.52528009,6.804806372,180.0984131,jute,Red Soil
97.98547883,27.1126728,25.97423045,24.7598772,51.15933533,7.199527787,197.5337949,coffee,Clay Soil
26.46427306,36.70976165,27.28008427,35.34478577,49.11426134,6.15705304,98.47385497,mango,Loamy Soil
33.67317676,76.62473971,78.36725853,20.80498703,16.16436727,7.990880151,65.73384477,chickpea,Loamy Soil
23.03711417,42.08192517,23.92028882,25.61425625,54.06989576,4.537262135,44.5886613,mothbeans,Black Soil
113,33,34,26.00373964,62.1445102,6.559817161,153.477776,coffee,Peaty Soil
96.90183818,25.28170517,49.88017119,27.32672788,91.48759374,6.130248032,26.84832578,muskmelon,Clay Soil
28.55813853,71.10529047,24.50402199,23.20424002,37.22600079,6.954723663,163.3623761,pigeonpeas,Allvial Soil
5,136,195,22.35628673,91.92360477,6.264202804,107.7697413,apple,Red Soil
25.00756371,79.84517551,86.04273061,17.28182344,16.03180515,7.481817567,69.19571712,chickpea,Sandy Soil
30,17,31,31.20478173,54.49960506,6.804437106,94.62954663,mango,Clay Soil
36.07307783,140.5446759,196.7660359,23.26886634,91.39178821,6.292027728,103.3766687,apple,Sandy Soil
92.29949251,75.71454467,47.08195692,29.16697162,81.86782817,5.858455064,106.6546049,banana,Laterite Soil
39.10442557,24.24105686,26.67787803,28.74674584,50.55975407,5.446989093,94.67368233,mango,Clay Soil
96.56203808,28.63576941,23.76873094,27.69453214,53.37658593,7.196549681,138.8743161,coffee,Red Soil
8.839827581,55.05363466,25.04369763,26.27279709,40.01775555,5.579546599,51.89152736,mothbeans,Loamy Soil
69.1400046,56.9234164,37.2750255,23.34350434,86.28297626,6.492079513,178.7159341,jute,Laterite Soil
32,66,17,34.9466155,65.26774011,7.162357641,70.1415139,blackgram,Black Soil
118.8162653,27.63450928,29.14665689,28.06195943,67.4944971,7.102388121,115.0732331,coffee,Red Soil
20.46813574,25.72458432,40.9028284,20.27403692,92.51556586,5.710565027,112.092638,pomegranate,Black Soil
31,72,17,28.69180475,49.47225353,5.833031708,96.36222901,pigeonpeas,Sandy Soil
108.8545354,21.88698565,53.08970193,26.68920863,87.79833687,6.746218957,46.0185816,watermelon,Sandy Soil
30.13082678,142.0097527,205,8.825674745,83.7943829,5.539942903,67.7192029,grapes,Laterite Soil
18,66,22,25.87990287,67.55109024,6.347379185,47.89645224,lentil,Allvial Soil
108.6405876,24.34162639,53.66937446,28.9219618,95.1869605,6.208217194,27.00005673,muskmelon,Allvial Soil
36.38861986,25.15285192,12.94359459,18.84056272,91.49882977,7.867133091,109.6931049,orange,Red Soil
62.41072729,59.78912472,23.12481506,25.41475493,72.88070121,6.601772207,107.362668,maize,Clay Soil
72.17704011,54.18756162,36.58893529,25.6937762,83.95885406,7.112617731,216.0082793,rice,Black Soil
3,68,16,18.31910448,34.69776639,4.964887857,107.4721605,pigeonpeas,Allvial Soil
38.30762676,27.27542258,26.47087047,30.18643751,51.37771356,6.837968703,93.73344127,mango,Clay Soil
24.57885066,139.0050826,205,11.92158144,84.25301948,5.951856227,67.61953534,grapes,Allvial Soil
86,39,43,26.14576648,71.23690851,6.432051512,193.1007598,jute,Clay Soil
17.97583832,30.42484471,29.07133807,29.452197,90.94257161,5.856829278,222.6346786,coconut,Allvial Soil
22.10488637,72.63878439,21.97527926,16.1977911,21.96516824,5.991471853,134.1146521,kidneybeans,Laterite Soil
40.87912006,77.53649554,73.16429938,20.05680734,15.63326833,8.125337778,69.60752041,chickpea,Sandy Soil
22.48768027,59.908473,17.29646743,16.57473054,21.19498537,5.589221483,100.153215,kidneybeans,Clay Soil
25.64776602,121.3590162,201.5400426,22.81166954,92.142094,6.443548187,118.6867483,apple,Red Soil
83.47823624,54.41959678,37.5111391,27.03369589,79.46016505,6.939444729,174.6359617,jute,Laterite Soil
103,72,51,26.12643374,81.81365007,6.099478745,104.4812858,banana,Clay Soil
19.940136,8.025246015,10.21359541,14.47091603,91.12412923,6.12778512,98.34223385,orange,Loamy Soil
38.78218241,35.08024069,27.48212289,33.06944509,54.26590213,4.63593189,94.75756568,mango,Laterite Soil
24.86447828,19.59716744,38.83808052,21.21510218,87.36240127,6.998455503,109.1169088,pomegranate,Clay Soil
26.84350322,79.06973705,15.53840648,24.75198599,61.75730011,6.045649549,52.56968325,lentil,Laterite Soil
59.78223014,46.83901426,20.05840703,25.14467412,65.5112365,6.656818367,89.4016458,maize,Laterite Soil
22.45090441,18.17647077,30.93573861,30.89901858,47.73360031,5.97112343,89.52517579,mango,Sandy Soil
40.00267702,77.39737783,76.79986392,19.53778587,18.44086257,7.855102799,80.95818049,chickpea,Clay Soil
80.02039163,51.95503236,16.85235123,25.34117274,67.81908801,6.563140106,95.39535895,maize,Loamy Soil
15.98050994,145,197.6024781,26.81954447,81.27320189,5.986885973,71.44952498,grapes,Clay Soil
14.29210506,57.90037279,14.69072511,21.43638425,22.64654885,5.769594347,148.2634454,kidneybeans,Peaty Soil
20,23,11,31.8520694,90.12220323,6.407715561,109.9455062,orange,Peaty Soil
6,64,23,23.33565221,67.40460704,7.065264073,36.18678721,lentil,Red Soil
93.12669181,57.2621644,40.7349436,26.74550119,81.28577568,5.93515935,192.203685,rice,Red Soil
13.12895623,60.07193278,21.03298953,19.50050319,63.07843121,7.72897855,45.50276969,lentil,Allvial Soil
25.76713533,33.26917292,33.66539985,33.43077924,53.57099454,5.372535658,100.9117688,mango,Allvial Soil
9.927671487,137.678012,204.7427461,20.91821955,91.93243178,6.314610725,104.9321238,apple,Sandy Soil
71.00745863,53.24231721,37.73015654,26.39225845,71.55527385,7.308283201,201.2391096,jute,Peaty Soil
75.65020734,44.47871196,15.60499878,20.40588463,63.23532189,5.847273957,63.1790575,maize,Sandy Soil
101.9936149,42.62958349,17.04010135,24.42417736,84.47715444,6.51535055,76.80268808,cotton,Laterite Soil
80.82668967,19.40368006,48.78094872,28.9174677,93.25633111,6.185626392,27.12486522,muskmelon,Clay Soil
100.7567203,69.20435327,48.19745697,25.4549678,74.3991212,6.02223033,116.3019528,banana,Allvial Soil
28.89249843,35.40808382,24.7609484,30.33131135,47.99396039,7.731316359,68.15591609,mothbeans,Sandy Soil
6.114378423,9.877879428,10.41749191,30.95360656,90.90182823,7.023915721,110.2748314,orange,Sandy Soil
27.23492017,23.63315944,28.74428602,26.75025575,97.24200474,6.131292449,189.8393582,coconut,Clay Soil
57.65991155,70.03128443,84.41439792,20.53623441,16.57792222,6.241917633,74.47390578,chickpea,Laterite Soil
60.7734883,51.61581445,38.46652914,25.17096087,83.55806782,6.842929206,204.8719205,rice,Laterite Soil
6.172179762,35.89122643,20.25007067,24.40783418,60.46771809,8.894983463,43.40390252,mothbeans,Black Soil
140,41.15463888,17.33425611,22.60589428,77.3038646,5.984038556,75.17321787,cotton,Laterite Soil
50.56259078,55.05544671,83.91448189,19.99212626,14.25803981,6.800827491,90.67727468,chickpea,Sandy Soil
60.83578291,59.0836404,22.72379149,18.8024725,61.20312313,6.152043222,76.25814132,maize,Laterite Soil
30.49799665,57.79315499,17.54199053,15.48524861,24.67714172,5.729322017,106.649111,kidneybeans,Peaty Soil
80,30,25,26.24092174,65.64381357,7.487266991,148.3771202,coffee,Loamy Soil
115.2661473,43.38047665,24.33972836,24.81824504,78.829388,7.836762401,71.07270521,cotton,Red Soil
14.51839857,28.64931847,13.15171957,32.30267372,93.74654848,6.202705282,117.9470982,orange,Clay Soil
14.86232155,12.162663,32.1212072,29.41855998,97.40395673,6.394404759,212.3091875,coconut,Sandy Soil
72.73103144,41.62862524,41.46850963,25.22535159,83.43587509,6.406081494,169.7976351,jute,Allvial Soil
22.88968658,54.61845176,25.09858397,28.59235264,58.28797697,8.666829092,63.66558624,mothbeans,Black Soil
13,22,5,19.667056,90.50096668,7.764040111,100.1737964,orange,Peaty Soil
102.4566509,15.74977396,47.97796494,29.31409766,94.89856149,6.150818868,26.76271039,muskmelon,Red Soil
57.94624811,56.10357438,78.01306788,17.10309148,19.0555915,8.83877314,69.02283181,chickpea,Peaty Soil
92.0093236,47.45312112,43.91722893,23.99053491,71.54911803,6.509099961,153.5851386,jute,Peaty Soil
29.10588202,127.9983685,200.2160078,22.79271212,92.33363906,5.697365193,122.3137134,apple,Allvial Soil
20,45,16,29.93964907,54.61813464,4.626212446,45.43669946,mothbeans,Sandy Soil
59.41140084,50.80559742,34.82360244,22.74786963,82.75628078,6.041288015,258.7703649,rice,Laterite Soil
0,28.67597246,31.31794653,27.91836552,96.73027019,5.883735745,169.280359,coconut,Allvial Soil
6.641665621,19.73236958,24.54004805,27.46460282,54.70542475,6.487436408,98.39930226,mango,Loamy Soil
38.89823107,18.25436356,43.78843559,19.56051166,87.35564002,5.790810484,107.4339413,pomegranate,Sandy Soil
35,57,25,27.0956288,42.26206161,8.340398059,71.1271039,mothbeans,Peaty Soil
4.05182011,78.57386328,21.94798552,19.96670728,20.25254468,5.846070502,96.87345366,kidneybeans,Red Soil
58.89067052,45.27916993,21.47715988,24.78447483,65.7899284,6.607934556,89.08233478,maize,Laterite Soil
27,43,23,31.70447482,56.85420099,5.875333778,44.94317432,mothbeans,Black Soil
82,77,46,28.9470467,82.1888998,5.901100841,95.83016448,banana,Allvial Soil
19,24,15,20.48954522,93.72485075,7.137136973,111.8391951,orange,Black Soil
28.34842227,63.75402179,19.25047362,29.72650555,65.64834151,6.89707775,44.99878427,lentil,Peaty Soil
107,51,22,24.86560781,78.22080815,5.983075895,79.56866268,cotton,Red Soil
99.87594855,6.272219125,45.12966628,27.8252737,93.17784709,6.143735559,25.83510695,muskmelon,Sandy Soil
37,36,26,32.89300162,52.61323969,4.650536197,94.49161372,mango,Laterite Soil
61.55093328,57.38117251,52.53773039,42.15205601,93.08120844,6.851247062,162.0258928,papaya,Black Soil
101.4333876,35.84618576,17.18135113,22.87735872,82.64300951,7.648998909,93.08554976,cotton,Allvial Soil
118.4396845,7.105583411,58.65453867,26.03847852,84.26847226,6.090456258,42.47149365,watermelon,Black Soil
37.87709985,139.2902612,199.7622156,12.82989786,80.4602962,5.75489411,68.88633284,grapes,Clay Soil
24.96975158,80.06285313,80.70004568,16.91751288,17.48630398,7.540602629,70.00188696,chickpea,Sandy Soil
110.2845807,38.44302571,20.88503521,22.743575,79.57801578,6.116607176,89.48835046,cotton,Sandy Soil
30,79,22,18.28766124,69.48515056,6.254216611,48.60449438,lentil,Laterite Soil
119.2047288,81.20853765,44.98060831,25.31336935,80.46354658,5.611454689,106.3644191,banana,Clay Soil
0,70.46696843,18.62175075,36.50767757,56.03326181,4.678906276,102.5011588,pigeonpeas,Loamy Soil
11.64485633,64.07318047,17.92230833,18.96887304,62.04146066,6.601882429,35.91364033,lentil,Black Soil
14,48,21,29.24598976,84.80084105,6.991242362,53.43228915,mungbean,Red Soil
25.12851457,73.38914042,81.00939836,17.82002456,19.35316295,8.764405116,79.68244322,chickpea,Allvial Soil
19.90288941,6.561109295,10.16408962,29.56976579,91.18568553,7.119458612,111.5016663,orange,Sandy Soil
85.50934825,5.660414262,52.28585999,25.69879307,83.54374775,6.899474641,39.78185339,watermelon,Laterite Soil
26.65579267,10.04642721,11.12213948,13.91233436,91.11596384,7.587341222,107.5327133,orange,Peaty Soil
38.00343651,140.7244427,194.3757716,14.92784282,80.48306668,6.301765866,73.3698769,grapes,Peaty Soil
101.237217,41.90236583,22.57023194,22.08602363,85.84389452,7.353356643,94.50212698,cotton,Red Soil
12.73261534,26.60998979,26.74157158,28.92759855,45.83291587,5.30420248,94.39612119,mango,Laterite Soil
69.07111726,37.15467008,41.65273055,22.94005936,83.96142924,7.035282596,251.4762185,rice,Loamy Soil
10,75,17,18.43966037,68.05394959,7.732194788,39.00992137,lentil,Sandy Soil
99.72576361,31.21341337,24.32924253,25.0635497,57.4025627,5.996584508,123.8804617,coffee,Peaty Soil
106.9153014,93.58720648,47.79995732,27.45218714,84.59889523,6.390210568,93.25532284,banana,Peaty Soil
7.019377479,64.33782764,22.36335474,23.55022694,66.80744827,7.042069623,35.87859719,lentil,Red Soil
78,42,42,20.13017482,81.60487287,7.628472891,262.7173405,rice,Sandy Soil
69.60283518,64.21674002,51.44474898,30.42339669,92.0668299,6.582720943,76.23667451,papaya,Red Soil
82.33678784,24.94479382,52.51363685,26.82689267,85.47752146,6.481363971,39.34224815,watermelon,Laterite Soil
24.56991243,52.06620964,18.3404863,27.46694096,53.85258126,9.473470374,50.93432421,mothbeans,Clay Soil
35.18931767,55.10059169,23.06157125,31.39752531,53.02098357,8.630749351,55.32364863,mothbeans,Red Soil
30.91990627,56.79814926,18.04984851,15.68467265,22.76671753,5.695540258,105.1060056,kidneybeans,Peaty Soil
38.33304068,8.380944341,40.89719533,24.36425396,84.96772266,5.744308217,105.7968027,pomegranate,Black Soil
3.090120875,14.77360596,38.7195279,19.93652691,89.33737017,6.423689921,101.4036928,pomegranate,Sandy Soil
58.79803283,55.2282866,17.74302009,18.83421145,62.33937806,6.402251179,71.88292131,maize,Loamy Soil
30.42261013,11.60033486,43.0949745,24.76214869,86.75437237,6.051669831,106.7489194,pomegranate,Clay Soil
38,15,27,33.7462686,48.50387598,6.777788126,92.26439205,mango,Sandy Soil
39,42,20,29.3499706,61.25353851,8.055908858,40.82840673,mothbeans,Laterite Soil
100.0991877,39.00824272,30.92164155,24.38455781,69.26173888,7.048093754,162.9369882,coffee,Laterite Soil
16.06100959,77.02914834,25.05775548,20.80424593,18.65864255,5.565129135,107.9429524,kidneybeans,Allvial Soil
32,79,22,27.60195453,63.46170674,5.91645379,54.37814199,lentil,Loamy Soil
16.90353913,45.016962,20.52148574,24.26012573,60.96187503,7.248260208,46.13335788,mothbeans,Clay Soil
26.27171588,64.14630745,15.11963164,20.54329472,25.76353924,5.505750301,138.3380604,kidneybeans,Loamy Soil
100.0034247,91.26369072,48.34223908,27.94661049,77.47152339,6.313928214,104.0834319,banana,Black Soil
68.30683567,67.19013012,49.55200969,35.24496049,92.84372894,6.807817833,147.1931714,papaya,Red Soil
19.96228817,139.8221816,200.8713211,23.43692347,92.6999091,5.660453003,107.0963046,apple,Peaty Soil
70.19338612,65.16443705,52.9387434,30.09719555,93.05367637,6.580235402,74.02249555,papaya,Red Soil
63.28065745,36.30134876,23.12380274,23.11493842,61.83421133,5.696169651,62.63585608,maize,Loamy Soil
74.28703582,58.07856541,19.21777848,19.82200873,56.82939284,6.776945139,112.4419845,maize,Red Soil
25.82436435,76.05423855,18.34062103,31.65574491,68.1794649,7.249136628,62.62469719,blackgram,Peaty Soil
21.92216136,54.67160468,13.6711843,23.86111032,67.37160461,6.505837746,49.17938606,lentil,Sandy Soil
22.92610615,59.64771297,17.79682155,19.63698414,61.96800047,6.727042514,39.14576855,lentil,Laterite Soil
95.71340718,39.18205166,28.8190595,27.18328284,55.50622419,7.159585191,147.2856246,coffee,Clay Soil
101.296349,38.82624712,35.12681624,27.3151107,55.21054746,6.935519774,179.7296897,coffee,Red Soil
14.33049461,18.92656928,13.95642181,17.54337525,93.9708109,6.721797164,108.5252297,orange,Sandy Soil
37.44521507,54.71360624,19.523876,26.75414687,83.74616232,6.620589661,53.47026434,mungbean,Clay Soil
40,5,29,28.48444906,97.76865458,5.820978791,160.389421,coconut,Allvial Soil
8.984766749,68.84639716,18.53686679,19.38026165,23.19550419,5.599578747,132.5634021,kidneybeans,Loamy Soil
17,57,20,28.50677929,45.20094476,3.793575185,66.1761456,mothbeans,Allvial Soil
40.36889306,72.55250818,22.38782278,25.58555816,61.72905254,7.19823415,70.89859742,blackgram,Laterite Soil
84.99031567,5.786203695,51.47639322,25.89656075,82.55129709,6.912293784,40.27122655,watermelon,Laterite Soil
40.42859619,24.40334846,41.06703259,23.63483167,93.83665993,6.437653285,111.0390459,pomegranate,Laterite Soil
84.90205993,89.26181942,53.5149067,29.14586029,84.15163836,6.110980742,110.679482,banana,Laterite Soil
13.95536784,132.4577868,203.9596758,23.65312718,82.53839561,6.41890886,71.64082709,grapes,Clay Soil
106.8281991,23.27984977,45.73666558,28.62892273,92.6276785,6.134215331,25.32978955,muskmelon,Peaty Soil
76.39422693,48.49067017,40.26196624,24.74384717,84.25699238,5.201237512,196.2877324,rice,Laterite Soil
27,62,24,28.63005477,66.770943,7.353876754,62.2737345,blackgram,Black Soil
108,26,52,28.82629037,94.26765349,6.201797639,26.23838511,muskmelon,Allvial Soil
94,54,17,23.39128187,61.74427165,5.871647806,107.3198135,maize,Clay Soil
39.78264055,8.231245423,39.60876643,24.37702044,85.49276438,5.809811368,105.7252685,pomegranate,Black Soil
116.6544137,38.17671569,33.6703221,23.36209609,50.35387299,5.998487004,184.4369954,coffee,Allvial Soil
7,20,12,16.53460397,94.76759975,6.475275337,110.0447896,orange,Laterite Soil
132.4629636,50.79733556,23.93107305,25.76101037,82.13310198,7.598906675,97.91137492,cotton,Peaty Soil
34.01679415,74.18028251,19.18286573,33.24941238,68.95948528,6.719688916,60.851473,blackgram,Allvial Soil
2.571973558,138.5120454,203.4211204,17.5264311,80.61077796,6.32198048,73.35331582,grapes,Allvial Soil
12.46307385,57.76521005,24.47032472,28.50659769,84.57187548,6.859546939,52.48209177,mungbean,Clay Soil
22,8,33,28.43572863,95.8840407,5.665785202,203.9283708,coconut,Peaty Soil
136.5784882,36.22485151,21.86579704,22.63684455,81.93914931,7.591958082,89.20117596,cotton,Laterite Soil
40,45,20,29.37687468,57.69622912,6.878498176,38.34303462,mothbeans,Allvial Soil
91.58538356,23.46036873,25.12833778,24.5958542,67.4138984,7.532597633,178.3330994,coffee,Loamy Soil
115.1330806,12.47432417,51.93327602,27.43724619,94.58152881,6.680168534,20.34033921,muskmelon,Laterite Soil
31,20,26,25.56567803,97.61361544,6.443168642,199.7936345,coconut,Black Soil
18.1418801,36.61748678,22.96789309,23.82523251,54.56899325,7.166569363,34.729944,mothbeans,Allvial Soil
26.25987535,17.19313616,29.07184067,31.80995271,51.74612734,6.335684666,99.34034975,mango,Sandy Soil
99.14926862,24.27723522,52.70889697,29.18174209,93.31338513,6.768499225,24.0020093,muskmelon,Clay Soil
39.58141947,28.64835862,30.73279594,26.51687869,94.33650641,6.118439634,202.0011944,coconut,Laterite Soil
5.636949795,19.30704289,24.50393289,28.56449623,48.37482125,5.653486192,102.7049299,mango,Black Soil
95.51789278,57.59364736,38.55592041,23.16794556,74.09748373,6.459542734,184.1636433,jute,Sandy Soil
10,5,42,20.24104904,91.08706822,6.887005997,109.2537734,pomegranate,Sandy Soil
79,59,17,20.37999665,63.73849998,6.644205485,108.5054416,maize,Laterite Soil
71.51870544,65.39549704,50.20155406,40.02482121,90.25000264,6.541461279,91.35834271,papaya,Clay Soil
20.63987945,61.44728845,17.60616294,15.68176946,19.17705575,5.980959252,108.8754135,kidneybeans,Laterite Soil
25,48,21,28.438097,83.48991368,6.267684328,52.55469976,mungbean,Red Soil
78.68164568,12.25898831,25.65224867,23.06687201,69.35233732,6.711667273,163.4634009,coffee,Sandy Soil
34,59,23,28.56212158,83.24855855,6.935804256,56.48265193,mungbean,Laterite Soil
25,70,16,19.63474332,18.90705639,5.759237003,106.3598183,kidneybeans,Loamy Soil
117.2867902,23.14903959,45.84658667,29.11645913,92.87513103,6.124649935,28.93353723,muskmelon,Loamy Soil
69.73203054,36.06546783,22.73883698,22.18842773,58.82884676,5.815721876,64.81877997,maize,Black Soil
111,79,53,28.31193338,75.77363772,6.165001278,119.695765,banana,Sandy Soil
105.0345308,60.39942194,24.26436321,23.59657829,76.6873886,6.201078331,85.51952849,cotton,Loamy Soil
120,87,52,28.0764455,76.05522115,5.905494703,118.9923573,banana,Loamy Soil
7.189286563,28.10442202,30.07149403,25.33344928,94.11213545,6.00062423,133.8491611,coconut,Black Soil
2.835564213,68.55438182,24.60591803,16.92567777,19.92744065,5.490232045,101.6771075,kidneybeans,Peaty Soil
104.2762363,40.95387498,28.58356849,27.18317047,55.54736166,6.346999846,141.089861,coffee,Laterite Soil
59.69721486,39.08184181,14.10514794,18.62472142,64.20972156,6.471627696,76.82040584,maize,Allvial Soil
38.99678273,131.2453494,196.3677541,35.81856496,83.64511748,5.765323566,74.46801074,grapes,Allvial Soil
90.11560388,43.97341424,36.46578516,21.40242043,79.77385721,6.420806121,186.7500946,rice,Sandy Soil
0,28.89208495,33.18546823,28.12938624,98.47858562,5.878588749,170.4272855,coconut,Allvial Soil
111.9773754,36.72876519,20.72531992,22.06531077,78.64326014,6.408536059,76.01969662,cotton,Red Soil
108.2326147,46.08313923,25.54792299,23.11121881,83.77230435,7.212384652,71.71323138,cotton,Laterite Soil
55.66761653,63.98180336,45.19234619,37.87071983,93.50214084,6.799299297,219.4451049,papaya,Peaty Soil
29.1279697,19.66280756,47.50479752,23.57742384,93.47748817,6.753711255,103.9192695,pomegranate,Peaty Soil
106.1707635,57.92823236,14.59654257,23.62529961,75.63788764,7.528085412,79.6042182,cotton,Laterite Soil
8.839673234,23.22590971,33.37047271,19.68421202,94.98679607,6.844397145,102.4115745,pomegranate,Laterite Soil
22,67,78,17.16606398,14.42457525,6.204090835,72.32667516,chickpea,Allvial Soil
19.28054876,40.48476022,20.85033253,28.99681332,90.68098498,7.134418123,49.54775232,mungbean,Laterite Soil
114.1954204,9.384180698,54.86169081,29.29661,91.98919434,6.036130143,27.73998374,muskmelon,Red Soil
16.64907758,27.2271148,43.66322036,22.2752076,93.17678471,7.152403553,106.9347226,pomegranate,Sandy Soil
92.00097673,53.16007626,39.46687181,26.58382875,81.41768668,5.387203681,265.8350067,rice,Clay Soil
34,10,14,34.05296914,92.05811721,6.725600855,116.8020848,orange,Loamy Soil
21.39612549,20.69811578,28.07128393,26.17297376,92.82335081,5.9045041,150.4751682,coconut,Allvial Soil
82,78,46,25.05802193,84.97323747,5.738678895,110.4408803,banana,Loamy Soil
20.69791057,20.71389272,30.56490257,25.58235976,99.98187601,5.83266836,163.3535809,coconut,Red Soil
10.95641459,60.08129444,22.07471179,18.41680756,23.38029111,5.502730579,137.3602333,kidneybeans,Sandy Soil
89.75478152,85.17048103,46.78616053,27.86980037,77.29431653,5.617122849,110.2627934,banana,Loamy Soil
26.14843558,58.79564218,21.23186817,21.57616083,20.98594226,5.913911049,135.7201591,kidneybeans,Allvial Soil
100.3161213,18.66394363,33.22312712,27.57852591,56.53232396,6.298179925,129.4995339,coffee,Black Soil
17.70955636,73.96612181,14.66321293,24.88737563,22.69026679,5.661099894,146.6005877,kidneybeans,Black Soil
28,122,197,19.89363946,82.73366439,5.856575335,69.66256816,grapes,Clay Soil
77.00498945,57.24868211,20.48626058,23.02418042,55.66884562,5.788538873,101.0547814,maize,Loamy Soil
36.27093132,74.51898511,14.96123059,24.9163544,17.7350042,5.584200289,62.18537009,kidneybeans,Red Soil
38.20677299,71.23664224,84.68492479,20.29722573,16.11417774,8.169240819,80.39045943,chickpea,Allvial Soil
93.83374309,56.69981268,42.6574292,23.82740505,81.76101132,7.387080311,193.9571879,rice,Sandy Soil
23.30993853,42.22210843,22.86677653,28.2280837,83.78809414,6.448435291,42.89648069,mungbean,Sandy Soil
10.92964746,8.321754972,9.164674775,22.31464455,93.17092536,5.956816151,102.7766697,orange,Peaty Soil
3.503765813,119.3442235,203.6105827,23.19851559,94.42967554,5.856617866,106.2982498,apple,Red Soil
39.68997433,19.19875471,42.14156993,19.45310281,86.64281407,5.766672723,109.3414037,pomegranate,Sandy Soil
83.72394594,11.2394888,56.1224314,29.50115141,93.36879083,6.155895074,23.26883939,muskmelon,Peaty Soil
7,23,35,19.75088482,88.71691157,7.054313823,102.5538035,pomegranate,Sandy Soil
60.43116351,62.83686826,75.98231151,20.53515604,19.61489823,6.311370285,93.898252,chickpea,Clay Soil
38.51066828,62.70352651,16.02463954,16.16468105,24.56506017,5.93156989,141.5618333,kidneybeans,Peaty Soil
28.46035838,123.2814451,196.3755379,23.56619025,91.98347331,5.671957359,113.2474742,apple,Black Soil
32.81872694,143.0810251,202.829557,10.92987167,81.09342358,5.853803186,67.96885489,grapes,Black Soil
67.29630622,33.71984515,23.50201364,23.44156064,63.4545284,6.428939534,109.0663541,maize,Sandy Soil
78,35,44,26.54348085,84.67353597,7.072655622,183.6222657,rice,Clay Soil
33.98186766,131.4384663,202.5005715,22.49241887,94.42238695,5.891452667,99.45604901,apple,Laterite Soil
105.865609,43.62734491,19.01865846,22.36379986,81.82386759,6.697115876,65.25598177,cotton,Allvial Soil
32.02211487,67.36639405,15.75379345,34.96833287,65.96858203,7.143053731,69.62542207,blackgram,Black Soil
29.88026106,58.19647799,13.69074285,27.03993759,84.80161457,7.11531289,51.2070074,mungbean,Allvial Soil
70.63437129,40.68276104,42.26861673,26.64460763,80.12309264,6.359146282,182.5050486,jute,Black Soil
121.4816822,46.40893844,16.02547403,23.75107857,79.65900603,7.692476725,74.55019027,cotton,Sandy Soil
13,16,8,34.74004942,93.12316972,6.949838549,100.1967854,orange,Black Soil
20.43417732,27.54832829,25.28638859,25.04368188,92.79691779,6.036878535,159.4952794,coconut,Sandy Soil
36.82107827,125.6657685,197.7762912,37.49541114,80.16259248,6.149767106,71.56141183,grapes,Red Soil
118.2014093,44.10475672,14.52465942,21.97286143,82.650414,7.096303282,60.92649198,cotton,Sandy Soil
36,26,26,30.17294105,51.0845903,6.814630246,95.23444287,mango,Clay Soil
91.78997428,46.58539071,35.73083944,21.48403086,82.15995511,6.500212062,294.9603025,rice,Black Soil
8.614157358,47.80542185,21.43799653,29.5695712,83.74352064,6.434432322,54.37668058,mungbean,Allvial Soil
4.722040598,8.815809758,45.78591063,23.84918393,90.48520869,6.534154729,105.9142378,pomegranate,Peaty Soil
80.44017634,56.21966592,37.61221152,23.44124546,72.51967886,7.091742569,176.2185928,jute,Loamy Soil
37.31827989,61.82076252,20.00421533,24.08793804,62.1598906,7.379419025,49.96568525,lentil,Black Soil
0,75.54061877,18.71460411,28.38619231,51.47215582,5.988526436,147.4121108,pigeonpeas,Red Soil
67.55074267,60.83866174,50.51803282,33.46506506,93.07618547,7.025327517,197.9360364,papaya,Clay Soil
100,56,40,26.38905406,83.31240346,7.433313409,176.1516409,jute,Allvial Soil
99.1707084,26.25081042,28.65853903,24.88193733,52.10963297,7.234140526,197.4649072,coffee,Clay Soil
72.87229348,54.81104447,38.21394644,25.62540137,82.37235831,7.068397273,215.1209811,rice,Black Soil
2.824445142,20.26642654,39.78405826,24.29246503,94.36738209,6.516768566,103.9100574,pomegranate,Allvial Soil
57,73,85,18.49311205,14.72115044,7.358099622,91.94595352,chickpea,Laterite Soil
11.42766542,45.56362953,23.28567857,27.70276581,89.46388896,6.463559533,57.41123583,mungbean,Red Soil
62.76635505,33.93146135,16.73707828,21.87126787,65.15713498,6.267973594,82.46551281,maize,Peaty Soil
117.6381472,81.32807732,54.05588756,25.28282131,82.31912224,6.191178502,114.1036784,banana,Sandy Soil
21.07202936,69.48312161,19.34952803,18.44178541,21.77962766,5.539973413,67.95104956,kidneybeans,Clay Soil
4.64913199,124.2624232,200.6185896,23.00746927,94.35638145,5.98497732,111.0679734,apple,Clay Soil
13,28,33,28.130115,95.64807631,5.686972967,151.0761899,coconut,Clay Soil
50.39275003,58.15869211,25.35826994,27.79333383,62.70120767,7.615620661,72.36147692,blackgram,Loamy Soil
7.248228512,28.76860626,35.07590053,23.42915005,94.84934446,6.858971567,104.692201,pomegranate,Loamy Soil
3.452816561,45.05586227,22.46777282,28.42146221,87.80518446,6.514923637,39.16949141,mungbean,Red Soil
111.7175188,88.9602386,50.67793077,26.58735517,81.29870161,5.534740238,99.29185461,banana,Sandy Soil
114,40,23,25.53676123,81.13668716,6.753978061,95.4262599,cotton,Peaty Soil
21.56027783,24.17219218,41.32902641,19.82924116,90.07415084,6.910074789,105.004786,pomegranate,Sandy Soil
106.6219929,19.76087398,51.34739449,29.8907856,91.38859572,6.328501581,20.21126747,muskmelon,Laterite Soil
30,30,35,25.00872392,95.59224018,6.001936419,165.8092179,coconut,Red Soil
34,61,49,28.12971499,93.3210737,6.502675132,117.8201907,papaya,Laterite Soil
5.352589215,20.41121337,24.79004446,27.19894292,54.79603039,6.420872457,96.43635742,mango,Loamy Soil
70.29494698,50.67896716,23.86255458,22.27265734,73.46670043,6.817981849,108.0913225,maize,Black Soil
118,44,23,22.08458267,82.82904143,6.691690476,67.06459777,cotton,Clay Soil
3.371926537,24.51881121,8.18913939,22.35845755,93.00741316,7.479766373,109.2804994,orange,Peaty Soil
66.78548717,60.61590749,24.95074834,25.02306316,65.99826386,5.750753392,110.5942926,maize,Loamy Soil
38.47102042,21.57194861,11.3527117,13.11672635,94.89714582,6.325681281,108.8778094,orange,Allvial Soil
100.8476322,77.05635629,45.21748207,25.49337636,75.69274096,5.577649375,98.24907614,banana,Clay Soil
36,38,15,28.36363858,87.59810657,6.320662012,57.99524359,mungbean,Red Soil
113.811413,27.10913379,46.22639243,28.98848339,92.6513055,6.179015786,25.89387891,muskmelon,Laterite Soil
53.21314504,54.33568478,16.99673408,28.25913643,63.66637565,6.705438879,69.75614377,blackgram,Clay Soil
23.08173145,37.79177236,20.92706833,29.36162331,81.30582598,6.874900461,40.16142935,mungbean,Clay Soil
39.40673778,58.00922464,74.36645494,18.66404614,14.85224292,7.088985365,90.97316885,chickpea,Clay Soil
94.88164199,37.08870274,42.52416219,24.91407762,87.26993064,6.429430452,178.6533877,jute,Sandy Soil
118,45,23,23.37044424,77.43198948,7.977651226,71.67870701,cotton,Clay Soil
82.0384166,56.71954911,22.4022834,19.67139471,60.00172266,6.41969274,67.34204386,maize,Laterite Soil
60,54,19,18.74826712,62.49878458,6.417820493,70.23401597,maize,Loamy Soil
71.23164412,42.37233498,40.78115918,26.6649556,80.74196359,6.301158744,179.1708725,jute,Black Soil
9.301614693,6.61976934,38.8214372,22.42326812,90.04037901,6.566909269,110.6653814,pomegranate,Black Soil
6.419054715,45.21849364,20.26964933,28.37079518,88.46503352,6.486735445,43.11646616,mungbean,Red Soil
28.52023243,8.076653045,8.819599126,34.86527663,91.48031752,6.672481667,117.6478235,orange,Clay Soil
36.46856385,118.260223,194.5434169,17.46642344,82.51933152,6.341123564,73.73720608,grapes,Allvial Soil
19.70523946,44.70768514,18.28359791,27.27456106,87.33374253,7.13896554,51.98813395,mungbean,Loamy Soil
37.56674094,134.9802524,200.3084914,23.7898495,92.88049746,6.005820684,100.782688,apple,Peaty Soil
39,58,85,17.88776475,15.40589717,5.996932037,68.54932919,chickpea,Clay Soil
23.18965264,22.35000339,30.6452208,32.74167708,47.87745787,4.753896241,93.27995164,mango,Allvial Soil
38.71975286,14.51676069,27.82862122,34.09811554,48.25585933,6.762563318,90.25883181,mango,Sandy Soil
2.512917294,47.80152334,16.91950027,27.80028009,65.9027463,3.704623704,29.92879955,mothbeans,Sandy Soil
2.71347332,49.35627248,25.12591012,29.55677621,84.20816602,6.248116367,59.18257464,mungbean,Allvial Soil
34,65,47,23.48546973,93.71043692,6.833768535,191.7760562,papaya,Red Soil
93.72175695,12.27655111,52.34302445,25.75590104,85.01141243,6.682038968,42.56453216,watermelon,Red Soil
30.52970545,128.3805498,205,22.45814407,92.86220974,6.148972927,98.63509525,apple,Loamy Soil
93.50315,42.83587038,17.81566055,25.50963815,67.00137441,6.062761784,106.1113412,maize,Clay Soil
35.6418013,140.3452026,199.7494317,16.91754313,82.97582674,6.125177661,68.0484683,grapes,Laterite Soil
117.493082,85.84651693,54.96589108,24.95509615,83.31874712,5.669508387,115.2097543,banana,Red Soil
4.759558818,25.35194623,5,31.06767228,92.36698071,6.001377299,104.3821358,orange,Sandy Soil
6,68,18,24.388717,62.50453062,6.711341147,47.26052494,lentil,Laterite Soil
109.739811,69.20917531,53.65869854,28.41334202,82.87050366,5.753329038,94.046382,banana,Allvial Soil
23,45,23,28.77653519,86.69133979,6.983130466,56.12443206,mungbean,Clay Soil
9.14909372,122.1837184,201.9649114,29.5752531,80.9858826,5.575861922,67.70451625,grapes,Sandy Soil
5,25,6,30.72119881,94.01331956,6.011302181,106.8118019,orange,Sandy Soil
9.802538017,35.60172205,26.08583025,28.63490092,88.70931024,7.105607612,56.36571977,mungbean,Peaty Soil
32.83954983,47.2620198,44.45760043,40.65324122,93.09103746,6.547053385,131.2244138,papaya,Sandy Soil
34.56638462,46.49903349,23.98705179,28.26827836,83.99147994,6.281806766,38.14471222,mungbean,Allvial Soil
14,121,203,9.724457611,83.74765639,6.158689406,74.46411148,grapes,Red Soil
11.30104473,128.7673566,200.952993,22.43929338,91.04717259,6.134253143,117.2404168,apple,Clay Soil
24,27,34,28.87862994,95.11320315,6.203376525,145.0583117,coconut,Loamy Soil
20.82269615,120.7852464,204.3107545,11.9156463,79.98302236,6.497590706,63.7454069,grapes,Peaty Soil
80.30886162,55.18456613,37.11711648,23.31247127,72.15466491,7.066946304,174.0457653,jute,Loamy Soil
15.32549846,36.72177154,15.9839456,28.12773152,83.12630957,6.593348445,50.23189194,mungbean,Allvial Soil
96,13,55,29.5275305,94.57459443,6.700337732,21.13545688,muskmelon,Peaty Soil
11.05860481,70.20458068,19.96482753,25.14551448,69.10436161,7.291009728,40.4008022,lentil,Black Soil
107,58,15,23.73868041,75.77503808,7.55606399,76.63669195,cotton,Laterite Soil
9,48,22,27.77076285,87.09979549,6.402926221,49.50812624,mungbean,Peaty Soil
99.52455121,74.08392437,53.34764613,25.55609706,81.66554755,5.829930458,97.65350057,banana,Laterite Soil
20.67955824,61.47179777,79.35504838,18.29273543,14.75148095,6.367962752,91.7625766,chickpea,Laterite Soil
88.47164379,14.4121819,43.01041408,24.99683718,81.23779721,6.32179966,51.18642593,watermelon,Peaty Soil
23.66776371,22.38858412,26.39955411,34.67959331,51.53092494,5.160013445,96.00686787,mango,Peaty Soil
79.54760391,43.13518077,37.28948812,24.88735226,83.20236295,6.59911914,294.3311353,rice,Black Soil
18.57262564,123.0939155,198.3634026,34.75279893,80.5184315,6.180037616,66.93210832,grapes,Sandy Soil
72.31036341,60.97797106,26.06939203,18.63044019,69.34642426,5.765168572,89.94891776,maize,Allvial Soil
16.35604361,27.64335899,29.45451562,33.8449197,46.5680858,4.493500374,91.69069611,mango,Black Soil
71.20434692,50.25658531,19.11098767,25.10093315,56.47373966,5.772954155,77.58931864,maize,Peaty Soil
85,27,45,26.0713757,88.7285657,6.467095849,57.79652846,watermelon,Clay Soil
96.11161778,86.06249707,53.18957043,29.70764264,77.28029253,6.251660631,90.85933748,banana,Red Soil
34.59532504,48.74209619,46.52332382,41.12218405,90.96539697,6.828212543,181.0569644,papaya,Black Soil
117.2210217,29.74329228,30.0651789,26.77440152,63.59417653,6.531548757,162.7516636,coffee,Loamy Soil
26,11,11,13.70319166,90.95589386,7.609348255,106.2944879,orange,Peaty Soil
51.1751787,63.81404855,25.77517051,28.72009401,63.78077432,6.720876993,69.11451499,blackgram,Black Soil
27.6157683,65.78796401,24.15929437,21.59199583,24.60870335,6.002524115,120.2806064,kidneybeans,Laterite Soil
129.3719558,42.19057584,16.62129733,25.76660448,78.695805,6.724112221,79.63697142,cotton,Allvial Soil
90.34132756,21.16674244,49.90497824,24.19780686,80.47294023,6.775160508,48.81382725,watermelon,Laterite Soil
38.20237612,136.4992577,204.3681705,25.17791221,82.27263556,6.289870369,73.41078236,grapes,Loamy Soil
7.649897211,49.34304931,24.04076326,28.56959421,83.93477352,6.764061706,47.28796462,mungbean,Peaty Soil
111.1736983,7.074418536,46.42185971,26.61011255,85.48456246,6.156672176,46.0899738,watermelon,Sandy Soil
103.7885101,49.66911889,18.8488094,22.90090342,84.51733407,7.05633642,90.74688196,cotton,Red Soil
117,86,53,25.19640218,83.55829874,5.703381728,115.8586081,banana,Red Soil
116.0551858,23.74604743,52.45438898,29.01425444,92.06072739,6.27192491,25.69898706,muskmelon,Laterite Soil
6.256159919,19.71450254,39.43552679,24.21377603,93.58081269,6.539539387,105.9405058,pomegranate,Allvial Soil
26,15,6,17.22034507,94.78797376,6.912033409,108.0054343,orange,Laterite Soil
108.1654756,21.50735046,24.57878227,24.9964817,67.56332168,7.04678941,196.2502292,coffee,Red Soil
9.396494861,54.99175935,18.19081486,26.11661843,66.94646996,6.252309584,45.92858519,lentil,Allvial Soil
14.14355952,13.22503485,8.065492752,9.900502056,91.12108675,6.199098098,122.4648122,orange,Allvial Soil
65,63,50,31.88342554,91.3256535,6.524459342,79.27201575,papaya,Loamy Soil
118.6643592,45.4827162,14.47710768,22.16810452,82.90402942,7.097366585,62.06169431,cotton,Sandy Soil
121.2295179,8.143039975,45.8734313,24.17065979,82.85116928,6.682124783,52.67339998,watermelon,Laterite Soil
10.86314022,38.78724401,26.37447787,34.59314316,50.12410542,5.494178922,101.9806312,mango,Loamy Soil
100.3048786,91.94062678,44.74101328,28.43777974,81.67960899,5.752464425,96.96590744,banana,Peaty Soil
58.94630311,61.99947601,46.48046706,43.40161076,93.48011532,6.956282599,113.7560421,papaya,Allvial Soil
28,69,16,29.77013109,66.29327012,6.547361618,35.69674138,lentil,Peaty Soil
37.16691267,13.96464746,27.46739968,33.84905076,49.09293317,6.812395532,92.69954699,mango,Sandy Soil
120,16,51,27.99901833,91.64193051,6.547041903,23.28618248,muskmelon,Sandy Soil
21.63321109,27.54392965,26.40672193,27.47222045,45.85054177,4.916563136,91.21872423,mango,Black Soil
86.09552237,25.02048244,48.17413731,27.33981749,89.96619558,6.39594938,20.93313795,muskmelon,Sandy Soil
0,7.360389583,35.4143385,26.82122048,95.67858943,6.25276449,151.3702017,coconut,Peaty Soil
52.58152779,51.47447105,50.79835226,38.55980328,93.63942465,6.986084844,208.1821331,papaya,Allvial Soil
58,70,84,20.6543203,16.60820843,6.231049028,74.6631118,chickpea,Laterite Soil
80.10582319,44.18316582,42.75536762,25.73370519,78.2261987,7.174097748,184.5328726,jute,Sandy Soil
42.10661126,58.25643103,23.35544798,27.29022303,62.06415786,6.540225881,70.73941372,blackgram,Allvial Soil
5.585692568,57.11859696,19.32712732,18.54399615,23.99942351,5.698095159,77.32356603,kidneybeans,Clay Soil
32.40307605,58.22075002,17.86937644,27.93802524,88.46145759,6.78553736,57.29334602,mungbean,Red Soil
36,58,25,28.66024187,59.3189118,8.399135958,36.92629678,mothbeans,Laterite Soil
88.99268881,16.75024284,50.96304178,30.02711346,89.5623835,6.600309428,25.35658487,muskmelon,Red Soil
111,87,48,26.3985515,81.36028902,5.571401169,98.16752001,banana,Sandy Soil
0.778861701,135.8993973,205,22.95107139,93.22869668,5.619582597,112.4724229,apple,Red Soil
28.48858992,61.65141439,20.90082005,33.11594315,67.11628696,5.313432649,108.7449548,pigeonpeas,Black Soil
31.53663016,119.6652231,205,10.51148275,83.36777124,6.12615491,70.19736021,grapes,Clay Soil
80.5448021,75.9952958,47.1455665,29.14635037,82.05834322,5.927689326,95.95578953,banana,Allvial Soil
83.02391363,27.29400257,46.34119451,28.52405756,93.11957077,6.554895905,23.72342606,muskmelon,Black Soil
26.2423984,76.1189311,24.7898907,15.35426332,25.19991422,5.575917176,135.6001558,kidneybeans,Sandy Soil
72.07775638,36.4691503,23.98035117,22.21633099,58.95935678,5.820528157,68.10741636,maize,Black Soil
93.2009389,22.59949612,50.70752572,29.26883972,91.50702069,6.795242981,22.03158716,muskmelon,Loamy Soil
82.7420831,39.45546532,42.64807146,25.0633816,88.56119462,7.216131489,169.5177536,jute,Loamy Soil
104.3537362,76.79560091,51.16556868,28.99193936,76.00145759,5.811001405,101.9263067,banana,Allvial Soil
27.36943083,41.80797711,23.16216399,31.59249564,62.92358391,8.892297632,66.85565788,mothbeans,Peaty Soil
35.46859343,54.85584996,20.01002896,31.10315769,43.69307345,7.299816012,68.13650175,mothbeans,Peaty Soil
110.6110501,28.14447694,49.44106486,24.29133885,87.77903391,6.517553114,53.42689137,watermelon,Red Soil
9.297486842,14.89185125,34.74248253,29.12670001,97.69334827,5.481098323,213.2062585,coconut,Laterite Soil
73.89806105,56.8350047,19.57658369,20.02040073,56.08340734,6.719710256,109.9061577,maize,Red Soil
0.385556006,76.471607,16.21106357,24.31864881,47.02782984,6.648028601,179.0154172,pigeonpeas,Loamy Soil
40,78,20,19.18572809,20.83398341,5.669236258,80.15293435,kidneybeans,Peaty Soil
61.22430323,40.14622212,19.65297529,23.15108849,71.6930882,5.776022491,65.82484176,maize,Clay Soil
25.9620885,61.61226871,74.30614422,18.28705573,14.30435825,6.554023466,66.73546854,chickpea,Laterite Soil
8.402439092,80.19359915,18.69976011,25.00580632,65.85374679,6.404639371,37.61848096,lentil,Peaty Soil
27.12214925,34.96498221,28.37468108,31.77822775,51.2148482,6.091660494,98.38000079,mango,Red Soil
6.000299146,30.54929832,39.22475952,22.72283351,90.77512106,6.395876081,106.8338532,pomegranate,Red Soil
76,44,45,25.4879684,84.48235878,6.740947635,168.7848886,jute,Red Soil
22.0540327,7.025929089,34.35941225,28.49823756,96.39452065,5.652492103,204.0094448,coconut,Peaty Soil
76.67431652,41.23209395,37.11738181,21.86445367,79.90393087,7.045565813,211.9078878,rice,Black Soil
39.68650069,30.32200369,39.82931956,19.96361051,86.93976285,6.976826503,105.7571884,pomegranate,Sandy Soil
76,47,42,20.08369642,83.29114712,5.739175027,263.6372176,rice,Black Soil
98,43,35,25.40785911,76.44048625,7.319952206,188.6372826,jute,Laterite Soil
53.8604963,60.53648766,76.1673141,19.01847776,14.65600674,6.177868772,80.68563145,chickpea,Peaty Soil
28.8091184,139.5195255,196.8694358,22.71868774,91.06365734,5.864024698,123.463938,apple,Peaty Soil
3.194043993,141.7131974,196.1889372,21.98045111,91.52445845,6.168098219,113.263835,apple,Allvial Soil
80.88663455,47.49685291,21.96615166,18.1292722,60.50842121,5.522745744,103.9824818,maize,Allvial Soil
60.5854536,54.71565765,35.26092311,26.255897,80.56054315,7.149820345,152.1876488,jute,Laterite Soil
4.613956648,77.38472595,24.94604485,24.73059714,22.94841776,5.610941014,62.0609187,kidneybeans,Allvial Soil
36.96130515,126.3584549,205,25.36843571,80.63646407,5.69128244,68.82278248,grapes,Allvial Soil
113.478184,29.30574533,51.30122983,26.05902379,84.28907687,6.252819021,44.42768095,watermelon,Sandy Soil
0,74,17,23.33375853,64.50515776,7.240988401,47.01510708,lentil,Laterite Soil
97.27479738,10.00197698,51.44801812,24.91302648,85.9905363,6.225859612,49.8889789,watermelon,Allvial Soil
38.91253451,60.46944378,15.04302181,34.84767766,28.68034254,5.010338881,114.8698015,pigeonpeas,Peaty Soil
16.66388875,77.1160598,20.61930933,25.09902799,66.56189079,7.363726625,50.87471568,lentil,Sandy Soil
109.6474317,49.80419873,14.32585113,25.01286685,80.56655095,7.855538948,85.45189158,cotton,Loamy Soil
23.11083914,43.64963983,23.98353232,25.55715694,52.96582758,4.541779996,44.21717362,mothbeans,Black Soil
20.86157655,128.0435576,199.4755273,23.53189146,92.45680654,5.628747109,117.1210404,apple,Black Soil
85,95,47,25.94019018,78.3422098,6.211833161,119.84797,banana,Black Soil
29.20274522,21.58199361,39.05590184,23.68520368,89.93752695,6.151409654,109.3961182,pomegranate,Clay Soil
22.19121475,14.08396379,27.25637444,29.31023745,90.25092578,6.029706703,192.8734492,coconut,Loamy Soil
33,23,45,20.00218987,85.83618191,7.116538883,112.337046,pomegranate,Red Soil
21.04157692,16.33883059,27.70102051,29.54314208,90.55177329,6.007137903,187.2127409,coconut,Loamy Soil
72,60,25,18.52510753,69.0276233,5.773454729,88.10234397,maize,Allvial Soil
20.60247939,72.38503084,14.62042568,35.92343879,56.02605602,7.336110202,135.4032896,pigeonpeas,Red Soil
108.2625418,43.98930838,26.26378997,23.18739784,83.84255766,7.177384786,70.23973758,cotton,Laterite Soil
28.43948402,58.49880067,21.40307025,30.84137639,52.33528624,7.047621651,167.7753532,pigeonpeas,Peaty Soil
112.1089713,19.02104062,28.17211192,25.65991583,62.75305119,7.287879368,192.329411,coffee,Clay Soil
80.85969452,22.46984084,44.78685205,26.24389101,85.9845849,6.503536275,56.79563371,watermelon,Sandy Soil
110,78,50,25.93730186,78.89864446,5.915568968,98.21747528,banana,Loamy Soil
56.31179316,57.30967939,76.31988712,17.06404747,17.61291682,7.832150814,87.08378748,chickpea,Clay Soil
39.51946663,63.71580597,55.9915051,22.95615206,91.30233247,6.589897782,205.580656,papaya,Peaty Soil
59.29911321,34.3025545,42.51575017,23.52633256,82.76810757,5.285407089,220.3836836,rice,Clay Soil
35,142,203,21.17089176,90.23730166,5.895319002,123.6495149,apple,Allvial Soil
95.33350168,13.07892807,47.67984702,26.16873776,81.29886859,6.358486167,56.90786027,watermelon,Black Soil
10.27778357,9.36176579,44.07207074,22.79482205,88.47161845,6.38212591,108.5602917,pomegranate,Red Soil
43,61,20,26.87187036,61.61367264,6.804253866,63.51822045,blackgram,Peaty Soil
25.71664936,26.70602205,13.46573757,27.9452892,92.56171205,6.081097984,113.6031159,orange,Loamy Soil
28.40923004,121.7141239,193.2880584,41.88301567,81.43307478,5.669922508,74.5716817,grapes,Peaty Soil
51.55033994,65.30962176,76.18183905,20.29992985,16.74665052,8.704804665,76.12657658,chickpea,Black Soil
62.1020165,54.0779419,40.77043834,24.89024446,83.81193508,6.831001686,207.4375715,rice,Laterite Soil
18.72985066,120.8250293,196.8259229,18.8660476,80.96573614,5.917381878,74.38337514,grapes,Allvial Soil
28.6277819,72.83330514,81.44539807,19.29867218,16.58128432,7.324677792,84.85411134,chickpea,Black Soil
24.6227269,38.7357517,22.70741801,29.42667015,86.93605717,6.647047822,36.42263584,mungbean,Laterite Soil
28.52083333,71.37873377,22.06627017,25.26090115,58.9467438,7.429916554,38.22885093,lentil,Red Soil
13.37150184,71.73914398,20.82453147,19.34213673,24.88520681,5.985372123,112.8277169,kidneybeans,Laterite Soil
38.70090351,79.33402612,14.48124805,21.39469017,61.45758506,5.924648539,37.73255958,lentil,Laterite Soil
15.76983277,55.47855851,17.66756394,19.56866267,47.45558039,6.415377738,194.9858817,pigeonpeas,Laterite Soil
60.79379615,46.32124885,55.06329869,24.42110591,93.66416192,6.775605443,181.2982376,papaya,Loamy Soil
39.45396577,19.92749842,14.48714124,21.34912156,91.24644079,7.872932809,106.1742283,orange,Clay Soil
40.90745436,68.84655556,18.75411622,29.72663924,67.10113513,7.470314465,67.08980346,blackgram,Sandy Soil
9,137,200,21.12152071,90.6878768,5.636687393,102.8017203,apple,Black Soil
40,132,202,24.57558351,80.70695797,5.971813006,69.706113,grapes,Red Soil
89.47883155,56.57800521,24.34911946,18.96891004,73.82329178,6.166054431,82.79513386,maize,Red Soil
19,26,29,26.93141945,98.80313612,5.67154928,166.5712879,coconut,Red Soil
108.9122799,89.31162442,50.92543899,29.6007744,84.3612271,6.032537638,112.7257318,banana,Sandy Soil
55.83726182,63.29517434,48.82594618,28.1714274,91.06436939,6.745946181,150.2027851,papaya,Laterite Soil
5.379426375,138.6161513,205,17.64779516,83.68661475,6.319896652,69.71718944,grapes,Laterite Soil
92,60,23,18.66746724,71.516474,5.721667141,69.93293255,maize,Loamy Soil
12.52116455,132.1138782,197.2835202,33.49242836,84.50890976,5.602639935,67.29199909,grapes,Laterite Soil
118.5984011,24.27569432,51.93714148,26.29216425,81.55323179,6.309095507,52.73314512,watermelon,Sandy Soil
62,56,35,25.97825807,81.65769588,6.235357638,163.3488091,jute,Peaty Soil
116.8055634,32.01113586,31.04898198,24.29960433,67.8239972,6.835392555,123.9623067,coffee,Loamy Soil
39.89575904,72.01954455,79.07919785,17.11734988,17.45779483,7.510768639,88.08153127,chickpea,Black Soil
26.70421403,120.8302644,200.6360494,21.59070418,91.64316497,6.134745923,116.6598201,apple,Peaty Soil
3.97524519,72.7047416,18.76335743,26.39150873,61.39804284,7.880660661,52.14520083,lentil,Laterite Soil
3.10974749,135.9412206,205,17.53125366,80.12995977,6.341358426,74.99655736,grapes,Allvial Soil
23.19332905,37.33590024,19.21120576,27.7194491,87.3916125,6.584299988,40.69172642,mungbean,Sandy Soil
8.60576861,57.69696163,17.01740857,28.38460041,69.80704442,7.285566504,35.93052244,lentil,Allvial Soil
0,36,26,34.13072188,51.25786185,5.101206389,96.38808001,mango,Black Soil
35.58351529,63.90181544,79.7717733,17.84778444,14.38438188,7.503274141,82.76843102,chickpea,Loamy Soil
21.70689,79.24403267,18.57088201,19.73812673,68.27039337,6.635266601,44.46433002,lentil,Loamy Soil
24.4244325,15.85464575,7.718817303,17.25168322,96.98587738,6.904508961,108.8410987,orange,Laterite Soil
35.40135378,24.43645672,12.08416827,31.61666065,90.47155866,6.396404136,114.4232002,orange,Sandy Soil
10.45356572,74.21551146,15.93722054,21.44246425,69.08434714,6.649284547,48.1520652,lentil,Red Soil
42,58,25,27.45853567,62.90020977,6.513620918,69.46020927,blackgram,Allvial Soil
18,23,8,21.49118657,93.43949693,6.41354791,101.4819888,orange,Loamy Soil
39.71158882,63.18220119,47.91955427,32.52010786,92.65788526,6.918122811,72.76623642,papaya,Loamy Soil
6.996241882,14.31379035,29.62624478,28.69803693,96.48063515,5.494204158,213.4471029,coconut,Laterite Soil
106.6645036,52.47621527,24.27994867,24.76492687,78.57152693,6.020776683,80.10270886,cotton,Red Soil
29,78,25,19.95991719,59.33157782,5.982854523,195.787103,pigeonpeas,Clay Soil
34.78881043,60.73808997,16.76637081,31.11974347,64.20078232,7.308550847,62.44745672,blackgram,Laterite Soil
76.61604598,50.5195041,18.43618751,25.9481811,72.96663212,6.227243454,79.66167165,maize,Black Soil
119.163487,18.65912542,51.95603618,27.90212641,90.70384071,6.572567243,22.36767981,muskmelon,Red Soil
67.38221749,55.41779093,37.88941036,22.769145,82.72965326,5.715451886,271.2899282,rice,Laterite Soil
32,78,22,23.97081395,62.35557553,7.007037515,53.40906048,lentil,Sandy Soil
88.44647117,47.33063,38.74884207,25.78495182,71.8530865,6.001046706,152.0102541,jute,Black Soil
